RA,Fase,Turma,Nome,Ano_Nascimento,Idade,Genero,Ano_Ingresso,Instituicao_Ensino,Ano_Referencia,Pedra_20,Pedra_21,Pedra_22,INDE_22,Num_Av,Avaliador1,Avaliador2,Avaliador3,IAA,IEG,IPS,IDA,Mat,Por,Ing,Atingiu_PV,IPV,IAN,Fase_Ideal,Defasagem,Pedra_23,Pedra_23_1,IPP,Pedra_24,Pedra
RA-1,Fase 7,A,Aluno-1,2003,19,F,2016,Publica,2022,Ametista,Ametista,Quartzo,5.783,4.0,Avaliador-5,Avaliador-27,Avaliador-28,8.3,4.1,5.6,4.0,2.7,3.5,6.0,Não,7.278,5.0,Fase 8,-1,,,,,
RA-2,Fase 7,A,Aluno-2,2005,17,F,2017,Privada,2022,Ametista,Ametista,Ametista,7.055,4.0,Avaliador-5,Avaliador-27,Avaliador-28,8.8,5.2,6.3,6.8,6.3,4.5,9.7,Não,6.778,10.0,Fase 7,0,,,,,
RA-3,Fase 7,A,Aluno-3,2005,17,F,2016,Privada,2022,Ametista,Ametista,Agata,6.591,4.0,Avaliador-5,Avaliador-27,Avaliador-28,0.0,7.9,5.6,5.6,5.8,4.0,6.9,Não,7.556,10.0,Fase 7,0,,,,,
RA-4,Fase 7,A,Aluno-4,2005,17,M,2017,Privada,2022,Ametista,Ametista,Quartzo,5.951,4.0,Avaliador-5,Avaliador-27,Avaliador-28,8.8,4.5,5.6,5.0,2.8,3.5,8.7,Não,5.278,10.0,Fase 7,0,,,,,
RA-5,Fase 7,A,Aluno-5,2005,17,F,2016,Privada,2022,Ametista,Ametista,Ametista,7.427,4.0,Avaliador-5,Avaliador-27,Avaliador-28,7.9,8.6,5.6,5.2,7.0,2.9,5.7,Não,7.389,10.0,Fase 7,0,,,,,
RA-6,Fase 7,A,Aluno-6,2004,18,F,2021,Publica,2022,,Agata,Quartzo,5.848,4.0,Avaliador-5,Avaliador-27,Avaliador-28,7.9,4.5,7.5,3.3,2.3,5.3,2.3,Não,7.222,5.0,Fase 8,-1,,,,,
RA-7,Fase 7,A,Aluno-7,2004,18,M,2017,Privada,2022,Ametista,Ametista,Agata,6.818,4.0,Avaliador-5,Avaliador-27,Avaliador-28,0.0,8.4,7.5,7.6,8.2,5.7,9.0,Não,7.667,5.0,Fase 8,-1,,,,,
RA-8,Fase 7,A,Aluno-8,2002,20,F,2018,Publica,2022,Quartzo,Agata,Quartzo,4.786,4.0,Avaliador-5,Avaliador-27,Avaliador-28,7.1,4.6,6.3,1.6,1.2,0.7,2.9,Não,6.278,5.0,Fase 8,-1,,,,,
RA-9,Fase 7,A,Aluno-9,2004,18,F,2019,Publica,2022,Ametista,Ametista,Topazio,8.109,4.0,Avaliador-5,Avaliador-27,Avaliador-28,8.8,9.5,7.5,6.7,5.5,6.0,8.7,Sim,9.5,5.0,Fase 8,-1,,,,,
RA-10,Fase 7,A,Aluno-10,2004,18,F,2021,Publica,2022,,Agata,Quartzo,5.784,4.0,Avaliador-5,Avaliador-27,Avaliador-28,8.3,5.2,5.0,4.1,3.3,2.6,6.4,Não,7.056,5.0,Fase 8,-1,,,,,
RA-11,Fase 7,A,Aluno-11,2004,18,F,2016,Publica,2022,Quartzo,Agata,Quartzo,5.323,4.0,Avaliador-5,Avaliador-27,Avaliador-28,9.2,4.2,5.0,3.0,1.8,2.5,4.5,Não,6.389,5.0,Fase 8,-1,,,,,
RA-12,Fase 7,A,Aluno-12,2005,17,F,2020,Publica,2022,Agata,Agata,Quartzo,4.832,4.0,Avaliador-5,Avaliador-27,Avaliador-28,0.0,4.0,6.9,1.5,2.7,1.1,0.7,Não,6.389,10.0,Fase 7,0,,,,,
RA-13,Fase 7,A,Aluno-13,2004,18,M,2016,Publica,2022,Ametista,Ametista,Agata,6.902,4.0,Avaliador-5,Avaliador-27,Avaliador-28,7.9,7.4,7.5,4.7,3.5,5.5,5.2,Não,8.056,5.0,Fase 8,-1,,,,,
RA-14,Fase 7,D,Aluno-14,2001,21,M,2022,Publica,2022,,,Agata,6.793,4.0,Avaliador-6,Avaliador-27,Avaliador-29,7.9,8.3,7.5,4.0,8.0,0.0,,Não,7.75,5.0,Fase 8,-1,,,,,
RA-15,Fase 7,D,Aluno-15,2004,18,M,2022,Publica,2022,,,Ametista,7.783,4.0,Avaliador-6,Avaliador-27,Avaliador-29,8.8,10.0,7.5,7.3,8.0,6.5,,Não,7.292,5.0,Fase 8,-1,,,,,
RA-16,Fase 7,D,Aluno-16,2003,19,M,2022,Publica,2022,,,Agata,6.112,4.0,Avaliador-6,Avaliador-27,Avaliador-29,7.9,8.3,5.0,3.5,7.0,0.0,,Não,6.333,5.0,Fase 8,-1,,,,,
RA-17,Fase 7,D,Aluno-17,2002,20,M,2022,Publica,2022,,,Topazio,8.068,4.0,Avaliador-6,Avaliador-27,Avaliador-29,8.8,10.0,7.5,7.8,9.0,6.5,,Não,8.292,5.0,Fase 8,-1,,,,,
RA-18,Fase 7,D,Aluno-18,2003,19,M,2022,Publica,2022,,,Ametista,7.226,4.0,Avaliador-6,Avaliador-27,Avaliador-29,6.3,8.7,6.3,9.0,9.0,9.0,,Não,6.875,5.0,Fase 8,-1,,,,,
RA-19,Fase 7,D,Aluno-19,2003,19,F,2022,Publica,2022,,,Ametista,7.665,4.0,Avaliador-6,Avaliador-27,Avaliador-29,7.9,9.5,7.5,8.0,7.0,9.0,,Não,7.0,5.0,Fase 8,-1,,,,,
RA-20,Fase 7,D,Aluno-20,2003,19,F,2022,Publica,2022,,,Ametista,7.535,4.0,Avaliador-6,Avaliador-27,Avaliador-29,7.1,10.0,6.3,7.8,9.0,6.5,,Não,7.167,5.0,Fase 8,-1,,,,,
RA-21,Fase 7,D,Aluno-21,2004,18,M,2022,Publica,2022,,,Agata,6.945,4.0,Avaliador-6,Avaliador-27,Avaliador-29,9.6,9.2,7.5,3.8,7.0,0.5,,Não,7.25,5.0,Fase 8,-1,,,,,
RA-22,Fase 6,A,Aluno-22,2005,17,F,2019,Privada,2022,Ametista,Agata,Ametista,7.474,4.0,Avaliador-5,Avaliador-27,Avaliador-28,8.3,7.4,8.1,6.7,9.0,3.1,7.8,Sim,8.833,5.0,Fase 7,-1,,,,,
RA-23,Fase 6,A,Aluno-23,2005,17,M,2021,Publica,2022,,Ametista,Ametista,7.677,4.0,Avaliador-5,Avaliador-27,Avaliador-28,8.3,8.2,8.1,6.7,7.2,4.7,8.2,Sim,8.556,5.0,Fase 7,-1,,,,,
RA-24,Fase 6,A,Aluno-24,2005,17,F,2021,Privada,2022,,Topazio,Topazio,8.087,4.0,Avaliador-5,Avaliador-27,Avaliador-28,9.2,7.9,6.9,8.6,10.0,6.3,9.7,Sim,9.111,5.0,Fase 7,-1,,,,,
RA-25,Fase 6,A,Aluno-25,2005,17,F,2021,Publica,2022,,Topazio,Ametista,7.979,4.0,Avaliador-5,Avaliador-27,Avaliador-28,8.3,8.3,8.8,6.9,9.2,3.8,7.7,Sim,9.667,5.0,Fase 7,-1,,,,,
RA-26,Fase 6,A,Aluno-26,2005,17,M,2022,Publica,2022,,,Topazio,8.677,4.0,Avaliador-5,Avaliador-27,Avaliador-28,9.6,8.8,10.0,8.0,9.5,4.4,10.0,Sim,10.0,5.0,Fase 7,-1,,,,,
RA-27,Fase 6,A,Aluno-27,2005,17,M,2016,Privada,2022,Topazio,Ametista,Ametista,7.124,4.0,Avaliador-5,Avaliador-27,Avaliador-28,0.0,7.6,8.1,8.0,7.7,6.3,10.0,Sim,9.111,5.0,Fase 7,-1,,,,,
RA-28,Fase 6,A,Aluno-28,2005,17,F,2019,Publica,2022,Ametista,Ametista,Agata,6.242,4.0,Avaliador-5,Avaliador-27,Avaliador-28,7.9,6.1,7.5,5.0,8.2,1.5,5.3,Não,6.333,5.0,Fase 7,-1,,,,,
RA-29,Fase 6,A,Aluno-29,2005,17,M,2022,Publica,2022,,,Quartzo,4.985,4.0,Avaliador-5,Avaliador-27,Avaliador-28,0.0,4.0,8.8,3.7,6.3,1.1,3.8,Não,7.611,5.0,Fase 7,-1,,,,,
RA-30,Fase 6,A,Aluno-30,2006,16,F,2021,Publica,2022,,Ametista,Ametista,7.605,4.0,Avaliador-5,Avaliador-27,Avaliador-28,8.8,6.4,7.5,7.5,8.5,4.4,9.7,Não,7.333,10.0,Fase 6,0,,,,,
RA-31,Fase 6,A,Aluno-31,2005,17,F,2019,Privada,2022,Topazio,Topazio,Topazio,8.843,4.0,Avaliador-5,Avaliador-27,Avaliador-28,10.0,9.5,9.4,8.0,9.0,5.7,9.3,Sim,10.0,5.0,Fase 7,-1,,,,,
RA-32,Fase 6,A,Aluno-32,2006,16,F,2018,Privada,2022,Ametista,Ametista,Ametista,7.37,4.0,Avaliador-5,Avaliador-27,Avaliador-28,8.8,5.2,8.8,6.1,5.7,3.6,8.9,Não,7.944,10.0,Fase 6,0,,,,,
RA-33,Fase 6,A,Aluno-33,2005,17,F,2020,Publica,2022,Agata,Ametista,Quartzo,4.952,4.0,Avaliador-5,Avaliador-27,Avaliador-28,0.0,4.6,7.5,4.8,9.0,1.6,3.7,Não,6.0,5.0,Fase 7,-1,,,,,
RA-34,Fase 6,A,Aluno-34,2005,17,M,2016,Privada,2022,Ametista,Ametista,Agata,6.259,4.0,Avaliador-5,Avaliador-27,Avaliador-28,9.6,4.8,8.1,3.8,4.7,4.0,2.8,Não,7.278,5.0,Fase 7,-1,,,,,
RA-35,Fase 6,A,Aluno-35,2005,17,F,2019,Privada,2022,Ametista,Topazio,Topazio,8.965,4.0,Avaliador-5,Avaliador-27,Avaliador-28,10.0,9.6,9.4,8.5,9.0,7.1,9.3,Sim,10.0,5.0,Fase 7,-1,,,,,
RA-36,Fase 6,A,Aluno-36,2005,17,F,2019,Privada,2022,Topazio,Ametista,Ametista,7.876,4.0,Avaliador-5,Avaliador-27,Avaliador-28,9.2,9.0,6.9,6.8,8.5,4.3,7.8,Sim,8.944,5.0,Fase 7,-1,,,,,
RA-37,Fase 6,A,Aluno-37,2005,17,F,2019,Privada,2022,Ametista,Agata,Quartzo,4.95,4.0,Avaliador-5,Avaliador-27,Avaliador-28,0.0,5.4,5.0,5.9,2.3,5.3,10.0,Não,5.222,5.0,Fase 7,-1,,,,,
RA-38,Fase 6,A,Aluno-38,2005,17,F,2017,Privada,2022,Ametista,Ametista,Topazio,8.523,4.0,Avaliador-5,Avaliador-27,Avaliador-28,9.2,8.9,7.5,8.6,9.0,7.0,9.7,Sim,9.833,5.0,Fase 7,-1,,,,,
RA-39,Fase 6,A,Aluno-39,2006,16,F,2017,Privada,2022,Ametista,Ametista,Agata,6.033,4.0,Avaliador-5,Avaliador-27,Avaliador-28,0.0,4.8,6.9,6.9,7.7,5.1,7.8,Não,6.111,10.0,Fase 6,0,,,,,
RA-40,Fase 5,A,Aluno-40,2006,16,F,2016,Privada,2022,Ametista,Agata,Ametista,7.203,3.0,Avaliador-5,Avaliador-27,Avaliador-24,7.9,7.8,7.5,6.8,4.7,7.3,8.4,Não,7.75,5.0,Fase 6,-1,,,,,
RA-41,Fase 5,A,Aluno-41,2005,17,M,2018,Publica,2022,Agata,Agata,Quartzo,5.581,3.0,Avaliador-5,Avaliador-27,Avaliador-24,9.2,6.1,5.0,5.6,6.3,2.5,8.0,Não,4.375,5.0,Fase 7,-2,,,,,
RA-42,Fase 5,A,Aluno-42,2007,15,M,2019,Privada,2022,Topazio,Ametista,Agata,6.72,3.0,Avaliador-5,Avaliador-27,Avaliador-24,8.3,7.9,5.6,4.8,3.7,4.5,6.2,Não,6.083,10.0,Fase 5,0,,,,,
RA-43,Fase 5,A,Aluno-43,2006,16,F,2019,Publica,2022,Ametista,Agata,Quartzo,5.486,3.0,Avaliador-5,Avaliador-27,Avaliador-24,6.3,6.5,5.6,4.3,4.0,5.8,3.2,Não,5.958,5.0,Fase 6,-1,,,,,
RA-44,Fase 5,A,Aluno-44,2005,17,F,2021,Publica,2022,,Ametista,Quartzo,5.542,3.0,Avaliador-5,Avaliador-27,Avaliador-24,5.0,5.9,7.5,3.0,2.3,3.5,3.2,Não,7.292,5.0,Fase 7,-2,,,,,
RA-45,Fase 5,A,Aluno-45,2007,15,F,2019,Privada,2022,Ametista,Topazio,Ametista,7.591,3.0,Avaliador-5,Avaliador-27,Avaliador-24,7.9,8.9,5.6,6.8,6.3,5.2,8.8,Não,7.417,10.0,Fase 5,0,,,,,
RA-46,Fase 5,A,Aluno-46,2005,17,F,2022,Publica,2022,,,Agata,6.048,3.0,Avaliador-5,Avaliador-27,Avaliador-24,8.8,8.4,6.3,2.1,2.8,2.8,0.7,Não,7.083,5.0,Fase 7,-2,,,,,
RA-47,Fase 5,A,Aluno-47,2005,17,F,2022,Publica,2022,,,Quartzo,5.677,3.0,Avaliador-5,Avaliador-27,Avaliador-24,7.9,6.3,7.5,2.1,2.5,2.2,1.5,Não,7.042,5.0,Fase 7,-2,,,,,
RA-48,Fase 5,A,Aluno-48,2007,15,F,2017,Privada,2022,Ametista,Ametista,Ametista,8.006,3.0,Avaliador-5,Avaliador-27,Avaliador-24,6.7,8.4,7.5,8.1,6.7,8.0,9.5,Sim,8.5,10.0,Fase 5,0,,,,,
RA-49,Fase 5,A,Aluno-49,2005,17,F,2022,Publica,2022,,,Agata,6.304,3.0,Avaliador-5,Avaliador-27,Avaliador-24,7.5,7.4,7.5,3.9,1.5,4.2,6.2,Não,7.042,5.0,Fase 7,-2,,,,,
RA-50,Fase 5,A,Aluno-50,2004,18,F,2022,Publica,2022,,,Ametista,7.138,3.0,Avaliador-5,Avaliador-27,Avaliador-24,7.5,8.4,7.5,7.8,6.5,7.3,9.7,Não,7.542,2.5,Fase 8,-3,,,,,
RA-51,Fase 5,B,Aluno-51,2005,17,F,2022,Publica,2022,,,Agata,6.488,3.0,Avaliador-5,Avaliador-27,Avaliador-24,8.8,7.6,7.5,5.0,4.5,4.5,6.0,Não,6.5,5.0,Fase 7,-2,,,,,
RA-52,Fase 5,B,Aluno-52,2009,13,M,2018,Privada,2022,Topazio,Ametista,Ametista,7.861,3.0,Avaliador-5,Avaliador-27,Avaliador-24,9.6,8.9,7.5,6.2,3.3,6.3,8.8,Não,7.5,10.0,Fase 3,2,,,,,
RA-53,Fase 5,B,Aluno-53,2005,17,M,2022,Publica,2022,,,Agata,6.725,3.0,Avaliador-5,Avaliador-27,Avaliador-24,9.2,7.0,7.5,7.0,6.0,8.0,,Não,6.458,5.0,Fase 7,-2,,,,,
RA-54,Fase 5,B,Aluno-54,2006,16,F,2022,Publica,2022,,,Agata,6.058,3.0,Avaliador-5,Avaliador-27,Avaliador-24,7.9,6.9,7.5,4.8,3.0,6.5,,Não,6.125,5.0,Fase 6,-1,,,,,
RA-55,Fase 5,B,Aluno-55,2006,16,F,2017,Publica,2022,Ametista,Ametista,Agata,6.576,3.0,Avaliador-5,Avaliador-27,Avaliador-24,7.1,7.6,5.6,7.5,6.7,7.8,7.9,Não,6.5,5.0,Fase 6,-1,,,,,
RA-56,Fase 5,B,Aluno-56,2007,15,F,2019,Privada,2022,Topazio,Topazio,Topazio,8.404,3.0,Avaliador-5,Avaliador-27,Avaliador-24,10.0,10.0,7.5,7.0,4.5,6.5,10.0,Não,8.25,10.0,Fase 5,0,,,,,
RA-57,Fase 5,B,Aluno-57,2006,16,M,2017,Privada,2022,Ametista,Ametista,Ametista,7.305,3.0,Avaliador-5,Avaliador-27,Avaliador-24,7.1,8.1,5.6,8.4,9.0,7.0,9.3,Não,7.875,5.0,Fase 6,-1,,,,,
RA-58,Fase 5,B,Aluno-58,2007,15,M,2017,Privada,2022,Topazio,Topazio,Topazio,8.136,3.0,Avaliador-5,Avaliador-27,Avaliador-24,9.6,9.2,6.3,7.2,4.5,8.0,9.0,Não,8.125,10.0,Fase 5,0,,,,,
RA-59,Fase 5,B,Aluno-59,2005,17,M,2022,Publica,2022,,,Ametista,7.642,3.0,Avaliador-5,Avaliador-27,Avaliador-24,9.2,9.3,7.5,7.2,7.0,5.7,8.8,Não,7.917,5.0,Fase 7,-2,,,,,
RA-60,Fase 5,B,Aluno-60,2004,18,F,2021,Publica,2022,,Quartzo,Quartzo,5.537,3.0,Avaliador-5,Avaliador-27,Avaliador-24,6.7,6.0,7.5,4.9,5.0,6.2,3.5,Não,6.167,2.5,Fase 8,-3,,,,,
RA-61,Fase 5,B,Aluno-61,2007,15,M,2021,Publica,2022,,Agata,Ametista,7.533,3.0,Avaliador-5,Avaliador-27,Avaliador-24,9.2,7.4,7.5,5.8,1.7,6.3,9.3,Não,7.875,10.0,Fase 5,0,,,,,
RA-62,Fase 5,B,Aluno-62,2005,17,M,2022,Publica,2022,,,Ametista,7.891,3.0,Avaliador-5,Avaliador-27,Avaliador-24,8.8,9.4,7.5,9.3,8.5,10.0,,Não,7.25,5.0,Fase 7,-2,,,,,
RA-63,Fase 5,B,Aluno-63,2006,16,M,2018,Privada,2022,Ametista,Ametista,Topazio,8.282,3.0,Avaliador-5,Avaliador-27,Avaliador-24,8.3,9.1,8.8,8.7,8.2,8.2,9.7,Sim,9.417,5.0,Fase 6,-1,,,,,
RA-64,Fase 5,B,Aluno-64,2006,16,M,2019,Publica,2022,Ametista,Topazio,Ametista,7.368,3.0,Avaliador-5,Avaliador-27,Avaliador-24,7.1,8.1,8.1,7.5,4.8,8.2,9.4,Não,8.25,5.0,Fase 6,-1,,,,,
RA-65,Fase 5,B,Aluno-65,2005,17,F,2022,Publica,2022,,,Ametista,7.712,3.0,Avaliador-5,Avaliador-27,Avaliador-24,8.3,7.7,7.5,9.3,9.0,9.5,9.5,Não,7.875,5.0,Fase 7,-2,,,,,
RA-66,Fase 5,B,Aluno-66,2005,17,F,2022,Publica,2022,,,Quartzo,5.665,3.0,Avaliador-5,Avaliador-27,Avaliador-24,7.5,5.6,7.5,4.5,3.0,6.0,,Não,5.917,5.0,Fase 7,-2,,,,,
RA-67,Fase 5,C,Aluno-67,2006,16,F,2019,Publica,2022,Agata,Agata,Quartzo,5.195,4.0,Avaliador-6,Avaliador-27,Avaliador-28,5.8,3.0,7.5,3.6,3.0,4.2,3.5,Não,6.889,5.0,Fase 6,-1,,,,,
RA-68,Fase 5,C,Aluno-68,2006,16,M,2019,Publica,2022,Ametista,Agata,Agata,6.438,4.0,Avaliador-6,Avaliador-27,Avaliador-28,8.3,6.0,7.5,4.0,4.7,4.8,2.7,Não,7.944,5.0,Fase 6,-1,,,,,
RA-69,Fase 5,C,Aluno-69,2006,16,M,2018,Publica,2022,Ametista,Ametista,Quartzo,5.718,4.0,Avaliador-6,Avaliador-27,Avaliador-28,8.3,6.1,7.5,2.5,4.7,2.6,0.3,Não,6.167,5.0,Fase 6,-1,,,,,
RA-70,Fase 5,C,Aluno-70,2006,16,F,2017,Publica,2022,Agata,Quartzo,Quartzo,5.712,4.0,Avaliador-6,Avaliador-27,Avaliador-28,8.8,6.6,5.0,2.9,5.7,2.9,0.2,Não,6.111,5.0,Fase 6,-1,,,,,
RA-71,Fase 5,C,Aluno-71,2005,17,F,2019,Publica,2022,Agata,Ametista,Quartzo,4.332,4.0,Avaliador-6,Avaliador-27,Avaliador-28,7.9,2.0,7.5,1.2,1.3,2.2,0.0,Não,5.833,5.0,Fase 7,-2,,,,,
RA-72,Fase 5,C,Aluno-72,2005,17,F,2022,Publica,2022,,,Ametista,7.64,4.0,Avaliador-6,Avaliador-27,Avaliador-28,8.3,7.5,7.5,7.8,7.5,7.8,8.0,Sim,8.667,5.0,Fase 7,-2,,,,,
RA-73,Fase 5,C,Aluno-73,2005,17,F,2022,Publica,2022,,,Quartzo,5.271,4.0,Avaliador-6,Avaliador-27,Avaliador-28,7.1,3.0,7.5,3.3,4.5,3.0,2.3,Não,7.278,5.0,Fase 7,-2,,,,,
RA-74,Fase 5,C,Aluno-74,2006,16,M,2022,Publica,2022,,,Quartzo,4.989,4.0,Avaliador-6,Avaliador-27,Avaliador-28,9.6,3.3,7.5,2.0,6.0,0.0,0.0,Não,5.833,5.0,Fase 6,-1,,,,,
RA-75,Fase 5,F,Aluno-75,2006,16,F,2022,Publica,2022,,,Quartzo,3.915,4.0,Avaliador-5,Avaliador-27,Avaliador-24,5.4,3.8,6.3,0.0,0.0,0.0,,Não,4.625,5.0,Fase 6,-1,,,,,
RA-76,Fase 5,F,Aluno-76,2007,15,F,2017,Privada,2022,Ametista,Topazio,Topazio,9.105,4.0,Avaliador-5,Avaliador-27,Avaliador-24,10.0,9.1,8.1,8.7,9.3,8.3,8.4,Sim,9.292,10.0,Fase 5,0,,,,,
RA-77,Fase 5,F,Aluno-77,2006,16,M,2019,Publica,2022,Quartzo,Quartzo,Quartzo,3.846,4.0,Avaliador-5,Avaliador-27,Avaliador-24,7.1,2.7,5.0,0.7,0.3,1.8,0.0,Não,4.625,5.0,Fase 6,-1,,,,,
RA-78,Fase 5,F,Aluno-78,2005,17,M,2018,Privada,2022,Ametista,Agata,Ametista,7.04,4.0,Avaliador-5,Avaliador-27,Avaliador-24,8.3,6.6,5.6,7.2,8.7,5.7,7.3,Não,8.0,5.0,Fase 7,-2,,,,,
RA-79,Fase 5,F,Aluno-79,2006,16,F,2018,Privada,2022,Ametista,Agata,Agata,6.847,4.0,Avaliador-5,Avaliador-27,Avaliador-24,5.4,6.3,5.6,8.9,9.5,7.7,9.5,Não,7.292,5.0,Fase 6,-1,,,,,
RA-80,Fase 5,K,Aluno-80,2006,16,F,2017,Privada,2022,Ametista,Topazio,Ametista,7.29,4.0,Avaliador-6,Avaliador-27,Avaliador-24,9.2,8.3,5.0,7.1,6.5,7.7,7.3,Não,7.625,5.0,Fase 6,-1,,,,,
RA-81,Fase 5,K,Aluno-81,2008,14,F,2017,Privada,2022,Ametista,Topazio,Ametista,7.675,4.0,Avaliador-6,Avaliador-27,Avaliador-24,9.2,9.2,5.0,6.0,5.5,5.2,7.3,Não,7.458,10.0,Fase 4,1,,,,,
RA-82,Fase 5,K,Aluno-82,2005,17,F,2022,Publica,2022,,,Agata,6.596,4.0,Avaliador-6,Avaliador-27,Avaliador-24,8.8,6.8,7.5,5.5,6.0,5.0,,Não,6.417,5.0,Fase 7,-2,,,,,
RA-83,Fase 5,K,Aluno-83,2005,17,F,2022,Publica,2022,,,Agata,6.671,4.0,Avaliador-6,Avaliador-27,Avaliador-24,7.9,6.8,7.5,6.8,6.0,7.5,,Não,5.958,5.0,Fase 7,-2,,,,,
RA-84,Fase 5,K,Aluno-84,2005,17,F,2018,Privada,2022,Ametista,Ametista,Agata,6.682,4.0,Avaliador-6,Avaliador-27,Avaliador-24,7.1,8.8,5.0,5.8,5.7,6.5,5.2,Não,6.75,5.0,Fase 7,-2,,,,,
RA-85,Fase 5,K,Aluno-85,2007,15,M,2022,Publica,2022,,,Agata,6.243,4.0,Avaliador-6,Avaliador-27,Avaliador-24,6.7,7.3,5.0,4.3,5.0,3.5,,Não,5.833,10.0,Fase 5,0,,,,,
RA-86,Fase 5,K,Aluno-86,2006,16,M,2016,Privada,2022,Topazio,Ametista,Ametista,7.566,4.0,Avaliador-6,Avaliador-27,Avaliador-24,7.5,9.6,5.6,6.7,6.2,7.2,6.9,Sim,8.458,5.0,Fase 6,-1,,,,,
RA-87,Fase 5,K,Aluno-87,2007,15,M,2021,Privada,2022,,Ametista,Topazio,8.712,4.0,Avaliador-6,Avaliador-27,Avaliador-24,8.3,9.6,7.5,8.8,8.3,8.0,10.0,Sim,8.5,10.0,Fase 5,0,,,,,
RA-88,Fase 5,K,Aluno-88,2005,17,M,2021,Publica,2022,,Ametista,Ametista,7.498,4.0,Avaliador-6,Avaliador-27,Avaliador-24,7.1,9.2,5.6,6.5,6.8,6.2,6.4,Sim,9.208,5.0,Fase 7,-2,,,,,
RA-89,Fase 5,K,Aluno-89,2006,16,M,2021,Publica,2022,,Quartzo,Ametista,7.323,4.0,Avaliador-6,Avaliador-27,Avaliador-24,9.6,7.8,7.5,5.9,7.5,5.7,4.7,Não,8.0,5.0,Fase 6,-1,,,,,
RA-90,Fase 5,L,Aluno-90,2009,13,F,2019,Privada,2022,Topazio,Topazio,Topazio,9.442,4.0,Avaliador-5,Avaliador-27,Avaliador-24,10.0,9.7,9.4,8.5,7.7,8.0,9.8,Sim,9.75,10.0,Fase 3,2,,,,,
RA-91,Fase 5,L,Aluno-91,2006,16,F,2016,Privada,2022,Ametista,Ametista,Agata,6.645,4.0,Avaliador-5,Avaliador-27,Avaliador-24,9.2,5.7,5.6,6.6,5.5,5.7,8.5,Não,7.125,5.0,Fase 6,-1,,,,,
RA-92,Fase 5,L,Aluno-92,2006,16,F,2016,Privada,2022,Topazio,Ametista,Agata,6.957,4.0,Avaliador-5,Avaliador-27,Avaliador-24,9.2,7.1,5.0,7.4,7.8,5.5,8.8,Não,6.667,5.0,Fase 6,-1,,,,,
RA-93,Fase 5,L,Aluno-93,2007,15,F,2016,Privada,2022,Ametista,Topazio,Topazio,8.941,4.0,Avaliador-5,Avaliador-27,Avaliador-24,8.3,9.7,8.1,8.5,8.8,8.3,8.4,Sim,9.083,10.0,Fase 5,0,,,,,
RA-94,Fase 5,L,Aluno-94,2007,15,F,2018,Privada,2022,Ametista,Topazio,Topazio,8.921,4.0,Avaliador-5,Avaliador-27,Avaliador-24,8.3,9.6,8.1,7.7,7.0,6.7,9.5,Sim,9.583,10.0,Fase 5,0,,,,,
RA-95,Fase 5,L,Aluno-95,2005,17,F,2022,Publica,2022,,,Agata,6.308,4.0,Avaliador-5,Avaliador-27,Avaliador-24,8.3,6.6,7.5,4.8,6.0,8.0,0.5,Não,6.292,5.0,Fase 7,-2,,,,,
RA-96,Fase 5,L,Aluno-96,2006,16,M,2021,Publica,2022,,Ametista,Ametista,7.54,4.0,Avaliador-5,Avaliador-27,Avaliador-24,9.2,7.8,6.9,6.7,5.7,6.5,8.0,Sim,8.5,5.0,Fase 6,-1,,,,,
RA-97,Fase 5,L,Aluno-97,2007,15,F,2017,Privada,2022,Ametista,Agata,Ametista,7.468,4.0,Avaliador-5,Avaliador-27,Avaliador-24,7.5,8.8,5.0,6.9,5.3,6.7,8.8,Não,6.292,10.0,Fase 5,0,,,,,
RA-98,Fase 5,L,Aluno-98,2007,15,F,2017,Privada,2022,Topazio,Topazio,Topazio,9.354,4.0,Avaliador-5,Avaliador-27,Avaliador-24,8.8,10.0,9.4,8.5,8.4,8.2,8.9,Sim,9.667,10.0,Fase 5,0,,,,,
RA-99,Fase 5,L,Aluno-99,2006,16,M,2019,Publica,2022,Agata,Agata,Agata,6.158,4.0,Avaliador-6,Avaliador-27,Avaliador-28,8.8,6.3,7.5,5.0,5.7,3.4,5.8,Não,5.833,5.0,Fase 6,-1,,,,,
RA-100,Fase 4,A,Aluno-100,2009,13,F,2019,Privada,2022,Ametista,Topazio,Ametista,7.618,4.0,Avaliador-6,Avaliador-27,Avaliador-30,8.8,7.8,5.0,7.6,7.0,7.8,8.1,Não,7.25,10.0,Fase 3,1,,,,,
RA-101,Fase 4,A,Aluno-101,2007,15,F,2021,Publica,2022,,Ametista,Ametista,7.305,4.0,Avaliador-6,Avaliador-27,Avaliador-30,7.9,8.3,7.5,7.6,7.2,6.5,9.2,Não,6.833,5.0,Fase 5,-1,,,,,
RA-102,Fase 4,A,Aluno-102,2008,14,M,2019,Publica,2022,Ametista,Ametista,Agata,6.922,4.0,Avaliador-6,Avaliador-27,Avaliador-30,6.7,7.7,6.9,5.7,4.7,6.8,5.5,Não,6.0,10.0,Fase 4,0,,,,,
RA-103,Fase 4,A,Aluno-103,2009,13,F,2020,Privada,2022,Agata,Ametista,Topazio,8.107,4.0,Avaliador-6,Avaliador-27,Avaliador-30,7.9,8.7,7.5,7.3,7.3,7.3,7.3,Não,7.708,10.0,Fase 3,1,,,,,
RA-104,Fase 4,A,Aluno-104,2004,18,M,2022,Publica,2022,,,Agata,6.315,4.0,Avaliador-6,Avaliador-27,Avaliador-30,7.9,8.7,7.5,3.7,4.8,5.8,0.3,Não,6.708,2.5,Fase 8,-4,,,,,
RA-105,Fase 4,A,Aluno-105,2005,17,M,2016,Privada,2022,Ametista,Ametista,Agata,6.846,4.0,Avaliador-6,Avaliador-27,Avaliador-30,7.9,8.2,5.6,6.7,7.2,6.2,6.8,Não,7.417,2.5,Fase 7,-3,,,,,
RA-106,Fase 4,A,Aluno-106,2007,15,F,2016,Privada,2022,Topazio,Ametista,Ametista,7.973,4.0,Avaliador-6,Avaliador-27,Avaliador-30,9.2,8.0,9.4,7.4,7.8,7.2,7.2,Sim,8.375,5.0,Fase 5,-1,,,,,
RA-107,Fase 4,A,Aluno-107,2007,15,F,2018,Publica,2022,Topazio,Agata,Agata,6.258,4.0,Avaliador-6,Avaliador-27,Avaliador-30,7.5,6.4,7.5,4.6,3.3,4.3,6.0,Não,6.5,5.0,Fase 5,-1,,,,,
RA-108,Fase 4,A,Aluno-108,2005,17,F,2019,Publica,2022,Agata,Agata,Quartzo,5.547,4.0,Avaliador-6,Avaliador-27,Avaliador-30,4.6,7.7,5.0,5.0,3.0,5.8,6.2,Não,6.125,2.5,Fase 7,-3,,,,,
RA-109,Fase 4,A,Aluno-109,2006,16,M,2021,Privada,2022,,Ametista,Topazio,8.512,4.0,Avaliador-6,Avaliador-27,Avaliador-30,8.8,10.0,8.8,8.4,7.8,7.5,9.9,Sim,8.667,5.0,Fase 6,-2,,,,,
RA-110,Fase 4,A,Aluno-110,2008,14,M,2017,Privada,2022,Ametista,Topazio,Topazio,8.15,4.0,Avaliador-6,Avaliador-27,Avaliador-30,9.2,9.7,5.6,6.7,8.3,5.7,6.0,Não,8.0,10.0,Fase 4,0,,,,,
RA-111,Fase 4,A,Aluno-111,2009,13,F,2020,Privada,2022,Ametista,Topazio,Topazio,8.646,4.0,Avaliador-6,Avaliador-27,Avaliador-30,7.5,9.4,8.1,8.0,6.7,7.5,9.7,Sim,8.667,10.0,Fase 3,1,,,,,
RA-112,Fase 4,A,Aluno-112,2007,15,F,2016,Privada,2022,Ametista,Ametista,Ametista,7.836,4.0,Avaliador-6,Avaliador-27,Avaliador-30,7.9,7.8,6.3,8.5,9.0,7.5,9.1,Sim,8.833,5.0,Fase 5,-1,,,,,
RA-113,Fase 4,A,Aluno-113,2007,15,F,2017,Privada,2022,Ametista,Agata,Quartzo,3.032,4.0,Avaliador-6,Avaliador-27,Avaliador-30,0.0,0.0,5.0,3.7,3.3,5.5,2.3,Não,3.792,5.0,Fase 5,-1,,,,,
RA-114,Fase 4,A,Aluno-114,2006,16,M,2022,Publica,2022,,,Quartzo,5.894,4.0,Avaliador-6,Avaliador-27,Avaliador-30,7.9,6.3,7.5,5.3,6.0,4.5,,Não,5.0,5.0,Fase 6,-2,,,,,
RA-115,Fase 4,A,Aluno-115,2006,16,F,2019,Publica,2022,Ametista,Ametista,Quartzo,5.886,4.0,Avaliador-6,Avaliador-27,Avaliador-30,8.3,6.8,6.3,3.8,3.0,5.7,2.7,Não,5.583,5.0,Fase 6,-2,,,,,
RA-116,Fase 4,B,Aluno-116,2006,16,F,2019,Publica,2022,Ametista,Agata,Agata,6.854,4.0,Avaliador-6,Avaliador-27,Avaliador-30,5.8,8.1,6.3,5.9,5.0,7.2,5.5,Não,7.792,5.0,Fase 6,-2,,,,,
RA-117,Fase 4,B,Aluno-117,2007,15,F,2022,Publica,2022,,,Agata,6.685,4.0,Avaliador-6,Avaliador-27,Avaliador-30,7.9,6.3,6.9,6.1,4.7,6.7,7.0,Não,7.417,5.0,Fase 5,-1,,,,,
RA-118,Fase 4,B,Aluno-118,2008,14,F,2021,Publica,2022,,Ametista,Quartzo,5.597,4.0,Avaliador-6,Avaliador-27,Avaliador-30,0.0,5.3,6.3,3.9,3.7,4.7,3.5,Não,6.958,10.0,Fase 4,0,,,,,
RA-119,Fase 4,B,Aluno-119,2008,14,F,2016,Privada,2022,Ametista,Agata,Ametista,7.501,4.0,Avaliador-6,Avaliador-27,Avaliador-30,8.3,8.2,5.6,5.4,5.7,7.0,3.4,Não,7.875,10.0,Fase 4,0,,,,,
RA-120,Fase 4,B,Aluno-120,2007,15,M,2019,Publica,2022,Ametista,Ametista,Agata,6.825,4.0,Avaliador-6,Avaliador-27,Avaliador-30,8.3,5.9,7.5,6.2,3.7,5.2,9.7,Não,7.667,5.0,Fase 5,-1,,,,,
RA-121,Fase 4,B,Aluno-121,2006,16,F,2021,Publica,2022,,Agata,Ametista,7.245,4.0,Avaliador-6,Avaliador-27,Avaliador-30,7.1,8.4,6.3,7.2,5.7,6.8,9.0,Não,7.625,5.0,Fase 6,-2,,,,,
RA-122,Fase 4,B,Aluno-122,2008,14,F,2019,Publica,2022,Agata,Quartzo,Quartzo,5.061,4.0,Avaliador-6,Avaliador-27,Avaliador-30,7.9,3.4,7.5,1.8,1.7,3.7,0.0,Não,4.958,10.0,Fase 4,0,,,,,
RA-123,Fase 4,B,Aluno-123,2006,16,M,2017,Privada,2022,Ametista,Ametista,Ametista,7.084,4.0,Avaliador-6,Avaliador-27,Avaliador-30,7.9,8.6,5.6,6.5,7.3,6.3,5.9,Não,7.292,5.0,Fase 6,-2,,,,,
RA-124,Fase 4,B,Aluno-124,2008,14,M,2016,Privada,2022,Ametista,Ametista,Ametista,7.388,4.0,Avaliador-6,Avaliador-27,Avaliador-30,7.9,7.8,5.0,6.7,5.7,7.0,7.5,Não,7.167,10.0,Fase 4,0,,,,,
RA-125,Fase 4,B,Aluno-125,2007,15,F,2022,Publica,2022,,,Ametista,7.619,4.0,Avaliador-6,Avaliador-27,Avaliador-30,8.8,8.5,7.5,7.1,5.0,7.2,9.2,Não,7.75,5.0,Fase 5,-1,,,,,
RA-126,Fase 4,B,Aluno-126,2007,15,M,2018,Publica,2022,Ametista,Ametista,Agata,6.289,4.0,Avaliador-6,Avaliador-27,Avaliador-30,7.1,5.8,7.5,4.4,4.0,5.0,4.2,Não,7.417,5.0,Fase 5,-1,,,,,
RA-127,Fase 4,B,Aluno-127,2008,14,F,2022,Publica,2022,,,Topazio,8.283,4.0,Avaliador-6,Avaliador-27,Avaliador-30,7.5,8.7,7.5,7.9,7.7,7.7,8.3,Não,8.125,10.0,Fase 4,0,,,,,
RA-128,Fase 4,B,Aluno-128,2007,15,M,2019,Publica,2022,Ametista,Agata,Quartzo,5.563,4.0,Avaliador-6,Avaliador-27,Avaliador-30,0.0,6.2,7.5,5.6,6.7,6.8,3.2,Não,6.167,5.0,Fase 5,-1,,,,,
RA-129,Fase 4,B,Aluno-129,2007,15,M,2019,Publica,2022,Ametista,Ametista,Agata,6.926,4.0,Avaliador-6,Avaliador-27,Avaliador-30,6.7,6.4,7.5,6.7,6.0,5.3,8.7,Não,7.792,5.0,Fase 5,-1,,,,,
RA-130,Fase 4,F,Aluno-130,2006,16,F,2018,Publica,2022,Quartzo,Agata,Quartzo,5.624,4.0,Avaliador-6,Avaliador-27,Avaliador-30,8.3,4.7,5.0,4.1,3.7,5.2,3.5,Não,6.5,5.0,Fase 6,-2,,,,,
RA-131,Fase 4,F,Aluno-131,2007,15,F,2016,Publica,2022,Topazio,Ametista,Ametista,7.174,4.0,Avaliador-6,Avaliador-27,Avaliador-30,8.8,9.0,5.6,5.6,6.0,6.5,4.2,Não,7.75,5.0,Fase 5,-1,,,,,
RA-132,Fase 4,F,Aluno-132,2008,14,F,2019,Privada,2022,Topazio,Ametista,Topazio,8.355,4.0,Avaliador-6,Avaliador-27,Avaliador-30,10.0,8.8,5.6,7.7,6.5,7.5,9.1,Sim,8.458,10.0,Fase 4,0,,,,,
RA-133,Fase 4,F,Aluno-133,2007,15,F,2016,Publica,2022,Ametista,Quartzo,Agata,6.875,4.0,Avaliador-6,Avaliador-27,Avaliador-30,7.9,7.1,7.5,5.6,4.7,7.2,5.0,Não,7.625,5.0,Fase 5,-1,,,,,
RA-134,Fase 4,F,Aluno-134,2007,15,F,2021,Publica,2022,,Agata,Agata,6.607,4.0,Avaliador-6,Avaliador-27,Avaliador-30,8.8,6.8,7.5,4.7,4.7,6.8,2.5,Não,7.375,5.0,Fase 5,-1,,,,,
RA-135,Fase 4,F,Aluno-135,2007,15,F,2019,Publica,2022,Topazio,Ametista,Ametista,7.692,4.0,Avaliador-6,Avaliador-27,Avaliador-30,8.3,7.8,5.6,8.6,8.0,8.2,9.5,Sim,8.583,5.0,Fase 5,-1,,,,,
RA-136,Fase 4,F,Aluno-136,2007,15,M,2019,Publica,2022,Agata,Agata,Agata,6.478,4.0,Avaliador-6,Avaliador-27,Avaliador-30,10.0,6.3,7.5,4.6,5.3,5.7,2.8,Não,6.667,5.0,Fase 5,-1,,,,,
RA-137,Fase 4,F,Aluno-137,2005,17,F,2016,Privada,2022,Quartzo,Agata,Ametista,7.056,4.0,Avaliador-6,Avaliador-27,Avaliador-30,7.5,8.9,5.0,7.3,6.0,7.3,8.5,Não,7.792,2.5,Fase 7,-3,,,,,
RA-138,Fase 4,F,Aluno-138,2007,15,M,2016,Publica,2022,Ametista,Agata,Agata,6.738,4.0,Avaliador-6,Avaliador-27,Avaliador-30,9.6,8.0,5.6,5.6,5.0,6.5,5.2,Não,6.375,5.0,Fase 5,-1,,,,,
RA-139,Fase 4,F,Aluno-139,2005,17,M,2019,Publica,2022,Quartzo,Agata,Quartzo,3.738,4.0,Avaliador-6,Avaliador-27,Avaliador-30,7.1,3.5,5.0,1.4,1.7,2.7,0.0,Não,3.917,2.5,Fase 7,-3,,,,,
RA-140,Fase 4,F,Aluno-140,2008,14,F,2021,Publica,2022,,Ametista,Ametista,7.407,4.0,Avaliador-6,Avaliador-27,Avaliador-30,7.9,7.6,6.9,5.7,5.0,6.5,5.6,Não,7.667,10.0,Fase 4,0,,,,,
RA-141,Fase 4,F,Aluno-141,2008,14,M,2017,Publica,2022,Agata,Agata,Ametista,7.118,4.0,Avaliador-6,Avaliador-27,Avaliador-30,9.2,8.2,5.6,5.7,5.8,6.2,5.0,Não,5.917,10.0,Fase 4,0,,,,,
RA-142,Fase 4,F,Aluno-142,2008,14,F,2021,Publica,2022,,Agata,Ametista,7.457,4.0,Avaliador-6,Avaliador-27,Avaliador-30,6.7,8.6,5.6,6.3,6.0,6.8,6.0,Não,7.583,10.0,Fase 4,0,,,,,
RA-143,Fase 4,F,Aluno-143,2009,13,M,2019,Privada,2022,Topazio,Topazio,Topazio,8.638,4.0,Avaliador-6,Avaliador-27,Avaliador-30,8.3,9.9,5.6,7.9,9.7,7.7,6.4,Sim,9.5,10.0,Fase 3,1,,,,,
RA-144,Fase 4,F,Aluno-144,2008,14,F,2017,Privada,2022,Agata,Quartzo,Topazio,8.181,4.0,Avaliador-6,Avaliador-27,Avaliador-30,7.5,9.3,5.0,7.9,7.5,7.2,9.0,Não,8.292,10.0,Fase 4,0,,,,,
RA-145,Fase 4,H,Aluno-145,2006,16,M,2017,Publica,2022,Agata,Agata,Quartzo,5.846,4.0,Avaliador-6,Avaliador-27,Avaliador-30,0.0,6.3,8.1,5.2,3.0,4.8,7.8,Não,7.25,5.0,Fase 6,-2,,,,,
RA-146,Fase 4,H,Aluno-146,2007,15,F,2022,Publica,2022,,,Ametista,7.947,4.0,Avaliador-6,Avaliador-27,Avaliador-30,8.3,9.2,7.5,7.9,6.3,7.3,10.0,Não,8.208,5.0,Fase 5,-1,,,,,
RA-147,Fase 4,H,Aluno-147,2008,14,F,2022,Publica,2022,,,Ametista,7.541,4.0,Avaliador-6,Avaliador-27,Avaliador-30,8.3,7.7,7.5,6.1,5.8,4.8,7.7,Não,7.25,10.0,Fase 4,0,,,,,
RA-148,Fase 4,H,Aluno-148,2008,14,M,2022,Publica,2022,,,Ametista,7.894,4.0,Avaliador-6,Avaliador-27,Avaliador-30,9.2,7.9,10.0,5.3,4.7,6.3,5.0,Não,7.708,10.0,Fase 4,0,,,,,
RA-149,Fase 4,H,Aluno-149,2007,15,F,2022,Publica,2022,,,Agata,6.323,4.0,Avaliador-6,Avaliador-27,Avaliador-30,9.2,6.5,7.5,5.0,4.0,6.0,,Não,6.125,5.0,Fase 5,-1,,,,,
RA-150,Fase 4,H,Aluno-150,2006,16,F,2020,Publica,2022,Ametista,Ametista,Agata,6.962,4.0,Avaliador-6,Avaliador-27,Avaliador-30,9.6,6.3,6.9,6.9,5.3,6.7,8.6,Não,7.333,5.0,Fase 6,-2,,,,,
RA-151,Fase 4,H,Aluno-151,2006,16,F,2020,Publica,2022,Ametista,Ametista,Ametista,7.563,4.0,Avaliador-6,Avaliador-27,Avaliador-30,8.8,7.5,6.9,8.3,7.3,8.0,9.5,Não,7.958,5.0,Fase 6,-2,,,,,
RA-152,Fase 4,L,Aluno-152,2006,16,F,2022,Publica,2022,,,Agata,6.712,4.0,Avaliador-6,Avaliador-27,Avaliador-30,8.3,7.0,7.5,6.5,4.0,7.0,8.5,Não,6.292,5.0,Fase 6,-2,,,,,
RA-153,Fase 4,L,Aluno-153,2008,14,F,2018,Privada,2022,Agata,Ametista,Ametista,7.535,4.0,Avaliador-6,Avaliador-27,Avaliador-30,7.9,8.2,5.0,6.6,3.3,7.7,8.8,Não,7.708,10.0,Fase 4,0,,,,,
RA-154,Fase 4,L,Aluno-154,2007,15,M,2017,Publica,2022,Agata,Agata,Agata,6.073,4.0,Avaliador-6,Avaliador-27,Avaliador-30,8.3,6.1,6.3,4.0,3.7,6.2,2.1,Não,6.833,5.0,Fase 5,-1,,,,,
RA-155,Fase 4,L,Aluno-155,2006,16,M,2022,Publica,2022,,,Ametista,7.051,4.0,Avaliador-6,Avaliador-27,Avaliador-30,10.0,8.3,7.5,5.2,4.3,6.8,4.3,Não,6.833,5.0,Fase 6,-2,,,,,
RA-156,Fase 4,L,Aluno-156,2007,15,M,2018,Publica,2022,Ametista,Agata,Ametista,7.357,4.0,Avaliador-6,Avaliador-27,Avaliador-30,10.0,8.3,9.4,4.4,4.7,6.5,2.1,Não,7.792,5.0,Fase 5,-1,,,,,
RA-157,Fase 4,L,Aluno-157,2010,12,F,2018,Privada,2022,Ametista,Topazio,Topazio,8.317,4.0,Avaliador-6,Avaliador-27,Avaliador-30,7.5,10.0,6.3,7.7,7.0,7.5,8.7,Não,8.292,10.0,Fase 3,1,,,,,
RA-158,Fase 4,L,Aluno-158,2005,17,F,2017,Privada,2022,Ametista,Ametista,Ametista,7.302,4.0,Avaliador-6,Avaliador-27,Avaliador-30,7.9,9.8,5.6,6.6,5.0,6.7,8.1,Não,8.125,2.5,Fase 7,-3,,,,,
RA-159,Fase 4,L,Aluno-159,2007,15,F,2021,Publica,2022,,Ametista,Agata,6.49,4.0,Avaliador-6,Avaliador-27,Avaliador-30,8.3,8.1,5.6,4.7,4.3,5.8,3.9,Não,6.458,5.0,Fase 5,-1,,,,,
RA-160,Fase 4,L,Aluno-160,2007,15,F,2021,Publica,2022,,Agata,Agata,6.746,4.0,Avaliador-6,Avaliador-27,Avaliador-30,7.5,7.2,5.6,5.3,2.7,6.0,7.1,Não,8.25,5.0,Fase 5,-1,,,,,
RA-161,Fase 4,L,Aluno-161,2011,11,F,2018,Privada,2022,Ametista,Ametista,Ametista,7.957,4.0,Avaliador-6,Avaliador-27,Avaliador-30,7.9,9.1,5.6,6.9,5.3,6.8,8.5,Não,8.083,10.0,Fase 2,2,,,,,
RA-162,Fase 4,L,Aluno-162,2008,14,F,2021,Publica,2022,,Agata,Ametista,7.215,4.0,Avaliador-6,Avaliador-27,Avaliador-30,6.7,8.5,7.5,5.5,4.7,5.5,6.4,Não,6.542,10.0,Fase 4,0,,,,,
RA-163,Fase 4,L,Aluno-163,2007,15,F,2021,Publica,2022,,Agata,Agata,6.797,4.0,Avaliador-6,Avaliador-27,Avaliador-30,8.8,7.9,5.6,6.7,6.5,6.3,7.4,Não,6.5,5.0,Fase 5,-1,,,,,
RA-164,Fase 4,L,Aluno-164,2006,16,M,2018,Publica,2022,Agata,Agata,Agata,6.776,4.0,Avaliador-6,Avaliador-27,Avaliador-30,8.3,7.3,5.6,6.5,4.7,6.5,8.3,Não,7.208,5.0,Fase 6,-2,,,,,
RA-165,Fase 4,L,Aluno-165,2008,14,F,2017,Privada,2022,Ametista,Ametista,Topazio,8.063,4.0,Avaliador-6,Avaliador-27,Avaliador-30,7.1,9.8,5.6,7.6,5.3,7.8,9.7,Não,7.5,10.0,Fase 4,0,,,,,
RA-166,Fase 4,L,Aluno-166,2008,14,M,2020,Publica,2022,Ametista,Ametista,Topazio,8.253,4.0,Avaliador-6,Avaliador-27,Avaliador-30,9.2,9.0,6.3,8.1,7.0,7.2,10.0,Não,7.542,10.0,Fase 4,0,,,,,
RA-167,Fase 4,P,Aluno-167,2006,16,F,2018,Privada,2022,Ametista,Ametista,Ametista,7.798,4.0,Avaliador-6,Avaliador-27,Avaliador-30,9.2,9.7,5.6,7.9,9.3,8.0,6.3,Não,7.833,5.0,Fase 6,-2,,,,,
RA-168,Fase 4,P,Aluno-168,2007,15,F,2018,Privada,2022,Ametista,Ametista,Agata,6.917,4.0,Avaliador-6,Avaliador-27,Avaliador-30,7.9,8.3,6.3,5.9,4.7,8.2,5.0,Não,7.083,5.0,Fase 5,-1,,,,,
RA-169,Fase 4,P,Aluno-169,2007,15,F,2018,Publica,2022,Agata,Agata,Quartzo,5.159,4.0,Avaliador-6,Avaliador-27,Avaliador-30,7.5,5.1,6.3,3.2,1.3,4.5,3.8,Não,4.792,5.0,Fase 5,-1,,,,,
RA-170,Fase 4,P,Aluno-170,2008,14,F,2018,Privada,2022,Ametista,Ametista,Agata,7.007,4.0,Avaliador-6,Avaliador-27,Avaliador-30,8.3,9.2,5.6,4.9,3.7,6.7,4.3,Não,5.792,10.0,Fase 4,0,,,,,
RA-171,Fase 4,P,Aluno-171,2006,16,M,2022,Publica,2022,,,Agata,6.581,4.0,Avaliador-6,Avaliador-27,Avaliador-30,7.5,6.8,7.5,5.5,3.0,8.0,,Não,6.875,5.0,Fase 6,-2,,,,,
RA-172,Fase 4,P,Aluno-172,2008,14,F,2018,Privada,2022,Ametista,Topazio,Topazio,8.673,4.0,Avaliador-6,Avaliador-27,Avaliador-30,9.2,8.9,9.4,7.3,6.0,7.7,8.1,Sim,8.917,10.0,Fase 4,0,,,,,
RA-173,Fase 4,P,Aluno-173,2005,17,M,2019,Privada,2022,Ametista,Ametista,Ametista,7.816,4.0,Avaliador-6,Avaliador-27,Avaliador-30,8.3,9.2,6.9,7.9,9.0,7.5,7.1,Sim,9.25,2.5,Fase 7,-3,,,,,
RA-174,Fase 4,P,Aluno-174,2007,15,F,2019,Publica,2022,Agata,Agata,Agata,6.075,4.0,Avaliador-6,Avaliador-27,Avaliador-30,7.9,6.2,7.5,4.4,4.0,5.3,3.8,Não,6.042,5.0,Fase 5,-1,,,,,
RA-175,Fase 4,P,Aluno-175,2007,15,F,2018,Privada,2022,Ametista,Ametista,Agata,6.75,4.0,Avaliador-6,Avaliador-27,Avaliador-30,8.3,9.2,5.6,5.9,4.7,7.2,5.9,Não,5.833,5.0,Fase 5,-1,,,,,
RA-176,Fase 3,A,Aluno-176,2009,13,F,2018,Privada,2022,Topazio,Ametista,Topazio,8.427,4.0,Avaliador-6,Avaliador-27,Avaliador-30,9.6,9.1,5.6,6.9,5.1,6.8,8.7,Sim,9.083,10.0,Fase 3,0,,,,,
RA-177,Fase 3,A,Aluno-177,2009,13,F,2022,Publica,2022,,,Ametista,7.424,4.0,Avaliador-6,Avaliador-27,Avaliador-30,7.9,8.8,4.4,6.8,6.0,7.5,,Não,6.958,10.0,Fase 3,0,,,,,
RA-178,Fase 3,A,Aluno-178,2009,13,F,2016,Privada,2022,Ametista,Ametista,Agata,7.025,4.0,Avaliador-6,Avaliador-27,Avaliador-30,0.0,8.8,4.4,6.3,6.2,5.3,7.3,Sim,8.458,10.0,Fase 3,0,,,,,
RA-179,Fase 3,A,Aluno-179,2010,12,M,2022,Publica,2022,,,Ametista,7.993,4.0,Avaliador-6,Avaliador-27,Avaliador-30,7.5,9.2,7.5,6.1,3.7,6.7,8.0,Não,8.042,10.0,Fase 3,0,,,,,
RA-180,Fase 3,A,Aluno-180,2010,12,M,2018,Privada,2022,Topazio,Topazio,Topazio,8.442,4.0,Avaliador-6,Avaliador-27,Avaliador-30,9.2,8.3,6.3,8.1,7.7,8.3,8.3,Sim,8.625,10.0,Fase 3,0,,,,,
RA-181,Fase 3,A,Aluno-181,2009,13,F,2019,Privada,2022,Topazio,Ametista,Topazio,8.623,4.0,Avaliador-6,Avaliador-27,Avaliador-30,9.2,9.5,8.8,6.8,6.8,7.3,6.2,Sim,8.458,10.0,Fase 3,0,,,,,
RA-182,Fase 3,A,Aluno-182,2006,16,F,2021,Publica,2022,,Quartzo,Agata,6.328,4.0,Avaliador-6,Avaliador-27,Avaliador-30,7.5,8.0,7.5,4.1,1.3,5.7,5.4,Não,6.958,2.5,Fase 6,-3,,,,,
RA-183,Fase 3,A,Aluno-183,2009,13,F,2022,Publica,2022,,,Ametista,7.3,4.0,Avaliador-6,Avaliador-27,Avaliador-30,8.3,8.8,7.5,3.8,0.0,7.5,,Não,7.25,10.0,Fase 3,0,,,,,
RA-184,Fase 3,A,Aluno-184,2006,16,M,2019,Publica,2022,Ametista,Ametista,Ametista,7.28,4.0,Avaliador-6,Avaliador-27,Avaliador-30,8.8,7.7,7.5,7.2,5.0,7.3,9.3,Não,8.0,2.5,Fase 6,-3,,,,,
RA-185,Fase 3,A,Aluno-185,2007,15,M,2021,Publica,2022,,Quartzo,Agata,6.615,4.0,Avaliador-6,Avaliador-27,Avaliador-30,7.9,7.7,7.5,4.5,3.3,5.7,4.5,Não,6.875,5.0,Fase 5,-2,,,,,
RA-186,Fase 3,A,Aluno-186,2009,13,F,2019,Publica,2022,Ametista,Ametista,Ametista,7.832,4.0,Avaliador-6,Avaliador-27,Avaliador-30,8.3,8.5,7.5,6.6,6.0,5.7,8.0,Não,7.5,10.0,Fase 3,0,,,,,
RA-187,Fase 3,A,Aluno-187,2010,12,F,2019,Privada,2022,Ametista,Topazio,Ametista,7.928,4.0,Avaliador-6,Avaliador-27,Avaliador-30,8.8,8.9,7.5,5.8,5.3,7.2,4.8,Não,7.917,10.0,Fase 3,0,,,,,
RA-188,Fase 3,A,Aluno-188,2008,14,M,2021,Publica,2022,,Ametista,Quartzo,5.307,4.0,Avaliador-6,Avaliador-27,Avaliador-30,0.0,6.1,7.5,2.7,3.0,3.2,2.0,Não,7.583,5.0,Fase 4,-1,,,,,
RA-189,Fase 3,A,Aluno-189,2008,14,M,2018,Privada,2022,Ametista,Ametista,Ametista,7.629,4.0,Avaliador-6,Avaliador-27,Avaliador-30,10.0,9.7,5.0,7.2,6.3,7.2,8.0,Não,7.333,5.0,Fase 4,-1,,,,,
RA-190,Fase 3,A,Aluno-190,2009,13,F,2022,Publica,2022,,,Ametista,7.335,4.0,Avaliador-6,Avaliador-27,Avaliador-30,6.7,6.9,8.8,6.3,5.0,7.5,,Não,7.25,10.0,Fase 3,0,,,,,
RA-191,Fase 3,A,Aluno-191,2009,13,M,2019,Privada,2022,Topazio,Topazio,Topazio,8.74,4.0,Avaliador-6,Avaliador-27,Avaliador-30,10.0,9.4,8.8,7.2,8.0,7.2,6.3,Sim,8.5,10.0,Fase 3,0,,,,,
RA-192,Fase 3,B,Aluno-192,2007,15,M,2021,Publica,2022,,Quartzo,Quartzo,4.932,4.0,Avaliador-6,Avaliador-27,Avaliador-30,8.8,3.6,7.5,2.7,1.7,4.7,1.7,Não,4.708,5.0,Fase 5,-2,,,,,
RA-193,Fase 3,B,Aluno-193,2010,12,M,2016,Privada,2022,Topazio,Topazio,Topazio,8.155,4.0,Avaliador-6,Avaliador-27,Avaliador-30,9.2,8.9,5.6,6.7,5.0,6.3,8.7,Sim,8.5,10.0,Fase 3,0,,,,,
RA-194,Fase 3,B,Aluno-194,2008,14,F,2022,Publica,2022,,,Quartzo,4.265,4.0,Avaliador-6,Avaliador-27,Avaliador-30,0.0,6.2,5.0,3.2,3.7,5.8,0.0,Não,3.75,5.0,Fase 4,-1,,,,,
RA-195,Fase 3,B,Aluno-195,2009,13,F,2017,Privada,2022,Ametista,Ametista,Ametista,8.017,4.0,Avaliador-6,Avaliador-27,Avaliador-30,8.8,9.2,5.0,6.3,6.8,6.3,5.8,Não,8.25,10.0,Fase 3,0,,,,,
RA-196,Fase 3,B,Aluno-196,2010,12,M,2018,Privada,2022,Ametista,Topazio,Topazio,8.124,4.0,Avaliador-6,Avaliador-27,Avaliador-30,9.2,9.1,7.5,5.1,4.0,6.0,5.3,Sim,8.625,10.0,Fase 3,0,,,,,
RA-197,Fase 3,B,Aluno-197,2009,13,F,2021,Privada,2022,,Topazio,Topazio,8.218,4.0,Avaliador-6,Avaliador-27,Avaliador-30,8.8,9.7,4.4,7.3,6.0,7.5,8.3,Não,8.292,10.0,Fase 3,0,,,,,
RA-198,Fase 3,B,Aluno-198,2009,13,M,2017,Publica,2022,Ametista,Quartzo,Quartzo,5.554,4.0,Avaliador-6,Avaliador-27,Avaliador-30,0.0,6.2,5.0,4.6,5.2,5.8,2.8,Não,5.958,10.0,Fase 3,0,,,,,
RA-199,Fase 3,B,Aluno-199,2009,13,M,2022,Publica,2022,,,Ametista,7.564,4.0,Avaliador-6,Avaliador-27,Avaliador-30,8.3,7.1,7.5,7.5,5.7,7.8,9.0,Não,6.458,10.0,Fase 3,0,,,,,
RA-200,Fase 3,B,Aluno-200,2007,15,M,2018,Privada,2022,Quartzo,Quartzo,Quartzo,5.705,4.0,Avaliador-6,Avaliador-27,Avaliador-30,7.9,5.6,4.4,5.5,4.7,5.0,6.8,Não,4.917,5.0,Fase 5,-2,,,,,
RA-201,Fase 3,B,Aluno-201,2007,15,F,2021,Publica,2022,,Agata,Ametista,7.078,4.0,Avaliador-6,Avaliador-27,Avaliador-30,7.9,7.3,7.5,6.5,6.0,7.2,6.3,Não,7.542,5.0,Fase 5,-2,,,,,
RA-202,Fase 3,B,Aluno-202,2008,14,F,2017,Publica,2022,Ametista,Ametista,Quartzo,5.201,4.0,Avaliador-6,Avaliador-27,Avaliador-30,0.0,5.2,4.4,5.4,6.3,5.8,4.2,Não,6.917,5.0,Fase 4,-1,,,,,
RA-203,Fase 3,B,Aluno-203,2008,14,F,2021,Publica,2022,,Ametista,Quartzo,5.669,4.0,Avaliador-6,Avaliador-27,Avaliador-30,8.8,4.3,7.5,2.8,2.3,3.5,2.5,Não,6.875,5.0,Fase 4,-1,,,,,
RA-204,Fase 3,B,Aluno-204,2009,13,F,2019,Publica,2022,Ametista,Ametista,Agata,6.943,4.0,Avaliador-6,Avaliador-27,Avaliador-30,7.9,6.7,4.4,7.4,5.3,8.5,8.5,Não,5.708,10.0,Fase 3,0,,,,,
RA-205,Fase 3,B,Aluno-205,2008,14,M,2020,Publica,2022,Ametista,Ametista,Quartzo,5.372,4.0,Avaliador-6,Avaliador-27,Avaliador-30,9.6,3.8,7.5,4.1,5.7,1.7,5.0,Não,4.833,5.0,Fase 4,-1,,,,,
RA-206,Fase 3,B,Aluno-206,2010,12,F,2022,Publica,2022,,,Ametista,7.101,4.0,Avaliador-6,Avaliador-27,Avaliador-30,8.3,8.8,7.5,5.0,4.0,6.0,,Não,5.167,10.0,Fase 3,0,,,,,
RA-207,Fase 3,C,Aluno-207,2006,16,M,2021,Publica,2022,,Agata,Quartzo,4.936,4.0,Avaliador-6,Avaliador-27,Avaliador-30,0.0,4.8,7.5,5.8,5.3,4.0,8.0,Não,5.708,2.5,Fase 6,-3,,,,,
RA-208,Fase 3,C,Aluno-208,2008,14,M,2018,Publica,2022,Ametista,Agata,Agata,6.667,4.0,Avaliador-6,Avaliador-27,Avaliador-30,7.5,7.1,7.5,6.1,5.0,7.5,5.8,Não,6.417,5.0,Fase 4,-1,,,,,
RA-209,Fase 3,C,Aluno-209,2008,14,M,2019,Publica,2022,Quartzo,Quartzo,Quartzo,4.499,4.0,Avaliador-6,Avaliador-27,Avaliador-30,0.0,4.8,5.6,6.0,5.0,5.2,7.8,Não,3.75,5.0,Fase 4,-1,,,,,
RA-210,Fase 3,C,Aluno-210,2008,14,M,2022,Publica,2022,,,Quartzo,4.44,4.0,Avaliador-6,Avaliador-27,Avaliador-30,0.0,5.1,7.5,3.4,2.7,5.3,2.3,Não,4.417,5.0,Fase 4,-1,,,,,
RA-211,Fase 3,C,Aluno-211,2009,13,M,2021,Publica,2022,,Topazio,Topazio,8.465,4.0,Avaliador-6,Avaliador-27,Avaliador-30,9.2,8.8,7.5,7.6,6.7,7.5,8.5,Sim,8.458,10.0,Fase 3,0,,,,,
RA-212,Fase 3,C,Aluno-212,2008,14,M,2022,Publica,2022,,,Ametista,7.268,4.0,Avaliador-6,Avaliador-27,Avaliador-30,9.6,8.4,7.5,6.2,4.8,5.8,7.8,Não,6.958,5.0,Fase 4,-1,,,,,
RA-213,Fase 3,C,Aluno-213,2009,13,M,2022,Publica,2022,,,Ametista,7.209,4.0,Avaliador-6,Avaliador-27,Avaliador-30,9.6,8.7,7.5,3.5,5.0,2.0,,Não,6.833,10.0,Fase 3,0,,,,,
RA-214,Fase 3,C,Aluno-214,2007,15,M,2022,Publica,2022,,,Quartzo,4.87,4.0,Avaliador-6,Avaliador-27,Avaliador-30,0.0,6.1,7.5,4.3,5.0,3.5,,Não,5.125,5.0,Fase 5,-2,,,,,
RA-215,Fase 3,D,Aluno-215,2009,13,F,2021,Publica,2022,,Agata,Ametista,7.172,4.0,Avaliador-6,Avaliador-27,Avaliador-30,6.7,5.8,7.5,7.8,5.7,7.7,10.0,Não,6.542,10.0,Fase 3,0,,,,,
RA-216,Fase 3,D,Aluno-216,2009,13,F,2018,Publica,2022,Ametista,Agata,Ametista,7.502,4.0,Avaliador-6,Avaliador-27,Avaliador-30,7.9,8.5,7.5,7.0,5.3,6.5,9.2,Não,5.583,10.0,Fase 3,0,,,,,
RA-217,Fase 3,D,Aluno-217,2007,15,F,2021,Publica,2022,,Ametista,Ametista,7.397,4.0,Avaliador-6,Avaliador-27,Avaliador-30,7.9,8.5,7.5,7.1,6.3,7.2,7.7,Não,7.292,5.0,Fase 5,-2,,,,,
RA-218,Fase 3,D,Aluno-218,2008,14,F,2022,Publica,2022,,,Agata,6.1,4.0,Avaliador-6,Avaliador-27,Avaliador-30,6.3,7.3,7.5,4.0,5.0,7.0,0.0,Não,6.125,5.0,Fase 4,-1,,,,,
RA-219,Fase 3,D,Aluno-219,2006,16,M,2019,Publica,2022,Ametista,Agata,Quartzo,5.942,4.0,Avaliador-6,Avaliador-27,Avaliador-30,8.8,6.9,7.5,3.5,4.0,4.8,1.7,Não,6.375,2.5,Fase 6,-3,,,,,
RA-220,Fase 3,D,Aluno-220,2009,13,F,2022,Publica,2022,,,Agata,7.028,4.0,Avaliador-6,Avaliador-27,Avaliador-30,0.0,8.1,7.5,6.5,6.8,6.8,5.8,Não,7.833,10.0,Fase 3,0,,,,,
RA-221,Fase 3,D,Aluno-221,2008,14,M,2022,Publica,2022,,,Agata,6.892,4.0,Avaliador-6,Avaliador-27,Avaliador-30,9.6,8.5,7.5,5.2,7.0,3.5,5.0,Não,6.0,5.0,Fase 4,-1,,,,,
RA-222,Fase 3,D,Aluno-222,2007,15,F,2019,Publica,2022,Agata,Ametista,Quartzo,5.604,4.0,Avaliador-6,Avaliador-27,Avaliador-30,7.1,4.6,7.5,6.2,5.0,7.5,6.0,Não,4.917,5.0,Fase 5,-2,,,,,
RA-223,Fase 3,E,Aluno-223,2009,13,F,2022,Publica,2022,,,Quartzo,4.966,4.0,Avaliador-6,Avaliador-27,Avaliador-30,0.0,4.6,7.5,3.1,4.3,4.7,0.2,Não,5.583,10.0,Fase 3,0,,,,,
RA-224,Fase 3,E,Aluno-224,2009,13,M,2021,Publica,2022,,Agata,Quartzo,5.671,4.0,Avaliador-6,Avaliador-27,Avaliador-30,9.6,4.3,7.5,2.6,5.0,2.7,0.0,Não,4.875,10.0,Fase 3,0,,,,,
RA-225,Fase 3,E,Aluno-225,2008,14,M,2022,Publica,2022,,,Quartzo,5.918,4.0,Avaliador-6,Avaliador-27,Avaliador-30,8.3,5.3,7.5,5.0,3.0,7.0,,Não,5.708,5.0,Fase 4,-1,,,,,
RA-226,Fase 3,E,Aluno-226,2008,14,F,2022,Publica,2022,,,Agata,6.549,4.0,Avaliador-6,Avaliador-27,Avaliador-30,7.5,6.1,7.5,6.8,7.0,6.5,,Não,6.208,5.0,Fase 4,-1,,,,,
RA-227,Fase 3,E,Aluno-227,2010,12,M,2022,Publica,2022,,,Agata,6.471,4.0,Avaliador-6,Avaliador-27,Avaliador-30,9.2,6.4,7.5,3.3,4.7,4.3,1.0,Não,5.833,10.0,Fase 3,0,,,,,
RA-228,Fase 3,E,Aluno-228,2007,15,F,2017,Publica,2022,Agata,Quartzo,Agata,6.196,4.0,Avaliador-6,Avaliador-27,Avaliador-30,7.5,6.7,7.5,4.8,3.0,6.0,5.3,Não,6.417,5.0,Fase 5,-2,,,,,
RA-229,Fase 3,E,Aluno-229,2010,12,M,2022,Publica,2022,,,Topazio,8.62,4.0,Avaliador-6,Avaliador-27,Avaliador-30,10.0,9.4,7.5,6.9,7.0,6.7,7.2,Sim,8.5,10.0,Fase 3,0,,,,,
RA-230,Fase 3,E,Aluno-230,2008,14,M,2022,Publica,2022,,,Agata,6.328,4.0,Avaliador-6,Avaliador-27,Avaliador-30,7.9,5.1,7.5,5.7,3.7,4.3,9.0,Não,6.75,5.0,Fase 4,-1,,,,,
RA-231,Fase 3,E,Aluno-231,2008,14,M,2022,Publica,2022,,,Agata,6.116,4.0,Avaliador-6,Avaliador-27,Avaliador-30,8.8,7.4,7.5,3.8,3.0,4.5,,Não,5.333,5.0,Fase 4,-1,,,,,
RA-232,Fase 3,E,Aluno-232,2010,12,M,2022,Publica,2022,,,Quartzo,4.245,4.0,Avaliador-6,Avaliador-27,Avaliador-30,0.0,4.9,7.5,0.0,0.0,0.0,,Não,4.542,10.0,Fase 3,0,,,,,
RA-233,Fase 3,E,Aluno-233,2008,14,M,2022,Publica,2022,,,Agata,6.051,4.0,Avaliador-6,Avaliador-27,Avaliador-30,7.9,7.4,7.5,3.8,3.0,4.5,,Não,5.5,5.0,Fase 4,-1,,,,,
RA-234,Fase 3,E,Aluno-234,2009,13,M,2022,Publica,2022,,,Agata,6.719,4.0,Avaliador-6,Avaliador-27,Avaliador-30,10.0,7.6,5.6,4.3,3.7,6.3,2.8,Não,5.583,10.0,Fase 3,0,,,,,
RA-235,Fase 3,E,Aluno-235,2008,14,F,2022,Publica,2022,,,Agata,6.79,4.0,Avaliador-6,Avaliador-27,Avaliador-30,8.3,7.3,7.5,6.3,7.0,5.5,,Não,6.417,5.0,Fase 4,-1,,,,,
RA-236,Fase 3,F,Aluno-236,2010,12,F,2022,Publica,2022,,,Ametista,7.11,4.0,Avaliador-6,Avaliador-27,Avaliador-30,9.6,7.5,7.5,3.7,4.0,4.0,3.0,Não,7.208,10.0,Fase 3,0,,,,,
RA-237,Fase 3,F,Aluno-237,2008,14,F,2022,Publica,2022,,,Topazio,8.084,4.0,Avaliador-6,Avaliador-27,Avaliador-30,10.0,9.0,7.5,7.8,6.8,7.7,8.8,Sim,8.417,5.0,Fase 4,-1,,,,,
RA-238,Fase 3,F,Aluno-238,2008,14,F,2021,Publica,2022,,Agata,Agata,6.331,4.0,Avaliador-6,Avaliador-27,Avaliador-30,8.8,6.4,5.0,5.1,4.3,6.5,4.5,Não,7.208,5.0,Fase 4,-1,,,,,
RA-239,Fase 3,F,Aluno-239,2007,15,F,2021,Publica,2022,,Quartzo,Quartzo,4.572,4.0,Avaliador-6,Avaliador-27,Avaliador-30,0.0,3.7,7.5,3.7,2.0,4.7,4.5,Não,5.958,5.0,Fase 5,-2,,,,,
RA-240,Fase 3,F,Aluno-240,2009,13,F,2017,Privada,2022,Ametista,Ametista,Agata,6.943,4.0,Avaliador-6,Avaliador-27,Avaliador-30,7.1,8.1,5.0,4.7,6.3,5.0,2.8,Não,7.042,10.0,Fase 3,0,,,,,
RA-241,Fase 3,F,Aluno-241,2008,14,M,2016,Privada,2022,Ametista,Topazio,Topazio,8.468,4.0,Avaliador-6,Avaliador-27,Avaliador-30,10.0,10.0,7.5,7.7,8.2,7.5,7.3,Sim,9.125,5.0,Fase 4,-1,,,,,
RA-242,Fase 3,F,Aluno-242,2009,13,M,2018,Privada,2022,Ametista,Ametista,Topazio,8.673,4.0,Avaliador-6,Avaliador-27,Avaliador-30,9.6,9.7,5.6,8.2,8.7,7.2,8.7,Sim,8.708,10.0,Fase 3,0,,,,,
RA-243,Fase 3,F,Aluno-243,2007,15,F,2022,Publica,2022,,,Agata,6.982,4.0,Avaliador-6,Avaliador-27,Avaliador-30,7.1,8.7,5.0,6.0,5.0,5.3,7.7,Não,7.875,5.0,Fase 5,-2,,,,,
RA-244,Fase 3,F,Aluno-244,2010,12,F,2018,Privada,2022,Topazio,Topazio,Topazio,8.51,4.0,Avaliador-6,Avaliador-27,Avaliador-30,7.5,9.4,6.3,7.8,6.7,8.0,8.7,Sim,9.208,10.0,Fase 3,0,,,,,
RA-245,Fase 3,F,Aluno-245,2008,14,M,2016,Privada,2022,Ametista,Topazio,Topazio,8.656,4.0,Avaliador-6,Avaliador-27,Avaliador-30,10.0,9.9,7.5,8.4,8.3,8.2,8.8,Sim,9.25,5.0,Fase 4,-1,,,,,
RA-246,Fase 3,F,Aluno-246,2009,13,M,2022,Publica,2022,,,Topazio,8.639,4.0,Avaliador-6,Avaliador-27,Avaliador-30,8.3,9.4,7.5,7.6,8.0,6.7,8.0,Sim,9.167,10.0,Fase 3,0,,,,,
RA-247,Fase 3,F,Aluno-247,2009,13,F,2021,Publica,2022,,Agata,Ametista,7.72,4.0,Avaliador-6,Avaliador-27,Avaliador-30,8.3,8.2,7.5,5.8,5.3,5.7,6.3,Não,7.875,10.0,Fase 3,0,,,,,
RA-248,Fase 3,F,Aluno-248,2009,13,M,2022,Publica,2022,,,Ametista,7.429,4.0,Avaliador-6,Avaliador-27,Avaliador-30,9.2,7.6,7.5,5.2,4.0,5.5,6.0,Não,7.292,10.0,Fase 3,0,,,,,
RA-249,Fase 3,G,Aluno-249,2008,14,M,2017,Publica,2022,Agata,Agata,Quartzo,5.097,4.0,Avaliador-6,Avaliador-27,Avaliador-30,6.7,7.4,5.0,2.9,2.3,4.2,2.2,Não,4.292,5.0,Fase 4,-1,,,,,
RA-250,Fase 3,G,Aluno-250,2010,12,F,2022,Publica,2022,,,Ametista,7.958,4.0,Avaliador-6,Avaliador-27,Avaliador-30,8.3,8.6,7.5,6.6,6.7,6.5,6.7,Não,7.625,10.0,Fase 3,0,,,,,
RA-251,Fase 3,G,Aluno-251,2007,15,M,2018,Publica,2022,Ametista,Ametista,Agata,7.022,4.0,Avaliador-6,Avaliador-27,Avaliador-30,10.0,8.1,5.6,6.3,5.3,6.3,7.2,Não,6.625,5.0,Fase 5,-2,,,,,
RA-252,Fase 3,G,Aluno-252,2008,14,M,2018,Publica,2022,Agata,Quartzo,Quartzo,4.277,4.0,Avaliador-6,Avaliador-27,Avaliador-30,9.2,2.8,7.5,0.9,1.3,1.2,0.2,Não,3.875,5.0,Fase 4,-1,,,,,
RA-253,Fase 3,G,Aluno-253,2007,15,M,2019,Publica,2022,Agata,Agata,Quartzo,4.312,4.0,Avaliador-6,Avaliador-27,Avaliador-30,9.2,3.6,5.0,1.8,1.0,3.7,0.7,Não,3.75,5.0,Fase 5,-2,,,,,
RA-254,Fase 3,G,Aluno-254,2008,14,M,2019,Publica,2022,Ametista,Ametista,Agata,6.715,4.0,Avaliador-6,Avaliador-27,Avaliador-30,10.0,7.4,5.6,5.3,5.0,6.8,4.0,Não,6.917,5.0,Fase 4,-1,,,,,
RA-255,Fase 3,G,Aluno-255,2008,14,M,2019,Publica,2022,Quartzo,Quartzo,Quartzo,4.563,4.0,Avaliador-6,Avaliador-27,Avaliador-30,7.5,3.8,5.0,1.3,1.0,2.3,0.5,Não,5.542,5.0,Fase 4,-1,,,,,
RA-256,Fase 3,G,Aluno-256,2010,12,F,2019,Publica,2022,Ametista,Ametista,Ametista,7.192,4.0,Avaliador-6,Avaliador-27,Avaliador-30,8.8,8.5,5.0,5.2,5.3,6.7,3.5,Não,6.708,10.0,Fase 3,0,,,,,
RA-257,Fase 3,G,Aluno-257,2008,14,F,2018,Publica,2022,Ametista,Ametista,Quartzo,5.149,4.0,Avaliador-6,Avaliador-27,Avaliador-30,0.0,6.4,5.6,3.6,4.0,5.2,1.5,Não,6.708,5.0,Fase 4,-1,,,,,
RA-258,Fase 3,G,Aluno-258,2010,12,F,2018,Publica,2022,Ametista,Topazio,Agata,6.926,4.0,Avaliador-6,Avaliador-27,Avaliador-30,10.0,7.3,5.6,4.8,2.7,6.2,5.5,Não,6.125,10.0,Fase 3,0,,,,,
RA-259,Fase 3,G,Aluno-259,2006,16,M,2017,Publica,2022,Quartzo,Quartzo,Quartzo,4.182,4.0,Avaliador-6,Avaliador-27,Avaliador-30,8.8,2.9,7.5,0.9,0.0,2.7,0.2,Não,4.625,2.5,Fase 6,-3,,,,,
RA-260,Fase 3,G,Aluno-260,2009,13,F,2019,Publica,2022,Topazio,Ametista,Ametista,7.44,4.0,Avaliador-6,Avaliador-27,Avaliador-30,10.0,8.2,7.5,5.0,5.7,5.2,4.2,Não,6.458,10.0,Fase 3,0,,,,,
RA-261,Fase 3,G,Aluno-261,2008,14,F,2019,Publica,2022,Agata,Quartzo,Agata,6.763,4.0,Avaliador-6,Avaliador-27,Avaliador-30,8.8,7.2,5.6,5.8,6.2,5.8,5.5,Não,7.042,5.0,Fase 4,-1,,,,,
RA-262,Fase 3,G,Aluno-262,2007,15,M,2021,Publica,2022,,Quartzo,Quartzo,4.786,4.0,Avaliador-6,Avaliador-27,Avaliador-30,0.0,5.8,5.6,3.4,1.3,5.5,3.5,Não,5.625,5.0,Fase 5,-2,,,,,
RA-263,Fase 3,G,Aluno-263,2007,15,F,2019,Publica,2022,Agata,Quartzo,Quartzo,5.319,4.0,Avaliador-6,Avaliador-27,Avaliador-30,5.8,5.6,7.5,3.7,3.0,2.8,5.4,Não,4.417,5.0,Fase 5,-2,,,,,
RA-264,Fase 3,I,Aluno-264,2007,15,F,2022,Publica,2022,,,Ametista,7.087,4.0,Avaliador-6,Avaliador-27,Avaliador-30,10.0,9.2,5.6,5.8,6.0,5.5,,Não,6.625,5.0,Fase 5,-2,,,,,
RA-265,Fase 3,I,Aluno-265,2009,13,M,2019,Publica,2022,Ametista,Ametista,Ametista,7.926,4.0,Avaliador-6,Avaliador-27,Avaliador-30,8.3,7.7,7.5,6.9,5.3,7.0,8.5,Não,7.917,10.0,Fase 3,0,,,,,
RA-266,Fase 3,I,Aluno-266,2006,16,F,2019,Publica,2022,Quartzo,Quartzo,Quartzo,5.987,4.0,Avaliador-6,Avaliador-27,Avaliador-30,7.5,5.8,5.6,6.0,5.0,6.7,6.3,Não,6.583,2.5,Fase 6,-3,,,,,
RA-267,Fase 3,I,Aluno-267,2007,15,F,2016,Publica,2022,Agata,Quartzo,Agata,6.012,4.0,Avaliador-6,Avaliador-27,Avaliador-30,10.0,7.4,5.0,3.3,2.3,4.8,2.7,Não,6.292,5.0,Fase 5,-2,,,,,
RA-268,Fase 3,K,Aluno-268,2008,14,F,2021,Publica,2022,,Agata,Agata,6.695,4.0,Avaliador-6,Avaliador-27,Avaliador-30,9.2,6.7,6.3,5.7,7.0,6.8,3.2,Não,7.208,5.0,Fase 4,-1,,,,,
RA-269,Fase 3,K,Aluno-269,2009,13,M,2022,Publica,2022,,,Topazio,8.231,4.0,Avaliador-6,Avaliador-27,Avaliador-30,9.2,8.6,6.3,8.9,8.7,9.5,8.5,Não,7.25,10.0,Fase 3,0,,,,,
RA-270,Fase 3,K,Aluno-270,2009,13,F,2019,Privada,2022,Ametista,Topazio,Topazio,8.226,4.0,Avaliador-6,Avaliador-27,Avaliador-30,8.3,8.4,6.9,7.9,8.0,7.2,8.5,Não,8.125,10.0,Fase 3,0,,,,,
RA-271,Fase 3,K,Aluno-271,2007,15,F,2022,Publica,2022,,,Ametista,7.255,4.0,Avaliador-6,Avaliador-27,Avaliador-30,9.2,8.5,5.6,7.1,6.3,6.5,8.3,Não,6.958,5.0,Fase 5,-2,,,,,
RA-272,Fase 3,K,Aluno-272,2008,14,M,2021,Publica,2022,,Agata,Agata,6.361,4.0,Avaliador-6,Avaliador-27,Avaliador-30,9.2,5.7,7.5,5.1,5.0,6.8,3.5,Não,6.417,5.0,Fase 4,-1,,,,,
RA-273,Fase 3,K,Aluno-273,2008,14,F,2018,Publica,2022,Ametista,Ametista,Quartzo,5.679,4.0,Avaliador-6,Avaliador-27,Avaliador-30,9.2,5.3,7.5,3.0,3.8,4.7,0.5,Não,5.833,5.0,Fase 4,-1,,,,,
RA-274,Fase 3,K,Aluno-274,2011,11,F,2019,Privada,2022,Ametista,Topazio,Ametista,7.946,4.0,Avaliador-6,Avaliador-27,Avaliador-30,7.9,8.3,7.5,8.1,8.1,9.3,7.0,Não,7.0,10.0,Fase 2,1,,,,,
RA-275,Fase 3,K,Aluno-275,2007,15,M,2018,Publica,2022,Quartzo,Agata,Agata,6.665,4.0,Avaliador-6,Avaliador-27,Avaliador-30,9.6,6.9,7.5,4.6,5.0,6.0,2.7,Não,6.667,5.0,Fase 5,-2,,,,,
RA-276,Fase 3,K,Aluno-276,2008,14,F,2017,Publica,2022,Agata,Quartzo,Quartzo,5.527,4.0,Avaliador-6,Avaliador-27,Avaliador-30,7.1,5.7,5.6,4.3,3.7,6.0,3.3,Não,5.125,5.0,Fase 4,-1,,,,,
RA-277,Fase 3,K,Aluno-277,2008,14,M,2021,Publica,2022,,Ametista,Ametista,7.411,4.0,Avaliador-6,Avaliador-27,Avaliador-30,7.1,8.8,7.5,7.4,7.2,7.0,8.2,Não,7.208,5.0,Fase 4,-1,,,,,
RA-278,Fase 3,K,Aluno-278,2010,12,M,2018,Privada,2022,Ametista,Topazio,Ametista,7.741,4.0,Avaliador-6,Avaliador-27,Avaliador-30,8.8,9.2,5.6,6.0,5.7,5.8,6.4,Não,7.417,10.0,Fase 3,0,,,,,
RA-279,Fase 3,K,Aluno-279,2009,13,M,2019,Privada,2022,Topazio,Topazio,Topazio,8.815,4.0,Avaliador-6,Avaliador-27,Avaliador-30,9.2,9.9,6.3,9.1,9.7,8.3,9.3,Não,8.208,10.0,Fase 3,0,,,,,
RA-280,Fase 3,K,Aluno-280,2009,13,F,2021,Privada,2022,,Topazio,Ametista,8.046,4.0,Avaliador-6,Avaliador-27,Avaliador-30,7.5,9.2,7.5,7.1,5.7,7.0,8.7,Não,7.333,10.0,Fase 3,0,,,,,
RA-281,Fase 3,K,Aluno-281,2009,13,F,2019,Publica,2022,Ametista,Agata,Agata,6.806,4.0,Avaliador-6,Avaliador-27,Avaliador-30,6.7,6.9,7.5,5.9,5.0,6.8,6.0,Não,5.625,10.0,Fase 3,0,,,,,
RA-282,Fase 3,K,Aluno-282,2009,13,F,2019,Publica,2022,Ametista,Agata,Agata,6.618,4.0,Avaliador-6,Avaliador-27,Avaliador-30,8.8,6.8,7.5,4.0,4.7,6.3,1.0,Não,5.625,10.0,Fase 3,0,,,,,
RA-283,Fase 3,K,Aluno-283,2008,14,M,2020,Publica,2022,Agata,Agata,Ametista,7.131,4.0,Avaliador-6,Avaliador-27,Avaliador-30,9.6,8.8,7.5,5.6,4.5,5.8,6.6,Não,6.625,5.0,Fase 4,-1,,,,,
RA-284,Fase 3,L,Aluno-284,2009,13,M,2022,Publica,2022,,,Quartzo,5.939,4.0,Avaliador-6,Avaliador-27,Avaliador-30,6.7,5.1,5.6,3.8,7.0,4.5,0.0,Não,5.958,10.0,Fase 3,0,,,,,
RA-285,Fase 3,L,Aluno-285,2006,16,F,2020,Publica,2022,Ametista,Quartzo,Quartzo,5.063,4.0,Avaliador-6,Avaliador-27,Avaliador-30,9.2,4.1,7.5,2.8,4.0,3.2,1.2,Não,5.75,2.5,Fase 6,-3,,,,,
RA-286,Fase 3,L,Aluno-286,2007,15,F,2022,Publica,2022,,,Quartzo,5.424,4.0,Avaliador-6,Avaliador-27,Avaliador-30,7.1,5.8,6.3,3.0,4.7,2.3,2.0,Não,5.625,5.0,Fase 5,-2,,,,,
RA-287,Fase 3,L,Aluno-287,2005,17,F,2022,Publica,2022,,,Quartzo,3.7,4.0,Avaliador-6,Avaliador-27,Avaliador-30,7.9,3.4,5.0,1.1,0.7,2.5,0.2,Não,4.292,2.5,Fase 7,-4,,,,,
RA-288,Fase 3,L,Aluno-288,2006,16,F,2022,Publica,2022,,,Quartzo,4.097,4.0,Avaliador-6,Avaliador-27,Avaliador-30,0.0,5.6,6.3,0.0,,,,Não,6.833,2.5,Fase 6,-3,,,,,
RA-289,Fase 3,L,Aluno-289,2008,14,F,2020,Publica,2022,Ametista,Quartzo,Agata,6.236,4.0,Avaliador-6,Avaliador-27,Avaliador-30,0.0,7.8,6.3,6.8,5.3,7.5,7.5,Não,7.25,5.0,Fase 4,-1,,,,,
RA-290,Fase 3,L,Aluno-290,2005,17,F,2022,Publica,2022,,,Quartzo,4.929,4.0,Avaliador-6,Avaliador-27,Avaliador-30,10.0,3.9,6.3,1.7,1.0,2.3,1.8,Não,6.042,2.5,Fase 7,-4,,,,,
RA-291,Fase 3,L,Aluno-291,2009,13,M,2022,Publica,2022,,,Topazio,8.122,4.0,Avaliador-6,Avaliador-27,Avaliador-30,8.3,8.2,6.9,8.0,8.0,7.5,8.5,Não,7.792,10.0,Fase 3,0,,,,,
RA-292,Fase 3,L,Aluno-292,2006,16,M,2022,Publica,2022,,,Quartzo,4.837,4.0,Avaliador-6,Avaliador-27,Avaliador-30,7.9,3.7,7.5,1.8,0.0,5.0,0.5,Não,6.292,2.5,Fase 6,-3,,,,,
RA-293,Fase 3,L,Aluno-293,2009,13,M,2022,Publica,2022,,,Quartzo,4.875,4.0,Avaliador-6,Avaliador-27,Avaliador-30,8.8,2.9,7.5,2.3,2.0,3.8,1.0,Não,3.333,10.0,Fase 3,0,,,,,
RA-294,Fase 3,L,Aluno-294,2004,18,F,2022,Publica,2022,,,Quartzo,5.031,4.0,Avaliador-6,Avaliador-27,Avaliador-30,9.6,5.8,7.5,0.0,,,,Não,5.917,2.5,Fase 8,-5,,,,,
RA-295,Fase 3,M,Aluno-295,2008,14,F,2022,Publica,2022,,,Ametista,7.305,4.0,Avaliador-6,Avaliador-27,Avaliador-30,7.9,8.0,7.5,6.9,5.3,7.7,7.7,Não,7.375,5.0,Fase 4,-1,,,,,
RA-296,Fase 3,M,Aluno-296,2007,15,F,2022,Publica,2022,,,Quartzo,4.665,4.0,Avaliador-6,Avaliador-27,Avaliador-30,8.8,3.6,7.5,2.8,5.7,2.7,0.2,Não,3.833,5.0,Fase 5,-2,,,,,
RA-297,Fase 3,M,Aluno-297,2009,13,F,2022,Publica,2022,,,Ametista,7.478,4.0,Avaliador-6,Avaliador-27,Avaliador-30,7.1,7.9,6.3,6.6,6.3,5.3,8.2,Não,7.417,10.0,Fase 3,0,,,,,
RA-298,Fase 3,M,Aluno-298,2009,13,M,2019,Publica,2022,Ametista,Agata,Agata,6.409,4.0,Avaliador-6,Avaliador-27,Avaliador-30,9.2,6.3,5.6,5.2,5.5,4.8,,Não,5.417,10.0,Fase 3,0,,,,,
RA-299,Fase 3,M,Aluno-299,2009,13,F,2019,Privada,2022,Topazio,Ametista,Ametista,7.278,4.0,Avaliador-6,Avaliador-27,Avaliador-30,7.1,8.2,5.0,6.8,6.3,7.3,6.7,Não,6.708,10.0,Fase 3,0,,,,,
RA-300,Fase 3,M,Aluno-300,2008,14,M,2022,Publica,2022,,,Quartzo,5.557,4.0,Avaliador-6,Avaliador-27,Avaliador-30,5.4,6.9,6.3,3.1,2.7,4.8,1.7,Não,5.875,5.0,Fase 4,-1,,,,,
RA-301,Fase 3,M,Aluno-301,2009,13,F,2019,Publica,2022,Ametista,Ametista,Agata,6.802,4.0,Avaliador-6,Avaliador-27,Avaliador-30,8.8,5.8,5.6,6.3,6.5,7.2,5.4,Não,6.042,10.0,Fase 3,0,,,,,
RA-302,Fase 3,M,Aluno-302,2006,16,M,2022,Publica,2022,,,Agata,6.334,4.0,Avaliador-6,Avaliador-27,Avaliador-30,9.2,7.7,6.9,4.8,4.3,5.0,5.0,Não,6.208,2.5,Fase 6,-3,,,,,
RA-303,Fase 3,M,Aluno-303,2008,14,M,2019,Publica,2022,Ametista,Agata,Agata,6.03,4.0,Avaliador-6,Avaliador-27,Avaliador-30,7.5,7.2,7.5,3.9,3.8,4.0,,Não,5.375,5.0,Fase 4,-1,,,,,
RA-304,Fase 3,M,Aluno-304,2007,15,M,2020,Publica,2022,Ametista,Agata,Agata,6.355,4.0,Avaliador-6,Avaliador-27,Avaliador-30,8.8,7.7,7.5,4.3,3.0,5.5,,Não,5.542,5.0,Fase 5,-2,,,,,
RA-305,Fase 3,M,Aluno-305,2008,14,M,2019,Publica,2022,Ametista,Agata,Agata,6.058,4.0,Avaliador-6,Avaliador-27,Avaliador-30,7.9,6.6,7.5,4.8,2.8,6.7,,Não,5.208,5.0,Fase 4,-1,,,,,
RA-306,Fase 3,M,Aluno-306,2008,14,F,2021,Publica,2022,,Ametista,Agata,6.427,4.0,Avaliador-6,Avaliador-27,Avaliador-30,8.3,6.8,7.5,5.2,4.7,5.8,5.0,Não,5.958,5.0,Fase 4,-1,,,,,
RA-307,Fase 3,M,Aluno-307,2008,14,M,2022,Publica,2022,,,Quartzo,4.733,4.0,Avaliador-6,Avaliador-27,Avaliador-30,5.4,4.5,7.5,2.5,5.0,0.0,,Não,4.708,5.0,Fase 4,-1,,,,,
RA-308,Fase 3,M,Aluno-308,2009,13,M,2019,Publica,2022,Ametista,Ametista,Agata,6.93,4.0,Avaliador-6,Avaliador-27,Avaliador-30,7.9,7.4,6.9,5.0,6.7,5.5,2.8,Não,6.167,10.0,Fase 3,0,,,,,
RA-309,Fase 3,M,Aluno-309,2008,14,F,2022,Publica,2022,,,Agata,6.151,4.0,Avaliador-6,Avaliador-27,Avaliador-30,9.2,5.2,7.5,6.5,7.0,6.0,,Não,5.083,5.0,Fase 4,-1,,,,,
RA-310,Fase 3,M,Aluno-310,2007,15,F,2022,Publica,2022,,,Agata,6.4,4.0,Avaliador-6,Avaliador-27,Avaliador-30,7.9,7.5,7.5,4.5,3.7,3.8,6.0,Não,6.0,5.0,Fase 5,-2,,,,,
RA-311,Fase 3,N,Aluno-311,2006,16,F,2022,Publica,2022,,,Quartzo,5.652,3.0,Avaliador-6,Avaliador-30,Avaliador-31,7.9,5.6,5.0,5.2,5.0,6.2,4.3,Não,6.222,2.5,Fase 6,-3,,,,,
RA-312,Fase 3,N,Aluno-312,2009,13,F,2022,Publica,2022,,,Ametista,7.339,3.0,Avaliador-6,Avaliador-30,Avaliador-31,9.6,8.1,7.5,5.2,6.0,4.5,5.0,Não,6.167,10.0,Fase 3,0,,,,,
RA-313,Fase 3,N,Aluno-313,2008,14,F,2022,Publica,2022,,,Quartzo,5.8,3.0,Avaliador-6,Avaliador-30,Avaliador-31,7.5,7.0,5.0,4.1,4.7,5.0,2.5,Não,5.889,5.0,Fase 4,-1,,,,,
RA-314,Fase 3,N,Aluno-314,2009,13,F,2022,Publica,2022,,,Agata,6.1,3.0,Avaliador-6,Avaliador-30,Avaliador-31,5.4,5.4,5.0,5.3,4.3,3.3,8.3,Não,6.0,10.0,Fase 3,0,,,,,
RA-315,Fase 3,N,Aluno-315,2009,13,F,2022,Publica,2022,,,Quartzo,5.672,3.0,Avaliador-6,Avaliador-30,Avaliador-31,6.7,5.1,7.5,3.0,3.0,4.2,1.8,Não,5.056,10.0,Fase 3,0,,,,,
RA-316,Fase 3,N,Aluno-316,2008,14,F,2022,Publica,2022,,,Ametista,7.889,3.0,Avaliador-6,Avaliador-30,Avaliador-31,10.0,10.0,6.9,6.1,7.0,6.5,4.7,Sim,8.389,5.0,Fase 4,-1,,,,,
RA-317,Fase 3,N,Aluno-317,2009,13,M,2021,Publica,2022,,Ametista,Ametista,7.04,3.0,Avaliador-6,Avaliador-30,Avaliador-31,8.8,5.6,7.5,6.8,4.7,5.7,10.0,Não,5.944,10.0,Fase 3,0,,,,,
RA-318,Fase 3,N,Aluno-318,2008,14,F,2019,Publica,2022,Agata,Ametista,Agata,6.527,3.0,Avaliador-6,Avaliador-30,Avaliador-31,8.3,6.9,6.9,5.8,4.3,5.8,7.3,Não,6.111,5.0,Fase 4,-1,,,,,
RA-319,Fase 3,N,Aluno-319,2009,13,M,2022,Publica,2022,,,Ametista,7.448,3.0,Avaliador-6,Avaliador-30,Avaliador-31,9.2,7.7,7.5,5.2,6.3,4.3,5.0,Não,7.5,10.0,Fase 3,0,,,,,
RA-320,Fase 3,N,Aluno-320,2008,14,F,2022,Publica,2022,,,Ametista,7.897,3.0,Avaliador-6,Avaliador-30,Avaliador-31,8.8,10.0,6.9,6.4,7.3,6.3,5.7,Sim,8.667,5.0,Fase 4,-1,,,,,
RA-321,Fase 3,N,Aluno-321,2010,12,F,2022,Publica,2022,,,Ametista,7.792,3.0,Avaliador-6,Avaliador-30,Avaliador-31,9.2,9.1,5.6,5.2,5.7,6.2,3.7,Não,8.278,10.0,Fase 3,0,,,,,
RA-322,Fase 3,N,Aluno-322,2009,13,F,2022,Publica,2022,,,Agata,6.859,3.0,Avaliador-6,Avaliador-30,Avaliador-31,7.1,8.1,5.0,4.7,4.3,5.7,4.0,Não,6.778,10.0,Fase 3,0,,,,,
RA-323,Fase 3,N,Aluno-323,2009,13,M,2022,Publica,2022,,,Agata,6.86,3.0,Avaliador-6,Avaliador-30,Avaliador-31,9.2,7.3,7.5,3.4,7.3,2.5,0.5,Não,6.611,10.0,Fase 3,0,,,,,
RA-324,Fase 2,A,Aluno-324,2012,10,F,2022,Publica,2022,,,Topazio,8.27,3.0,Avaliador-5,Avaliador-2,Avaliador-15,10.0,9.3,6.9,6.8,6.3,7.2,,Sim,8.611,10.0,Fase 2,0,,,,,
RA-325,Fase 2,A,Aluno-325,2012,10,M,2022,Publica,2022,,,Ametista,7.619,3.0,Avaliador-5,Avaliador-2,Avaliador-15,9.5,6.8,7.5,6.0,6.0,6.0,,Sim,8.444,10.0,Fase 2,0,,,,,
RA-326,Fase 2,A,Aluno-326,2010,12,F,2022,Publica,2022,,,Topazio,8.22,3.0,Avaliador-5,Avaliador-2,Avaliador-15,10.0,9.7,5.0,9.0,8.7,9.3,,Sim,8.944,5.0,Fase 3,-1,,,,,
RA-327,Fase 2,A,Aluno-327,2011,11,M,2021,Publica,2022,,Ametista,Agata,6.986,3.0,Avaliador-5,Avaliador-2,Avaliador-15,8.5,8.8,7.5,2.8,2.3,3.2,,Não,7.333,10.0,Fase 2,0,,,,,
RA-328,Fase 2,A,Aluno-328,2010,12,M,2020,Publica,2022,Ametista,Ametista,Agata,6.823,3.0,Avaliador-5,Avaliador-2,Avaliador-15,10.0,7.0,7.5,5.3,4.0,6.5,,Não,7.5,5.0,Fase 3,-1,,,,,
RA-329,Fase 2,A,Aluno-329,2011,11,M,2019,Publica,2022,Ametista,Agata,Agata,6.313,3.0,Avaliador-5,Avaliador-2,Avaliador-15,7.4,6.9,4.4,5.0,3.0,7.0,,Não,5.778,10.0,Fase 2,0,,,,,
RA-330,Fase 2,A,Aluno-330,2008,14,F,2018,Publica,2022,Agata,Agata,Agata,6.446,3.0,Avaliador-5,Avaliador-2,Avaliador-15,9.5,8.8,7.5,2.5,2.3,2.7,,Não,7.056,5.0,Fase 4,-2,,,,,
RA-331,Fase 2,A,Aluno-331,2010,12,F,2019,Publica,2022,Ametista,Ametista,Agata,6.636,3.0,Avaliador-5,Avaliador-2,Avaliador-15,9.0,8.7,7.5,3.7,2.3,5.0,,Não,6.944,5.0,Fase 3,-1,,,,,
RA-332,Fase 2,A,Aluno-332,2009,13,M,2017,Privada,2022,Ametista,Ametista,Ametista,7.883,3.0,Avaliador-5,Avaliador-2,Avaliador-15,9.5,9.0,8.1,7.5,7.5,7.5,,Sim,8.5,5.0,Fase 3,-1,,,,,
RA-333,Fase 2,A,Aluno-333,2008,14,M,2018,Privada,2022,Agata,Quartzo,Quartzo,5.249,3.0,Avaliador-5,Avaliador-2,Avaliador-15,8.0,5.8,3.8,2.9,0.2,5.7,,Não,6.722,5.0,Fase 4,-2,,,,,
RA-334,Fase 2,A,Aluno-334,2011,11,F,2019,Privada,2022,Topazio,Topazio,Ametista,7.961,3.0,Avaliador-5,Avaliador-2,Avaliador-15,6.9,9.2,4.4,8.0,7.0,9.0,,Sim,8.722,10.0,Fase 2,0,,,,,
RA-335,Fase 2,A,Aluno-335,2012,10,M,2022,Publica,2022,,,Ametista,7.902,3.0,Avaliador-5,Avaliador-2,Avaliador-15,9.5,9.4,7.5,7.4,5.8,9.0,,Não,6.833,10.0,Fase 2,0,,,,,
RA-336,Fase 2,A,Aluno-336,2009,13,M,2016,Publica,2022,Ametista,Agata,Agata,6.787,3.0,Avaliador-5,Avaliador-2,Avaliador-15,9.5,8.5,4.4,5.1,4.5,5.7,,Não,7.889,5.0,Fase 3,-1,,,,,
RA-337,Fase 2,B,Aluno-337,2011,11,M,2022,Publica,2022,,,Ametista,7.914,3.0,Avaliador-5,Avaliador-2,Avaliador-15,10.0,9.3,7.5,5.8,7.5,4.0,,Não,7.611,10.0,Fase 2,0,,,,,
RA-338,Fase 2,B,Aluno-338,2010,12,M,2019,Publica,2022,Ametista,Ametista,Agata,6.837,3.0,Avaliador-5,Avaliador-2,Avaliador-15,8.5,7.3,7.5,5.8,5.3,6.2,,Não,7.611,5.0,Fase 3,-1,,,,,
RA-339,Fase 2,B,Aluno-339,2011,11,F,2019,Publica,2022,Topazio,Ametista,Topazio,8.488,3.0,Avaliador-5,Avaliador-2,Avaliador-15,6.9,9.9,7.5,8.1,7.1,9.2,,Sim,8.889,10.0,Fase 2,0,,,,,
RA-340,Fase 2,B,Aluno-340,2011,11,M,2017,Publica,2022,Ametista,Agata,Ametista,7.721,3.0,Avaliador-5,Avaliador-2,Avaliador-15,9.0,8.2,7.5,6.5,6.0,7.0,,Não,7.667,10.0,Fase 2,0,,,,,
RA-341,Fase 2,B,Aluno-341,2010,12,M,2022,Publica,2022,,,Agata,6.854,3.0,Avaliador-5,Avaliador-2,Avaliador-15,8.0,7.7,7.5,5.8,5.0,6.5,,Não,7.5,5.0,Fase 3,-1,,,,,
RA-342,Fase 2,B,Aluno-342,2008,14,F,2021,Publica,2022,,Quartzo,Agata,6.941,3.0,Avaliador-5,Avaliador-2,Avaliador-15,9.0,6.7,7.5,6.6,5.5,7.7,,Não,7.5,5.0,Fase 4,-2,,,,,
RA-343,Fase 2,B,Aluno-343,2008,14,M,2020,Publica,2022,Ametista,Quartzo,Agata,6.9,3.0,Avaliador-5,Avaliador-2,Avaliador-15,9.5,7.4,7.5,5.9,4.2,7.7,,Não,7.167,5.0,Fase 4,-2,,,,,
RA-344,Fase 2,B,Aluno-344,2011,11,M,2019,Publica,2022,Topazio,Ametista,Ametista,7.263,3.0,Avaliador-5,Avaliador-2,Avaliador-15,8.5,8.3,7.5,4.5,2.3,6.7,,Não,7.5,10.0,Fase 2,0,,,,,
RA-345,Fase 2,B,Aluno-345,2009,13,M,2021,Publica,2022,,Ametista,Quartzo,5.75,3.0,Avaliador-5,Avaliador-2,Avaliador-15,9.5,5.4,5.6,3.6,1.3,5.8,,Não,6.667,5.0,Fase 3,-1,,,,,
RA-346,Fase 2,B,Aluno-346,2012,10,M,2022,Publica,2022,,,Topazio,8.143,3.0,Avaliador-5,Avaliador-2,Avaliador-15,10.0,9.1,7.5,7.0,6.0,8.0,,Não,7.889,10.0,Fase 2,0,,,,,
RA-347,Fase 2,B,Aluno-347,2010,12,F,2019,Publica,2022,Topazio,Ametista,Ametista,7.908,3.0,Avaliador-5,Avaliador-2,Avaliador-15,9.0,10.0,5.6,8.5,8.5,8.5,,Não,8.0,5.0,Fase 3,-1,,,,,
RA-348,Fase 2,B,Aluno-348,2010,12,M,2022,Publica,2022,,,Quartzo,5.864,3.0,Avaliador-5,Avaliador-2,Avaliador-15,9.0,8.7,7.5,1.8,0.5,3.0,,Não,5.833,5.0,Fase 3,-1,,,,,
RA-349,Fase 2,B,Aluno-349,2010,12,M,2021,Publica,2022,,Ametista,Quartzo,5.658,3.0,Avaliador-5,Avaliador-2,Avaliador-15,9.5,7.7,7.5,3.7,2.2,5.2,,Não,3.944,5.0,Fase 3,-1,,,,,
RA-350,Fase 2,D,Aluno-350,2011,11,F,2022,Publica,2022,,,Topazio,8.206,3.0,Avaliador-5,Avaliador-27,Avaliador-30,10.0,8.8,7.5,6.5,7.0,6.0,,Sim,8.611,10.0,Fase 2,0,,,,,
RA-351,Fase 2,D,Aluno-351,2008,14,M,2022,Publica,2022,,,Agata,6.622,3.0,Avaliador-5,Avaliador-27,Avaliador-30,9.0,7.2,7.5,4.0,3.2,4.8,,Não,8.111,5.0,Fase 4,-2,,,,,
RA-352,Fase 2,D,Aluno-352,2011,11,M,2019,Publica,2022,Ametista,Ametista,Ametista,7.834,3.0,Avaliador-5,Avaliador-27,Avaliador-30,9.0,8.1,5.6,7.0,7.3,6.7,,Sim,8.389,10.0,Fase 2,0,,,,,
RA-353,Fase 2,D,Aluno-353,2011,11,F,2022,Publica,2022,,,Topazio,8.264,3.0,Avaliador-5,Avaliador-27,Avaliador-30,7.0,10.0,7.5,7.5,8.0,7.0,,Sim,8.444,10.0,Fase 2,0,,,,,
RA-354,Fase 2,D,Aluno-354,2009,13,F,2018,Publica,2022,Ametista,Agata,Quartzo,5.858,3.0,Avaliador-5,Avaliador-27,Avaliador-30,8.5,4.3,7.5,4.5,2.8,6.2,,Não,7.333,5.0,Fase 3,-1,,,,,
RA-355,Fase 2,D,Aluno-355,2010,12,F,2018,Publica,2022,Ametista,Quartzo,Quartzo,5.379,3.0,Avaliador-5,Avaliador-27,Avaliador-30,5.8,5.0,7.5,4.5,5.5,3.5,,Não,6.056,5.0,Fase 3,-1,,,,,
RA-356,Fase 2,D,Aluno-356,2010,12,M,2019,Publica,2022,Topazio,Topazio,Agata,6.69,3.0,Avaliador-5,Avaliador-27,Avaliador-30,10.0,8.4,5.0,4.6,5.3,3.8,,Não,8.278,5.0,Fase 3,-1,,,,,
RA-357,Fase 2,D,Aluno-357,2010,12,M,2022,Publica,2022,,,Ametista,7.836,3.0,Avaliador-5,Avaliador-27,Avaliador-30,8.0,9.6,7.5,8.5,10.0,7.0,,Não,7.778,5.0,Fase 3,-1,,,,,
RA-358,Fase 2,D,Aluno-358,2009,13,M,2022,Publica,2022,,,Quartzo,5.412,3.0,Avaliador-5,Avaliador-27,Avaliador-30,7.5,6.5,7.5,0.0,0.0,0.0,,Não,7.556,5.0,Fase 3,-1,,,,,
RA-359,Fase 2,D,Aluno-359,2010,12,F,2019,Publica,2022,Ametista,Agata,Agata,6.606,3.0,Avaliador-5,Avaliador-27,Avaliador-30,9.0,7.0,7.5,4.6,3.3,5.8,,Não,7.5,5.0,Fase 3,-1,,,,,
RA-360,Fase 2,D,Aluno-360,2010,12,F,2019,Publica,2022,Ametista,Agata,Ametista,7.075,3.0,Avaliador-5,Avaliador-27,Avaliador-30,9.5,8.5,7.5,5.2,4.7,5.7,,Não,7.5,5.0,Fase 3,-1,,,,,
RA-361,Fase 2,F,Aluno-361,2009,13,F,2022,Publica,2022,,,Agata,6.731,3.0,Avaliador-5,Avaliador-2,Avaliador-15,7.9,9.2,6.3,5.0,4.0,6.0,,Não,6.778,5.0,Fase 3,-1,,,,,
RA-362,Fase 2,F,Aluno-362,2010,12,F,2018,Publica,2022,Agata,Quartzo,Ametista,7.413,3.0,Avaliador-5,Avaliador-2,Avaliador-15,8.5,7.9,7.5,7.9,6.5,9.3,,Não,7.5,5.0,Fase 3,-1,,,,,
RA-363,Fase 2,F,Aluno-363,2010,12,M,2022,Publica,2022,,,Agata,6.644,3.0,Avaliador-5,Avaliador-2,Avaliador-15,10.0,10.0,6.9,2.0,1.0,3.0,,Não,7.056,5.0,Fase 3,-1,,,,,
RA-364,Fase 2,F,Aluno-364,2011,11,M,2019,Publica,2022,Ametista,Topazio,Topazio,8.75,3.0,Avaliador-5,Avaliador-2,Avaliador-15,9.5,10.0,7.5,8.8,9.5,8.0,,Não,8.167,10.0,Fase 2,0,,,,,
RA-365,Fase 2,F,Aluno-365,2012,10,F,2022,Publica,2022,,,Topazio,8.063,3.0,Avaliador-5,Avaliador-2,Avaliador-15,8.0,10.0,5.0,7.8,6.0,9.5,,Não,7.833,10.0,Fase 2,0,,,,,
RA-366,Fase 2,F,Aluno-366,2010,12,M,2022,Publica,2022,,,Ametista,7.181,3.0,Avaliador-5,Avaliador-2,Avaliador-15,9.5,9.4,7.5,5.5,6.0,5.0,,Não,6.833,5.0,Fase 3,-1,,,,,
RA-367,Fase 2,F,Aluno-367,2010,12,F,2018,Publica,2022,Topazio,Ametista,Agata,6.95,3.0,Avaliador-5,Avaliador-2,Avaliador-15,8.5,7.4,6.3,6.7,5.2,8.2,,Não,7.5,5.0,Fase 3,-1,,,,,
RA-368,Fase 2,F,Aluno-368,2009,13,M,2018,Privada,2022,Ametista,Ametista,Agata,6.969,3.0,Avaliador-5,Avaliador-2,Avaliador-15,8.0,7.9,5.0,7.3,5.5,9.0,,Não,7.5,5.0,Fase 3,-1,,,,,
RA-369,Fase 2,F,Aluno-369,2011,11,M,2022,Publica,2022,,,Agata,6.973,3.0,Avaliador-5,Avaliador-2,Avaliador-15,9.0,6.9,7.5,4.8,4.0,5.5,,Não,6.889,10.0,Fase 2,0,,,,,
RA-370,Fase 2,F,Aluno-370,2010,12,F,2018,Privada,2022,Ametista,Ametista,Ametista,7.066,3.0,Avaliador-5,Avaliador-2,Avaliador-15,8.5,8.2,5.0,7.2,5.2,9.2,,Não,7.611,5.0,Fase 3,-1,,,,,
RA-371,Fase 2,F,Aluno-371,2012,10,F,2022,Publica,2022,,,Topazio,8.112,3.0,Avaliador-5,Avaliador-2,Avaliador-15,9.5,8.0,6.9,8.4,7.8,9.0,,Não,7.667,10.0,Fase 2,0,,,,,
RA-372,Fase 2,F,Aluno-372,2012,10,M,2021,Publica,2022,,Topazio,Ametista,7.304,3.0,Avaliador-5,Avaliador-2,Avaliador-15,8.5,5.5,6.9,7.8,8.3,7.2,,Não,7.389,10.0,Fase 2,0,,,,,
RA-373,Fase 2,F,Aluno-373,2011,11,M,2022,Publica,2022,,,Ametista,7.503,3.0,Avaliador-5,Avaliador-2,Avaliador-15,6.4,9.5,5.0,7.3,6.5,8.0,,Não,6.944,10.0,Fase 2,0,,,,,
RA-374,Fase 2,F,Aluno-374,2010,12,F,2021,Publica,2022,,Agata,Ametista,7.747,3.0,Avaliador-5,Avaliador-2,Avaliador-15,9.0,9.8,7.5,6.9,5.3,8.5,,Não,7.944,5.0,Fase 3,-1,,,,,
RA-375,Fase 2,F,Aluno-375,2011,11,M,2019,Publica,2022,Topazio,Topazio,Ametista,7.831,3.0,Avaliador-5,Avaliador-2,Avaliador-15,9.0,9.5,7.5,5.4,3.3,7.5,,Não,7.667,10.0,Fase 2,0,,,,,
RA-376,Fase 2,F,Aluno-376,2010,12,F,2019,Publica,2022,Ametista,Agata,Agata,6.957,3.0,Avaliador-5,Avaliador-2,Avaliador-15,9.0,9.0,7.5,4.3,2.0,6.7,,Não,7.5,5.0,Fase 3,-1,,,,,
RA-377,Fase 2,F,Aluno-377,2010,12,F,2021,Publica,2022,,Quartzo,Agata,6.743,3.0,Avaliador-5,Avaliador-2,Avaliador-15,9.0,7.7,5.6,6.2,4.3,8.0,,Não,6.833,5.0,Fase 3,-1,,,,,
RA-378,Fase 2,I,Aluno-378,2010,12,M,2021,Publica,2022,,Agata,Ametista,7.203,3.0,Avaliador-5,Avaliador-2,Avaliador-15,9.0,6.8,5.6,8.1,8.7,7.5,,Não,7.889,5.0,Fase 3,-1,,,,,
RA-379,Fase 2,I,Aluno-379,2009,13,F,2022,Publica,2022,,,Agata,6.722,3.0,Avaliador-5,Avaliador-2,Avaliador-15,8.5,8.1,7.5,5.0,5.0,5.0,,Não,6.778,5.0,Fase 3,-1,,,,,
RA-380,Fase 2,I,Aluno-380,2009,13,M,2017,Publica,2022,Ametista,Quartzo,Quartzo,4.556,3.0,Avaliador-5,Avaliador-2,Avaliador-15,7.9,4.4,5.0,2.5,2.3,2.7,,Não,4.833,5.0,Fase 3,-1,,,,,
RA-381,Fase 2,I,Aluno-381,2009,13,M,2018,Publica,2022,Agata,Agata,Agata,6.454,3.0,Avaliador-5,Avaliador-2,Avaliador-15,9.0,8.3,6.9,3.3,1.5,5.2,,Não,6.944,5.0,Fase 3,-1,,,,,
RA-382,Fase 2,I,Aluno-382,2008,14,M,2017,Publica,2022,Ametista,Agata,Agata,6.777,3.0,Avaliador-5,Avaliador-2,Avaliador-15,9.0,7.7,6.3,5.4,4.0,6.8,,Não,7.333,5.0,Fase 4,-2,,,,,
RA-383,Fase 2,I,Aluno-383,2011,11,M,2019,Publica,2022,Topazio,Ametista,Topazio,8.4,3.0,Avaliador-5,Avaliador-2,Avaliador-15,9.0,9.6,7.5,8.1,8.0,8.2,,Não,7.778,10.0,Fase 2,0,,,,,
RA-384,Fase 2,I,Aluno-384,2010,12,F,2017,Publica,2022,Ametista,Ametista,Ametista,7.558,3.0,Avaliador-5,Avaliador-2,Avaliador-15,9.0,8.4,6.3,8.1,8.0,8.2,,Não,8.0,5.0,Fase 3,-1,,,,,
RA-385,Fase 2,I,Aluno-385,2010,12,F,2022,Publica,2022,,,Agata,6.083,3.0,Avaliador-5,Avaliador-2,Avaliador-15,7.4,7.5,5.0,4.9,2.7,7.2,,Não,6.5,5.0,Fase 3,-1,,,,,
RA-386,Fase 2,I,Aluno-386,2009,13,M,2019,Publica,2022,Agata,Agata,Agata,6.104,3.0,Avaliador-5,Avaliador-2,Avaliador-15,10.0,5.9,5.6,4.0,3.7,4.3,,Não,7.222,5.0,Fase 3,-1,,,,,
RA-387,Fase 2,I,Aluno-387,2009,13,M,2019,Publica,2022,Agata,Agata,Agata,6.323,3.0,Avaliador-5,Avaliador-2,Avaliador-15,7.0,8.2,7.5,3.7,1.3,6.0,,Não,6.833,5.0,Fase 3,-1,,,,,
RA-388,Fase 2,I,Aluno-388,2008,14,F,2019,Publica,2022,Agata,Agata,Agata,6.654,3.0,Avaliador-5,Avaliador-2,Avaliador-15,7.9,8.5,5.6,4.5,3.5,5.5,,Não,7.722,5.0,Fase 4,-2,,,,,
RA-389,Fase 2,I,Aluno-389,2011,11,M,2019,Publica,2022,Ametista,Agata,Ametista,7.184,3.0,Avaliador-5,Avaliador-2,Avaliador-15,8.0,8.9,7.5,3.5,2.0,5.0,,Não,7.556,10.0,Fase 2,0,,,,,
RA-390,Fase 2,I,Aluno-390,2010,12,F,2022,Publica,2022,,,Agata,6.776,3.0,Avaliador-5,Avaliador-2,Avaliador-15,7.4,8.8,6.3,4.7,4.0,5.3,,Não,7.722,5.0,Fase 3,-1,,,,,
RA-391,Fase 2,J,Aluno-391,2010,12,F,2022,Publica,2022,,,Ametista,7.117,3.0,Avaliador-5,Avaliador-27,Avaliador-30,10.0,8.1,7.5,5.1,5.0,5.2,,Não,8.056,5.0,Fase 3,-1,,,,,
RA-392,Fase 2,J,Aluno-392,2008,14,M,2022,Publica,2022,,,Agata,6.418,3.0,Avaliador-5,Avaliador-27,Avaliador-30,9.5,8.8,5.6,4.8,3.7,5.8,,Não,6.778,5.0,Fase 4,-2,,,,,
RA-393,Fase 2,J,Aluno-393,2006,16,F,2018,Publica,2022,Agata,Quartzo,Quartzo,5.518,3.0,Avaliador-5,Avaliador-27,Avaliador-30,10.0,5.4,5.0,4.6,4.7,4.5,,Não,6.778,2.5,Fase 6,-4,,,,,
RA-394,Fase 2,J,Aluno-394,2011,11,F,2022,Publica,2022,,,Ametista,7.897,3.0,Avaliador-5,Avaliador-27,Avaliador-30,9.5,8.6,7.5,5.9,4.3,7.5,,Sim,8.444,10.0,Fase 2,0,,,,,
RA-395,Fase 2,J,Aluno-395,2011,11,F,2018,Publica,2022,Ametista,Topazio,Ametista,7.683,3.0,Avaliador-5,Avaliador-27,Avaliador-30,9.0,8.9,7.5,4.9,4.2,5.7,,Não,8.333,10.0,Fase 2,0,,,,,
RA-396,Fase 2,J,Aluno-396,2010,12,M,2022,Publica,2022,,,Agata,6.556,3.0,Avaliador-5,Avaliador-27,Avaliador-30,9.0,8.0,6.3,5.6,4.7,6.5,,Não,6.556,5.0,Fase 3,-1,,,,,
RA-397,Fase 2,J,Aluno-397,2008,14,F,2017,Publica,2022,Quartzo,Quartzo,Quartzo,5.852,3.0,Avaliador-5,Avaliador-27,Avaliador-30,9.0,5.7,6.9,2.8,3.3,2.3,,Não,7.167,5.0,Fase 4,-2,,,,,
RA-398,Fase 2,K,Aluno-398,2012,10,F,2022,Publica,2022,,,Ametista,7.742,3.0,Avaliador-5,Avaliador-2,Avaliador-15,9.0,9.3,7.5,5.5,3.0,8.0,,Não,7.5,10.0,Fase 2,0,,,,,
RA-399,Fase 2,K,Aluno-399,2010,12,F,2022,Publica,2022,,,Agata,6.58,3.0,Avaliador-5,Avaliador-2,Avaliador-15,6.8,9.3,5.6,4.3,3.0,5.5,,Não,7.5,5.0,Fase 3,-1,,,,,
RA-400,Fase 2,K,Aluno-400,2008,14,M,2018,Publica,2022,Agata,Quartzo,Agata,6.042,3.0,Avaliador-5,Avaliador-2,Avaliador-15,9.0,8.5,5.0,1.7,1.2,2.2,,Não,7.444,5.0,Fase 4,-2,,,,,
RA-401,Fase 2,K,Aluno-401,2010,12,F,2021,Publica,2022,,Quartzo,Agata,6.645,3.0,Avaliador-5,Avaliador-2,Avaliador-15,6.9,9.6,7.5,4.3,3.7,5.0,,Não,6.722,5.0,Fase 3,-1,,,,,
RA-402,Fase 2,K,Aluno-402,2010,12,F,2019,Publica,2022,Agata,Agata,Quartzo,5.261,3.0,Avaliador-5,Avaliador-2,Avaliador-15,9.0,3.7,5.0,3.0,4.3,1.7,,Não,7.222,5.0,Fase 3,-1,,,,,
RA-403,Fase 2,K,Aluno-403,2010,12,M,2020,Publica,2022,Ametista,Ametista,Ametista,7.455,3.0,Avaliador-5,Avaliador-2,Avaliador-15,9.5,9.3,7.5,6.3,6.5,6.2,,Não,7.5,5.0,Fase 3,-1,,,,,
RA-404,Fase 2,K,Aluno-404,2010,12,F,2020,Publica,2022,Ametista,Agata,Agata,6.658,3.0,Avaliador-5,Avaliador-2,Avaliador-15,9.0,7.3,7.5,5.3,4.0,6.5,,Não,6.944,5.0,Fase 3,-1,,,,,
RA-405,Fase 2,K,Aluno-405,2009,13,M,2016,Publica,2022,Quartzo,Quartzo,Quartzo,5.661,3.0,Avaliador-5,Avaliador-2,Avaliador-15,9.5,6.2,5.0,3.3,2.7,3.8,,Não,6.0,5.0,Fase 3,-1,,,,,
RA-406,Fase 2,K,Aluno-406,2009,13,F,2019,Publica,2022,Ametista,Ametista,Ametista,7.496,3.0,Avaliador-5,Avaliador-2,Avaliador-15,9.5,9.5,7.5,6.6,5.4,7.8,,Não,7.333,5.0,Fase 3,-1,,,,,
RA-407,Fase 2,K,Aluno-407,2009,13,M,2022,Publica,2022,,,Ametista,7.195,3.0,Avaliador-5,Avaliador-2,Avaliador-15,8.5,9.3,7.5,6.0,4.0,8.0,,Não,7.056,5.0,Fase 3,-1,,,,,
RA-408,Fase 2,K,Aluno-408,2010,12,F,2022,Publica,2022,,,Agata,6.725,3.0,Avaliador-5,Avaliador-2,Avaliador-15,8.0,9.7,7.5,3.3,1.0,5.5,,Não,7.333,5.0,Fase 3,-1,,,,,
RA-409,Fase 2,K,Aluno-409,2011,11,F,2022,Publica,2022,,,Topazio,8.15,3.0,Avaliador-5,Avaliador-2,Avaliador-15,7.9,9.7,7.5,7.8,6.0,9.5,,Não,7.5,10.0,Fase 2,0,,,,,
RA-410,Fase 2,K,Aluno-410,2008,14,M,2018,Publica,2022,Quartzo,Quartzo,Quartzo,5.675,3.0,Avaliador-5,Avaliador-2,Avaliador-15,7.4,6.5,6.3,2.0,2.0,2.0,,Não,7.444,5.0,Fase 4,-2,,,,,
RA-411,Fase 2,L,Aluno-411,2010,12,F,2019,Publica,2022,Ametista,Ametista,Ametista,7.232,3.0,Avaliador-5,Avaliador-2,Avaliador-15,6.4,8.6,7.5,7.1,6.7,7.5,,Não,7.833,5.0,Fase 3,-1,,,,,
RA-412,Fase 2,L,Aluno-412,2010,12,F,2018,Publica,2022,Agata,Agata,Ametista,7.556,3.0,Avaliador-5,Avaliador-2,Avaliador-15,8.5,9.0,7.5,7.3,6.5,8.2,,Não,7.778,5.0,Fase 3,-1,,,,,
RA-413,Fase 2,L,Aluno-413,2010,12,F,2022,Publica,2022,,,Agata,6.408,3.0,Avaliador-5,Avaliador-2,Avaliador-15,6.4,8.7,5.6,4.7,4.2,5.2,,Não,7.056,5.0,Fase 3,-1,,,,,
RA-414,Fase 2,L,Aluno-414,2010,12,F,2021,Publica,2022,,Agata,Ametista,7.284,3.0,Avaliador-5,Avaliador-2,Avaliador-15,8.0,9.3,7.5,5.9,5.7,6.2,,Não,7.667,5.0,Fase 3,-1,,,,,
RA-415,Fase 2,L,Aluno-415,2011,11,F,2019,Publica,2022,Topazio,Ametista,Ametista,7.695,3.0,Avaliador-5,Avaliador-2,Avaliador-15,8.0,8.3,7.5,6.2,4.8,7.5,,Não,8.056,10.0,Fase 2,0,,,,,
RA-416,Fase 2,L,Aluno-416,2010,12,M,2018,Privada,2022,Ametista,Ametista,Ametista,7.913,3.0,Avaliador-5,Avaliador-2,Avaliador-15,9.5,9.3,8.8,7.2,6.7,7.7,,Não,8.222,5.0,Fase 3,-1,,,,,
RA-417,Fase 2,L,Aluno-417,2009,13,F,2022,Publica,2022,,,Topazio,8.428,3.0,Avaliador-5,Avaliador-2,Avaliador-15,10.0,10.0,7.5,8.0,6.0,10.0,,Sim,9.556,5.0,Fase 3,-1,,,,,
RA-418,Fase 2,L,Aluno-418,2012,10,F,2020,Privada,2022,Topazio,Topazio,Topazio,8.175,3.0,Avaliador-5,Avaliador-2,Avaliador-15,8.0,9.4,7.5,7.5,6.5,8.5,,Não,8.222,10.0,Fase 2,0,,,,,
RA-419,Fase 2,L,Aluno-419,2010,12,F,2019,Privada,2022,Ametista,Ametista,Ametista,7.359,3.0,Avaliador-5,Avaliador-2,Avaliador-15,7.5,9.2,5.6,6.9,5.3,8.5,,Sim,8.389,5.0,Fase 3,-1,,,,,
RA-420,Fase 2,L,Aluno-420,2011,11,F,2019,Privada,2022,Topazio,Ametista,Ametista,7.461,3.0,Avaliador-5,Avaliador-2,Avaliador-15,9.5,9.0,5.6,4.5,1.3,7.7,,Não,8.0,10.0,Fase 2,0,,,,,
RA-421,Fase 2,L,Aluno-421,2011,11,M,2021,Publica,2022,,Topazio,Topazio,8.717,3.0,Avaliador-5,Avaliador-2,Avaliador-15,8.5,9.3,7.5,8.8,9.2,8.5,,Sim,9.111,10.0,Fase 2,0,,,,,
RA-422,Fase 2,L,Aluno-422,2010,12,M,2022,Publica,2022,,,Agata,6.746,3.0,Avaliador-5,Avaliador-2,Avaliador-15,8.5,10.0,7.5,2.5,1.0,4.0,,Não,7.5,5.0,Fase 3,-1,,,,,
RA-423,Fase 2,L,Aluno-423,2010,12,F,2022,Publica,2022,,,Agata,6.647,3.0,Avaliador-5,Avaliador-2,Avaliador-15,8.4,9.6,7.5,2.3,0.5,4.0,,Não,7.667,5.0,Fase 3,-1,,,,,
RA-424,Fase 2,L,Aluno-424,2010,12,F,2022,Publica,2022,,,Ametista,7.94,3.0,Avaliador-5,Avaliador-2,Avaliador-15,9.0,10.0,7.5,7.5,10.0,5.0,,Não,8.222,5.0,Fase 3,-1,,,,,
RA-425,Fase 2,L,Aluno-425,2010,12,M,2022,Publica,2022,,,Topazio,8.117,3.0,Avaliador-5,Avaliador-2,Avaliador-15,9.0,10.0,7.5,9.0,9.0,9.0,,Não,7.5,5.0,Fase 3,-1,,,,,
RA-426,Fase 2,M,Aluno-426,2008,14,F,2022,Publica,2022,,,Agata,6.35,3.0,Avaliador-5,Avaliador-27,Avaliador-15,9.0,6.5,7.5,4.6,2.3,6.8,,Não,7.111,5.0,Fase 4,-2,,,,,
RA-427,Fase 2,M,Aluno-427,2009,13,M,2022,Publica,2022,,,Agata,6.245,3.0,Avaliador-5,Avaliador-27,Avaliador-15,8.0,8.5,7.5,2.5,3.0,2.0,,Não,6.778,5.0,Fase 3,-1,,,,,
RA-428,Fase 2,M,Aluno-428,2009,13,M,2022,Publica,2022,,,Ametista,7.683,3.0,Avaliador-5,Avaliador-27,Avaliador-15,6.8,8.7,7.5,9.5,10.0,9.0,,Não,7.111,5.0,Fase 3,-1,,,,,
RA-429,Fase 2,M,Aluno-429,2009,13,M,2019,Publica,2022,Ametista,Quartzo,Quartzo,5.811,3.0,Avaliador-5,Avaliador-27,Avaliador-15,10.0,5.3,7.5,2.7,2.8,2.5,,Não,6.611,5.0,Fase 3,-1,,,,,
RA-430,Fase 2,M,Aluno-430,2009,13,M,2022,Publica,2022,,,Ametista,7.585,3.0,Avaliador-5,Avaliador-27,Avaliador-15,9.5,8.6,7.5,8.5,7.5,9.5,,Não,6.611,5.0,Fase 3,-1,,,,,
RA-431,Fase 2,M,Aluno-431,2011,11,M,2022,Publica,2022,,,Ametista,7.175,3.0,Avaliador-5,Avaliador-27,Avaliador-15,9.0,8.1,7.5,4.5,5.0,4.0,,Não,6.778,10.0,Fase 2,0,,,,,
RA-432,Fase 2,M,Aluno-432,2008,14,F,2019,Publica,2022,Quartzo,Quartzo,Agata,6.34,3.0,Avaliador-5,Avaliador-27,Avaliador-15,10.0,6.8,5.0,5.1,5.7,4.5,,Não,6.611,5.0,Fase 4,-2,,,,,
RA-433,Fase 2,M,Aluno-433,2010,12,M,2022,Publica,2022,,,Quartzo,5.557,3.0,Avaliador-5,Avaliador-27,Avaliador-15,8.5,7.3,5.0,2.6,2.2,3.0,,Não,5.778,5.0,Fase 3,-1,,,,,
RA-434,Fase 2,M,Aluno-434,2011,11,M,2022,Publica,2022,,,Ametista,7.403,3.0,Avaliador-5,Avaliador-27,Avaliador-15,9.0,8.1,7.5,5.7,4.8,6.5,,Não,6.778,10.0,Fase 2,0,,,,,
RA-435,Fase 2,M,Aluno-435,2012,10,F,2022,Publica,2022,,,Agata,6.599,3.0,Avaliador-5,Avaliador-27,Avaliador-15,7.9,6.2,7.5,4.7,3.7,5.7,,Não,6.444,10.0,Fase 2,0,,,,,
RA-436,Fase 2,M,Aluno-436,2011,11,M,2022,Publica,2022,,,Agata,6.687,3.0,Avaliador-5,Avaliador-27,Avaliador-15,9.5,8.1,7.5,2.0,4.0,0.0,,Não,6.611,10.0,Fase 2,0,,,,,
RA-437,Fase 2,M,Aluno-437,2009,13,M,2022,Publica,2022,,,Agata,6.875,3.0,Avaliador-5,Avaliador-27,Avaliador-15,8.5,8.3,7.5,5.8,6.0,5.5,,Não,6.611,5.0,Fase 3,-1,,,,,
RA-438,Fase 2,M,Aluno-438,2012,10,M,2022,Publica,2022,,,Ametista,7.764,3.0,Avaliador-5,Avaliador-27,Avaliador-15,8.0,8.7,7.5,7.3,6.5,8.0,,Não,6.889,10.0,Fase 2,0,,,,,
RA-439,Fase 2,M,Aluno-439,2010,12,M,2022,Publica,2022,,,Quartzo,5.519,3.0,Avaliador-5,Avaliador-27,Avaliador-15,9.0,4.9,7.5,2.3,3.2,1.3,,Não,6.5,5.0,Fase 3,-1,,,,,
RA-440,Fase 2,P,Aluno-440,2011,11,M,2022,Publica,2022,,,Ametista,7.329,3.0,Avaliador-5,Avaliador-2,Avaliador-15,9.5,9.0,6.9,5.5,6.0,5.0,,Não,5.833,10.0,Fase 2,0,,,,,
RA-441,Fase 2,P,Aluno-441,2011,11,F,2019,Publica,2022,Topazio,Topazio,Topazio,8.188,3.0,Avaliador-5,Avaliador-2,Avaliador-15,9.0,7.9,7.5,8.0,8.0,8.0,,Não,8.333,10.0,Fase 2,0,,,,,
RA-442,Fase 2,P,Aluno-442,2011,11,F,2022,Publica,2022,,,Topazio,8.226,3.0,Avaliador-5,Avaliador-2,Avaliador-15,10.0,8.2,7.5,7.5,9.0,6.0,,Não,8.222,10.0,Fase 2,0,,,,,
RA-443,Fase 2,P,Aluno-443,2009,13,F,2019,Publica,2022,Ametista,Ametista,Ametista,7.482,3.0,Avaliador-5,Avaliador-2,Avaliador-15,9.0,9.1,7.5,5.6,8.0,3.2,,Sim,8.5,5.0,Fase 3,-1,,,,,
RA-444,Fase 2,P,Aluno-444,2011,11,M,2018,Publica,2022,Agata,Ametista,Agata,6.665,3.0,Avaliador-5,Avaliador-2,Avaliador-15,9.0,7.2,5.0,3.1,1.5,4.7,,Não,7.778,10.0,Fase 2,0,,,,,
RA-445,Fase 2,P,Aluno-445,2010,12,M,2022,Publica,2022,,,Agata,6.924,3.0,Avaliador-5,Avaliador-2,Avaliador-15,9.0,9.4,7.5,3.8,0.0,7.5,,Não,7.5,5.0,Fase 3,-1,,,,,
RA-446,Fase 2,P,Aluno-446,2009,13,F,2018,Publica,2022,Agata,Quartzo,Ametista,7.367,3.0,Avaliador-5,Avaliador-2,Avaliador-15,9.5,8.9,5.0,6.9,6.3,7.5,,Não,7.889,5.0,Fase 3,-1,,,,,
RA-447,Fase 2,P,Aluno-447,2012,10,F,2022,Publica,2022,,,Quartzo,5.607,3.0,Avaliador-5,Avaliador-2,Avaliador-15,0.0,7.0,7.5,3.5,7.0,0.0,,Não,5.556,10.0,Fase 2,0,,,,,
RA-448,Fase 2,P,Aluno-448,2011,11,F,2022,Publica,2022,,,Ametista,7.972,3.0,Avaliador-5,Avaliador-2,Avaliador-15,9.0,9.7,7.5,5.5,5.0,6.0,,Não,8.111,10.0,Fase 2,0,,,,,
RA-449,Fase 2,P,Aluno-449,2010,12,F,2022,Publica,2022,,,Agata,6.143,3.0,Avaliador-5,Avaliador-2,Avaliador-15,0.0,6.0,7.5,7.0,6.0,8.0,,Não,8.111,5.0,Fase 3,-1,,,,,
RA-450,Fase 2,Q,Aluno-450,2009,13,M,2021,Publica,2022,,Agata,Ametista,7.843,3.0,Avaliador-5,Avaliador-27,Avaliador-15,10.0,9.1,7.5,7.5,6.8,8.2,,Não,8.111,5.0,Fase 3,-1,,,,,
RA-451,Fase 2,Q,Aluno-451,2009,13,F,2019,Publica,2022,Ametista,Quartzo,Agata,6.434,3.0,Avaliador-5,Avaliador-27,Avaliador-15,9.0,6.0,6.3,6.1,3.1,9.2,,Não,6.889,5.0,Fase 3,-1,,,,,
RA-452,Fase 2,Q,Aluno-452,2009,13,F,2021,Publica,2022,,Ametista,Agata,6.287,3.0,Avaliador-5,Avaliador-27,Avaliador-15,9.0,5.6,7.5,4.8,5.0,4.5,,Não,7.167,5.0,Fase 3,-1,,,,,
RA-453,Fase 2,Q,Aluno-453,2009,13,F,2022,Publica,2022,,,Ametista,7.845,3.0,Avaliador-5,Avaliador-27,Avaliador-15,9.0,8.7,7.5,8.8,8.0,9.5,,Não,7.778,5.0,Fase 3,-1,,,,,
RA-454,Fase 2,Q,Aluno-454,2008,14,M,2018,Publica,2022,Quartzo,Agata,Quartzo,5.561,3.0,Avaliador-5,Avaliador-27,Avaliador-15,9.5,8.6,5.0,2.3,0.0,4.7,,Não,5.444,5.0,Fase 4,-2,,,,,
RA-455,Fase 2,Q,Aluno-455,2010,12,F,2022,Publica,2022,,,Agata,6.876,3.0,Avaliador-5,Avaliador-27,Avaliador-15,7.0,7.9,7.5,6.3,6.0,6.5,,Não,7.278,5.0,Fase 3,-1,,,,,
RA-456,Fase 2,Q,Aluno-456,2010,12,F,2022,Publica,2022,,,Ametista,7.193,3.0,Avaliador-5,Avaliador-27,Avaliador-15,6.4,8.2,6.3,7.3,6.0,8.7,,Sim,8.389,5.0,Fase 3,-1,,,,,
RA-457,Fase 2,Q,Aluno-457,2010,12,F,2022,Publica,2022,,,Ametista,7.68,3.0,Avaliador-5,Avaliador-27,Avaliador-15,8.0,8.8,7.5,8.5,7.0,10.0,,Não,7.667,5.0,Fase 3,-1,,,,,
RA-458,Fase 2,Q,Aluno-458,2009,13,M,2019,Publica,2022,Ametista,Quartzo,Agata,6.512,3.0,Avaliador-5,Avaliador-27,Avaliador-15,8.0,7.7,7.5,5.6,4.7,6.5,,Não,5.833,5.0,Fase 3,-1,,,,,
RA-459,Fase 2,Q,Aluno-459,2010,12,M,2019,Publica,2022,Ametista,Ametista,Ametista,7.28,3.0,Avaliador-5,Avaliador-27,Avaliador-15,7.0,9.1,8.1,7.3,5.3,9.2,,Não,7.222,5.0,Fase 3,-1,,,,,
RA-460,Fase 2,Q,Aluno-460,2010,12,M,2022,Publica,2022,,,Quartzo,5.711,3.0,Avaliador-5,Avaliador-27,Avaliador-15,6.8,8.1,7.5,3.3,0.5,6.0,,Não,5.056,5.0,Fase 3,-1,,,,,
RA-461,Fase 2,Q,Aluno-461,2010,12,F,2018,Publica,2022,Ametista,Ametista,Quartzo,5.451,3.0,Avaliador-5,Avaliador-27,Avaliador-15,0.0,6.7,7.5,3.8,1.5,6.2,,Não,7.222,5.0,Fase 3,-1,,,,,
RA-462,Fase 2,Q,Aluno-462,2008,14,M,2022,Publica,2022,,,Agata,6.626,3.0,Avaliador-5,Avaliador-27,Avaliador-15,10.0,8.5,7.5,3.6,2.0,5.2,,Não,6.778,5.0,Fase 4,-2,,,,,
RA-463,Fase 2,U,Aluno-463,2010,12,F,2020,Publica,2022,Quartzo,Quartzo,Agata,6.41,3.0,Avaliador-5,Avaliador-2,Avaliador-15,10.0,7.8,7.5,2.5,2.0,3.0,,Não,7.389,5.0,Fase 3,-1,,,,,
RA-464,Fase 2,U,Aluno-464,2009,13,F,2022,Publica,2022,,,Agata,6.745,3.0,Avaliador-5,Avaliador-2,Avaliador-15,7.5,8.0,7.5,4.8,2.7,7.0,,Não,7.722,5.0,Fase 3,-1,,,,,
RA-465,Fase 2,U,Aluno-465,2011,11,M,2019,Publica,2022,Topazio,Ametista,Ametista,8.012,3.0,Avaliador-5,Avaliador-2,Avaliador-15,8.0,7.9,7.5,7.8,9.3,6.3,,Sim,8.444,10.0,Fase 2,0,,,,,
RA-466,Fase 2,U,Aluno-466,2009,13,M,2022,Publica,2022,,,Agata,6.826,3.0,Avaliador-5,Avaliador-2,Avaliador-15,8.5,9.7,7.5,3.3,0.5,6.0,,Não,7.556,5.0,Fase 3,-1,,,,,
RA-467,Fase 2,U,Aluno-467,2009,13,F,2022,Publica,2022,,,Agata,6.38,3.0,Avaliador-5,Avaliador-2,Avaliador-15,5.8,8.4,5.0,5.5,5.0,6.0,,Não,7.111,5.0,Fase 3,-1,,,,,
RA-468,Fase 2,U,Aluno-468,2009,13,M,2022,Publica,2022,,,Agata,6.313,3.0,Avaliador-5,Avaliador-2,Avaliador-15,9.5,6.7,7.5,4.1,4.5,3.7,,Não,6.722,5.0,Fase 3,-1,,,,,
RA-469,Fase 2,U,Aluno-469,2011,11,F,2022,Publica,2022,,,Ametista,7.624,3.0,Avaliador-5,Avaliador-2,Avaliador-15,9.0,9.6,5.0,5.7,6.2,5.2,,Não,7.833,10.0,Fase 2,0,,,,,
RA-470,Fase 2,U,Aluno-470,2009,13,F,2019,Publica,2022,Ametista,Ametista,Ametista,7.378,3.0,Avaliador-5,Avaliador-2,Avaliador-15,8.0,9.7,7.5,6.3,5.3,7.3,,Não,7.5,5.0,Fase 3,-1,,,,,
RA-471,Fase 2,U,Aluno-471,2009,13,F,2020,Publica,2022,Agata,Agata,Agata,6.535,3.0,Avaliador-5,Avaliador-2,Avaliador-15,3.5,8.5,5.0,6.3,5.7,6.8,,Não,8.056,5.0,Fase 3,-1,,,,,
RA-472,Fase 2,U,Aluno-472,2010,12,F,2022,Publica,2022,,,Quartzo,5.93,3.0,Avaliador-5,Avaliador-2,Avaliador-15,9.0,7.0,7.5,2.0,1.8,2.2,,Não,7.056,5.0,Fase 3,-1,,,,,
RA-473,Fase 2,U,Aluno-473,2010,12,M,2019,Publica,2022,Ametista,Ametista,Quartzo,5.915,3.0,Avaliador-5,Avaliador-2,Avaliador-15,8.0,6.1,7.5,4.3,4.5,4.0,,Não,5.889,5.0,Fase 3,-1,,,,,
RA-474,Fase 2,U,Aluno-474,2009,13,M,2019,Publica,2022,Ametista,Ametista,Agata,6.446,3.0,Avaliador-5,Avaliador-2,Avaliador-15,9.5,9.1,7.5,3.0,1.3,4.7,,Não,6.0,5.0,Fase 3,-1,,,,,
RA-475,Fase 2,U,Aluno-475,2010,12,F,2022,Publica,2022,,,Ametista,7.199,3.0,Avaliador-5,Avaliador-2,Avaliador-15,8.5,9.2,7.5,5.8,3.3,8.3,,Não,7.667,5.0,Fase 3,-1,,,,,
RA-476,Fase 2,U,Aluno-476,2010,12,F,2019,Publica,2022,Agata,Ametista,Agata,6.931,3.0,Avaliador-5,Avaliador-2,Avaliador-15,9.0,9.3,4.4,5.5,5.0,6.0,,Não,7.556,5.0,Fase 3,-1,,,,,
RA-477,Fase 2,U,Aluno-477,2009,13,M,2022,Publica,2022,,,Quartzo,3.633,3.0,Avaliador-5,Avaliador-2,Avaliador-15,0.0,5.0,5.6,0.7,0.3,1.0,,Não,4.5,5.0,Fase 3,-1,,,,,
RA-478,Fase 2,U,Aluno-478,2010,12,F,2019,Publica,2022,Ametista,Ametista,Agata,6.709,3.0,Avaliador-5,Avaliador-2,Avaliador-15,8.5,9.1,5.6,4.9,3.8,6.0,,Não,7.056,5.0,Fase 3,-1,,,,,
RA-479,Fase 1,A,Aluno-479,2012,10,M,2020,Privada,2022,Topazio,Topazio,Topazio,8.465,3.0,Avaliador-4,Avaliador-2,Avaliador-15,8.0,9.2,7.5,9.8,10.0,9.7,,Sim,9.5,5.0,Fase 2,-1,,,,,
RA-480,Fase 1,A,Aluno-480,2012,10,F,2021,Publica,2022,,Ametista,Ametista,7.502,3.0,Avaliador-4,Avaliador-2,Avaliador-15,9.0,8.8,7.5,6.3,6.8,5.7,,Sim,8.444,5.0,Fase 2,-1,,,,,
RA-481,Fase 1,A,Aluno-481,2013,9,M,2021,Publica,2022,,Topazio,Ametista,7.21,3.0,Avaliador-4,Avaliador-2,Avaliador-15,9.0,8.0,7.5,5.2,5.7,4.7,,Não,6.889,10.0,Fase 1,0,,,,,
RA-482,Fase 1,A,Aluno-482,2011,11,M,2021,Publica,2022,,Ametista,Agata,6.866,3.0,Avaliador-4,Avaliador-2,Avaliador-15,10.0,7.9,7.5,5.5,4.3,6.7,,Não,6.833,5.0,Fase 2,-1,,,,,
RA-483,Fase 1,A,Aluno-483,2011,11,F,2019,Publica,2022,Ametista,Agata,Quartzo,5.263,3.0,Avaliador-4,Avaliador-2,Avaliador-15,9.0,4.8,5.0,2.4,2.0,2.8,,Não,6.833,5.0,Fase 2,-1,,,,,
RA-484,Fase 1,A,Aluno-484,2011,11,M,2022,Publica,2022,,,Agata,6.71,3.0,Avaliador-4,Avaliador-2,Avaliador-15,9.5,8.7,5.0,6.5,8.0,5.0,,Não,6.389,5.0,Fase 2,-1,,,,,
RA-485,Fase 1,A,Aluno-485,2012,10,M,2020,Publica,2022,Topazio,Agata,Quartzo,4.742,3.0,Avaliador-4,Avaliador-2,Avaliador-15,9.5,4.0,7.5,1.2,1.0,1.3,,Não,5.444,5.0,Fase 2,-1,,,,,
RA-486,Fase 1,A,Aluno-486,2012,10,F,2020,Publica,2022,Topazio,Topazio,Ametista,7.621,3.0,Avaliador-4,Avaliador-2,Avaliador-15,10.0,9.9,7.5,7.3,6.7,7.8,,Não,7.222,5.0,Fase 2,-1,,,,,
RA-487,Fase 1,A,Aluno-487,2012,10,F,2019,Privada,2022,Topazio,Topazio,Topazio,8.417,3.0,Avaliador-4,Avaliador-2,Avaliador-15,7.5,9.7,7.5,9.6,9.7,9.5,,Sim,9.333,5.0,Fase 2,-1,,,,,
RA-488,Fase 1,A,Aluno-488,2012,10,F,2022,Publica,2022,,,Ametista,7.413,3.0,Avaliador-4,Avaliador-2,Avaliador-15,8.5,8.8,7.5,7.3,6.0,8.5,,Não,7.722,5.0,Fase 2,-1,,,,,
RA-489,Fase 1,A,Aluno-489,2013,9,F,2022,Publica,2022,,,Quartzo,5.853,3.0,Avaliador-4,Avaliador-2,Avaliador-15,9.0,7.2,7.5,0.0,0.0,0.0,,Não,6.5,10.0,Fase 1,0,,,,,
RA-490,Fase 1,A,Aluno-490,2012,10,F,2022,Publica,2022,,,Ametista,7.576,3.0,Avaliador-4,Avaliador-2,Avaliador-15,7.9,8.2,7.5,7.7,6.0,9.3,,Sim,8.722,5.0,Fase 2,-1,,,,,
RA-491,Fase 1,A,Aluno-491,2011,11,M,2022,Publica,2022,,,Ametista,7.461,3.0,Avaliador-4,Avaliador-2,Avaliador-15,7.5,9.7,7.5,7.0,6.0,8.0,,Não,7.722,5.0,Fase 2,-1,,,,,
RA-492,Fase 1,A,Aluno-492,2011,11,F,2022,Publica,2022,,,Ametista,7.678,3.0,Avaliador-4,Avaliador-2,Avaliador-15,10.0,8.8,7.5,7.1,8.2,6.0,,Não,8.278,5.0,Fase 2,-1,,,,,
RA-493,Fase 1,B,Aluno-493,2013,9,F,2020,Publica,2022,Topazio,Topazio,Topazio,8.306,3.0,Avaliador-4,Avaliador-2,Avaliador-15,10.0,9.4,7.5,7.2,7.3,7.0,,Não,8.278,10.0,Fase 1,0,,,,,
RA-494,Fase 1,B,Aluno-494,2011,11,F,2022,Publica,2022,,,Agata,6.407,3.0,Avaliador-4,Avaliador-2,Avaliador-15,6.4,8.3,5.0,5.8,6.3,5.2,,Não,6.944,5.0,Fase 2,-1,,,,,
RA-495,Fase 1,B,Aluno-495,2011,11,M,2022,Publica,2022,,,Ametista,7.857,3.0,Avaliador-4,Avaliador-2,Avaliador-15,9.0,8.9,7.5,8.4,8.0,8.8,,Não,8.056,5.0,Fase 2,-1,,,,,
RA-496,Fase 1,B,Aluno-496,2011,11,M,2018,Publica,2022,Quartzo,Quartzo,Agata,6.683,3.0,Avaliador-4,Avaliador-2,Avaliador-15,8.5,6.8,7.5,5.7,5.8,5.5,,Não,7.556,5.0,Fase 2,-1,,,,,
RA-497,Fase 1,B,Aluno-497,2009,13,F,2016,Privada,2022,Quartzo,Quartzo,Agata,6.323,3.0,Avaliador-4,Avaliador-2,Avaliador-15,6.9,9.2,5.0,5.1,4.2,6.0,,Não,5.833,5.0,Fase 3,-2,,,,,
RA-498,Fase 1,B,Aluno-498,2011,11,F,2018,Publica,2022,Ametista,Agata,Ametista,7.7,3.0,Avaliador-4,Avaliador-2,Avaliador-15,8.5,8.8,7.5,8.8,8.0,9.5,,Não,7.556,5.0,Fase 2,-1,,,,,
RA-499,Fase 1,B,Aluno-499,2012,10,M,2020,Publica,2022,Agata,Ametista,Ametista,7.826,3.0,Avaliador-4,Avaliador-2,Avaliador-15,8.5,10.0,7.5,8.2,8.2,8.2,,Não,7.444,5.0,Fase 2,-1,,,,,
RA-500,Fase 1,B,Aluno-500,2012,10,F,2020,Publica,2022,Topazio,Topazio,Topazio,8.232,3.0,Avaliador-4,Avaliador-2,Avaliador-15,9.0,10.0,7.5,9.5,9.5,9.5,,Não,7.889,5.0,Fase 2,-1,,,,,
RA-501,Fase 1,B,Aluno-501,2013,9,M,2021,Publica,2022,,Topazio,Ametista,7.794,3.0,Avaliador-4,Avaliador-2,Avaliador-15,8.5,8.8,7.5,6.8,8.0,5.7,,Não,7.333,10.0,Fase 1,0,,,,,
RA-502,Fase 1,B,Aluno-502,2014,8,F,2021,Privada,2022,,Topazio,Topazio,8.287,3.0,Avaliador-4,Avaliador-2,Avaliador-15,9.5,9.7,7.5,7.4,6.7,8.2,,Não,7.778,10.0,Alfa,1,,,,,
RA-503,Fase 1,B,Aluno-503,2012,10,M,2020,Publica,2022,Topazio,Topazio,Ametista,7.95,3.0,Avaliador-4,Avaliador-2,Avaliador-15,8.5,10.0,7.5,8.8,8.7,9.0,,Não,7.5,5.0,Fase 2,-1,,,,,
RA-504,Fase 1,B,Aluno-504,2013,9,F,2021,Publica,2022,,Topazio,Topazio,8.072,3.0,Avaliador-4,Avaliador-2,Avaliador-15,8.5,8.9,7.5,8.0,7.8,8.2,,Não,7.556,10.0,Fase 1,0,,,,,
RA-505,Fase 1,B,Aluno-505,2011,11,F,2019,Publica,2022,Topazio,Ametista,Ametista,7.591,3.0,Avaliador-4,Avaliador-2,Avaliador-15,9.5,8.0,7.5,8.4,8.2,8.7,,Não,7.556,5.0,Fase 2,-1,,,,,
RA-506,Fase 1,B,Aluno-506,2010,12,M,2020,Publica,2022,Ametista,Agata,Ametista,7.132,3.0,Avaliador-4,Avaliador-2,Avaliador-15,9.5,7.3,7.5,7.2,8.3,6.0,,Não,7.278,5.0,Fase 3,-2,,,,,
RA-507,Fase 1,C,Aluno-507,2011,11,F,2021,Publica,2022,,Agata,Ametista,7.653,3.0,Avaliador-4,Avaliador-2,Avaliador-15,8.5,10.0,7.5,7.4,7.3,7.5,,Não,7.222,5.0,Fase 2,-1,,,,,
RA-508,Fase 1,C,Aluno-508,2012,10,M,2022,Publica,2022,,,Agata,6.575,3.0,Avaliador-4,Avaliador-2,Avaliador-15,8.0,7.4,7.5,4.5,0.0,9.0,,Não,7.556,5.0,Fase 2,-1,,,,,
RA-509,Fase 1,C,Aluno-509,2010,12,F,2018,Publica,2022,Ametista,Agata,Ametista,7.808,3.0,Avaliador-4,Avaliador-2,Avaliador-15,9.0,8.2,7.5,9.2,9.3,9.0,,Não,7.833,5.0,Fase 3,-2,,,,,
RA-510,Fase 1,C,Aluno-510,2010,12,M,2022,Publica,2022,,,Ametista,7.336,3.0,Avaliador-4,Avaliador-2,Avaliador-15,8.0,9.3,7.5,7.1,5.8,8.3,,Não,7.056,5.0,Fase 3,-2,,,,,
RA-511,Fase 1,C,Aluno-511,2012,10,F,2022,Publica,2022,,,Ametista,7.094,3.0,Avaliador-4,Avaliador-2,Avaliador-15,8.0,10.0,7.5,5.3,2.0,8.5,,Não,7.056,5.0,Fase 2,-1,,,,,
RA-512,Fase 1,C,Aluno-512,2012,10,F,2022,Publica,2022,,,Ametista,7.365,3.0,Avaliador-4,Avaliador-2,Avaliador-15,9.0,9.3,7.5,6.2,5.3,7.0,,Não,7.722,5.0,Fase 2,-1,,,,,
RA-513,Fase 1,C,Aluno-513,2013,9,M,2021,Publica,2022,,Topazio,Topazio,8.229,3.0,Avaliador-4,Avaliador-2,Avaliador-15,9.0,9.6,5.6,8.3,8.2,8.5,,Não,7.778,10.0,Fase 1,0,,,,,
RA-514,Fase 1,C,Aluno-514,2013,9,F,2022,Publica,2022,,,Ametista,7.039,3.0,Avaliador-4,Avaliador-2,Avaliador-15,8.0,9.7,7.5,4.8,2.0,7.5,,Não,5.889,10.0,Fase 1,0,,,,,
RA-515,Fase 1,C,Aluno-515,2010,12,M,2022,Publica,2022,,,Agata,6.582,3.0,Avaliador-4,Avaliador-2,Avaliador-15,8.0,6.3,7.5,5.8,8.5,3.2,,Não,7.556,5.0,Fase 3,-2,,,,,
RA-516,Fase 1,C,Aluno-516,2013,9,M,2019,Privada,2022,Topazio,Topazio,Topazio,8.903,3.0,Avaliador-4,Avaliador-2,Avaliador-15,10.0,9.7,7.5,9.9,10.0,9.8,,Não,8.056,10.0,Fase 1,0,,,,,
RA-517,Fase 1,D,Aluno-517,2010,12,F,2017,Publica,2022,Ametista,Agata,Ametista,7.604,3.0,Avaliador-7,Avaliador-3,Avaliador-15,6.9,9.5,7.5,7.7,7.8,7.5,,Não,7.833,5.0,Fase 3,-2,,,,,
RA-518,Fase 1,D,Aluno-518,2012,10,M,2022,Publica,2022,,,Ametista,7.661,3.0,Avaliador-7,Avaliador-3,Avaliador-15,9.0,9.4,7.5,7.5,6.0,9.0,,Não,7.5,5.0,Fase 2,-1,,,,,
RA-519,Fase 1,D,Aluno-519,2013,9,M,2022,Publica,2022,,,Ametista,8.0,3.0,Avaliador-7,Avaliador-3,Avaliador-15,7.4,9.6,7.5,7.5,7.0,8.0,,Não,7.333,10.0,Fase 1,0,,,,,
RA-520,Fase 1,D,Aluno-520,2011,11,F,2022,Publica,2022,,,Ametista,7.035,3.0,Avaliador-7,Avaliador-3,Avaliador-15,10.0,6.8,7.5,6.8,5.0,8.5,,Não,7.278,5.0,Fase 2,-1,,,,,
RA-521,Fase 1,D,Aluno-521,2013,9,M,2022,Publica,2022,,,Ametista,7.725,3.0,Avaliador-7,Avaliador-3,Avaliador-15,9.0,10.0,5.0,6.0,5.0,7.0,,Não,7.5,10.0,Fase 1,0,,,,,
RA-522,Fase 1,D,Aluno-522,2013,9,M,2021,Publica,2022,,Topazio,Topazio,8.306,3.0,Avaliador-7,Avaliador-3,Avaliador-15,9.5,9.1,7.5,7.5,7.0,8.0,,Não,8.167,10.0,Fase 1,0,,,,,
RA-523,Fase 1,D,Aluno-523,2011,11,F,2022,Publica,2022,,,Ametista,7.591,3.0,Avaliador-7,Avaliador-3,Avaliador-15,10.0,9.5,7.5,6.5,5.0,8.0,,Não,7.556,5.0,Fase 2,-1,,,,,
RA-524,Fase 1,D,Aluno-524,2011,11,M,2019,Publica,2022,Ametista,Ametista,Agata,6.947,3.0,Avaliador-7,Avaliador-3,Avaliador-15,0.0,9.4,5.0,9.1,9.0,9.2,,Não,8.056,5.0,Fase 2,-1,,,,,
RA-525,Fase 1,D,Aluno-525,2011,11,F,2021,Publica,2022,,Agata,Ametista,8.013,3.0,Avaliador-7,Avaliador-3,Avaliador-15,9.0,9.3,7.5,8.6,8.3,8.8,,Não,8.167,5.0,Fase 2,-1,,,,,
RA-526,Fase 1,D,Aluno-526,2010,12,M,2022,Publica,2022,,,Topazio,8.079,3.0,Avaliador-7,Avaliador-3,Avaliador-15,10.0,9.9,7.5,8.0,7.7,8.3,,Não,8.167,5.0,Fase 3,-2,,,,,
RA-527,Fase 1,D,Aluno-527,2013,9,F,2022,Publica,2022,,,Ametista,8.025,3.0,Avaliador-7,Avaliador-3,Avaliador-15,8.5,10.0,7.5,6.5,5.0,8.0,,Não,7.5,10.0,Fase 1,0,,,,,
RA-528,Fase 1,D,Aluno-528,2011,11,M,2021,Publica,2022,,Ametista,Quartzo,5.335,3.0,Avaliador-7,Avaliador-3,Avaliador-15,0.0,6.2,7.5,4.0,5.3,2.7,,Não,6.944,5.0,Fase 2,-1,,,,,
RA-529,Fase 1,D,Aluno-529,2010,12,M,2020,Publica,2022,Agata,Ametista,Agata,6.51,3.0,Avaliador-7,Avaliador-3,Avaliador-15,8.5,8.9,5.0,5.2,3.3,7.0,,Não,6.556,5.0,Fase 3,-2,,,,,
RA-530,Fase 1,E,Aluno-530,2012,10,M,2019,Publica,2022,Topazio,Topazio,Topazio,8.338,3.0,Avaliador-7,Avaliador-3,Avaliador-15,10.0,9.0,7.5,8.9,9.0,8.8,,Sim,9.056,5.0,Fase 2,-1,,,,,
RA-531,Fase 1,E,Aluno-531,2012,10,M,2022,Publica,2022,,,Ametista,8.057,3.0,Avaliador-7,Avaliador-3,Avaliador-15,9.5,9.8,7.5,7.8,8.7,7.0,,Não,8.167,5.0,Fase 2,-1,,,,,
RA-532,Fase 1,E,Aluno-532,2013,9,F,2022,Publica,2022,,,Ametista,7.792,3.0,Avaliador-7,Avaliador-3,Avaliador-15,9.5,9.7,7.5,5.5,4.0,7.0,,Não,7.167,10.0,Fase 1,0,,,,,
RA-533,Fase 1,E,Aluno-533,2012,10,M,2022,Publica,2022,,,Agata,6.962,3.0,Avaliador-7,Avaliador-3,Avaliador-15,8.5,8.8,5.6,6.0,5.0,7.0,,Não,7.333,5.0,Fase 2,-1,,,,,
RA-534,Fase 1,E,Aluno-534,2010,12,F,2021,Publica,2022,,Ametista,Ametista,7.131,3.0,Avaliador-7,Avaliador-3,Avaliador-15,9.0,7.4,7.5,7.1,6.5,7.7,,Não,7.333,5.0,Fase 3,-2,,,,,
RA-535,Fase 1,F,Aluno-535,2012,10,F,2019,Publica,2022,Topazio,Ametista,Agata,6.953,2.0,Avaliador-4,Avaliador-2,,9.0,9.2,7.5,5.1,4.7,5.5,,Não,6.917,5.0,Fase 2,-1,,,,,
RA-536,Fase 1,F,Aluno-536,2012,10,F,2020,Publica,2022,Topazio,Ametista,Ametista,7.106,2.0,Avaliador-4,Avaliador-2,,9.5,8.9,5.6,6.0,6.3,5.7,,Não,7.75,5.0,Fase 2,-1,,,,,
RA-537,Fase 1,F,Aluno-537,2012,10,M,2022,Publica,2022,,,Agata,6.641,2.0,Avaliador-4,Avaliador-2,,9.5,9.0,4.4,4.8,2.5,7.0,,Não,7.167,5.0,Fase 2,-1,,,,,
RA-538,Fase 1,F,Aluno-538,2009,13,M,2022,Publica,2022,,,Agata,6.309,2.0,Avaliador-4,Avaliador-2,,8.5,7.5,5.6,6.8,4.5,9.0,,Não,5.583,5.0,Fase 3,-2,,,,,
RA-539,Fase 1,F,Aluno-539,2011,11,F,2022,Publica,2022,,,Ametista,7.665,2.0,Avaliador-4,Avaliador-2,,8.5,9.3,6.9,7.5,6.8,8.2,,Sim,8.417,5.0,Fase 2,-1,,,,,
RA-540,Fase 1,F,Aluno-540,2012,10,F,2019,Publica,2022,Topazio,Topazio,Ametista,7.303,2.0,Avaliador-4,Avaliador-2,,8.5,9.5,5.6,7.0,6.8,7.2,,Não,7.5,5.0,Fase 2,-1,,,,,
RA-541,Fase 1,F,Aluno-541,2008,14,M,2022,Publica,2022,,,Quartzo,5.427,2.0,Avaliador-4,Avaliador-2,,10.0,7.8,6.9,2.5,0.0,5.0,,Não,5.0,2.5,Fase 4,-3,,,,,
RA-542,Fase 1,F,Aluno-542,2011,11,F,2019,Publica,2022,Ametista,Agata,Ametista,7.221,2.0,Avaliador-4,Avaliador-2,,8.0,9.8,6.3,6.5,5.3,7.7,,Não,7.417,5.0,Fase 2,-1,,,,,
RA-543,Fase 1,F,Aluno-543,2012,10,F,2022,Publica,2022,,,Ametista,7.05,2.0,Avaliador-4,Avaliador-2,,8.5,9.8,4.4,6.5,5.0,8.0,,Não,7.167,5.0,Fase 2,-1,,,,,
RA-544,Fase 1,F,Aluno-544,2012,10,M,2022,Publica,2022,,,Agata,6.307,2.0,Avaliador-4,Avaliador-2,,9.5,9.7,5.6,3.3,1.0,5.5,,Não,6.0,5.0,Fase 2,-1,,,,,
RA-545,Fase 1,G,Aluno-545,2009,13,M,2018,Publica,2022,Ametista,Agata,Agata,6.723,2.0,Avaliador-4,Avaliador-2,,9.5,6.6,7.5,5.5,4.3,6.7,,Não,7.5,5.0,Fase 3,-2,,,,,
RA-546,Fase 1,G,Aluno-546,2011,11,F,2021,Publica,2022,,Quartzo,Agata,6.77,2.0,Avaliador-4,Avaliador-2,,9.0,7.9,5.0,5.6,3.3,7.8,,Não,7.917,5.0,Fase 2,-1,,,,,
RA-547,Fase 1,G,Aluno-547,2011,11,F,2019,Publica,2022,Agata,Agata,Ametista,7.745,2.0,Avaliador-4,Avaliador-2,,9.5,9.7,5.0,7.6,7.3,7.8,,Sim,8.833,5.0,Fase 2,-1,,,,,
RA-548,Fase 1,G,Aluno-548,2010,12,M,2019,Publica,2022,Ametista,Ametista,Ametista,7.292,2.0,Avaliador-4,Avaliador-2,,8.0,9.1,6.9,7.2,5.7,8.7,,Não,7.583,5.0,Fase 3,-2,,,,,
RA-549,Fase 1,G,Aluno-549,2012,10,M,2021,Publica,2022,,Ametista,Agata,6.301,2.0,Avaliador-4,Avaliador-2,,10.0,7.9,6.9,4.2,2.2,6.2,,Não,6.167,5.0,Fase 2,-1,,,,,
RA-550,Fase 1,G,Aluno-550,2010,12,F,2022,Publica,2022,,,Agata,6.026,2.0,Avaliador-4,Avaliador-2,,9.0,9.0,6.9,1.9,2.0,1.8,,Não,6.25,5.0,Fase 3,-2,,,,,
RA-551,Fase 1,G,Aluno-551,2010,12,F,2018,Publica,2022,Ametista,Ametista,Agata,6.853,2.0,Avaliador-4,Avaliador-2,,8.5,7.3,6.9,6.6,5.0,8.2,,Não,7.333,5.0,Fase 3,-2,,,,,
RA-552,Fase 1,G,Aluno-552,2011,11,M,2022,Publica,2022,,,Agata,6.625,2.0,Avaliador-4,Avaliador-2,,9.5,8.8,5.0,5.5,6.0,5.0,,Não,7.167,5.0,Fase 2,-1,,,,,
RA-553,Fase 1,G,Aluno-553,2011,11,F,2019,Publica,2022,Ametista,Ametista,Agata,6.39,2.0,Avaliador-4,Avaliador-2,,9.5,6.9,6.9,3.3,1.0,5.7,,Não,8.167,5.0,Fase 2,-1,,,,,
RA-554,Fase 1,G,Aluno-554,2010,12,M,2017,Publica,2022,Quartzo,Quartzo,Quartzo,5.588,2.0,Avaliador-4,Avaliador-2,,7.9,6.0,6.9,4.0,1.7,6.3,,Não,5.75,5.0,Fase 3,-2,,,,,
RA-555,Fase 1,G,Aluno-555,2010,12,M,2019,Publica,2022,Ametista,Ametista,Quartzo,5.949,2.0,Avaliador-4,Avaliador-2,,9.5,8.1,5.0,4.4,1.8,7.0,,Não,5.167,5.0,Fase 3,-2,,,,,
RA-556,Fase 1,G,Aluno-556,2011,11,F,2018,Publica,2022,Topazio,Ametista,Ametista,7.181,2.0,Avaliador-4,Avaliador-2,,9.0,8.8,5.0,6.4,4.8,8.0,,Não,8.25,5.0,Fase 2,-1,,,,,
RA-557,Fase 1,H,Aluno-557,2012,10,M,2019,Publica,2022,Ametista,Topazio,Topazio,8.334,2.0,Avaliador-4,Avaliador-2,,10.0,8.4,7.5,9.4,10.0,8.8,,Sim,9.333,5.0,Fase 2,-1,,,,,
RA-558,Fase 1,H,Aluno-558,2008,14,M,2022,Publica,2022,,,Quartzo,5.539,2.0,Avaliador-4,Avaliador-2,,9.0,8.5,5.0,4.3,0.5,8.0,,Não,4.5,2.5,Fase 4,-3,,,,,
RA-559,Fase 1,H,Aluno-559,2011,11,M,2021,Publica,2022,,Ametista,Ametista,7.634,2.0,Avaliador-4,Avaliador-2,,9.5,9.2,7.5,7.1,7.2,7.0,,Não,8.083,5.0,Fase 2,-1,,,,,
RA-560,Fase 1,H,Aluno-560,2011,11,M,2020,Publica,2022,Agata,Quartzo,Quartzo,4.949,2.0,Avaliador-4,Avaliador-2,,6.9,7.2,5.0,3.8,3.2,4.3,,Não,3.75,5.0,Fase 2,-1,,,,,
RA-561,Fase 1,H,Aluno-561,2011,11,M,2022,Publica,2022,,,Ametista,7.856,2.0,Avaliador-4,Avaliador-2,,9.0,9.0,7.5,7.4,9.5,5.3,,Sim,8.833,5.0,Fase 2,-1,,,,,
RA-562,Fase 1,H,Aluno-562,2011,11,F,2021,Publica,2022,,Ametista,Ametista,7.855,2.0,Avaliador-4,Avaliador-2,,8.0,9.0,7.5,8.0,8.3,7.7,,Sim,8.75,5.0,Fase 2,-1,,,,,
RA-563,Fase 1,H,Aluno-563,2011,11,F,2020,Publica,2022,Topazio,Ametista,Topazio,8.22,2.0,Avaliador-4,Avaliador-2,,10.0,9.2,7.5,8.5,9.0,8.0,,Sim,8.833,5.0,Fase 2,-1,,,,,
RA-564,Fase 1,H,Aluno-564,2009,13,M,2019,Publica,2022,Agata,Quartzo,Quartzo,4.972,2.0,Avaliador-4,Avaliador-2,,9.5,3.8,5.0,2.3,2.5,2.0,,Não,6.833,5.0,Fase 3,-2,,,,,
RA-565,Fase 1,H,Aluno-565,2009,13,M,2022,Publica,2022,,,Quartzo,5.233,2.0,Avaliador-4,Avaliador-2,,9.0,4.1,7.5,2.9,4.0,1.8,,Não,5.917,5.0,Fase 3,-2,,,,,
RA-566,Fase 1,H,Aluno-566,2010,12,F,2022,Publica,2022,,,Ametista,7.729,2.0,Avaliador-4,Avaliador-2,,9.5,8.4,7.5,8.5,9.5,7.5,,Não,7.917,5.0,Fase 3,-2,,,,,
RA-567,Fase 1,H,Aluno-567,2011,11,M,2019,Publica,2022,Ametista,Quartzo,Agata,6.281,2.0,Avaliador-4,Avaliador-2,,9.5,6.0,7.5,4.8,4.3,5.2,,Não,6.833,5.0,Fase 2,-1,,,,,
RA-568,Fase 1,J,Aluno-568,2008,14,M,2018,Publica,2022,Ametista,Ametista,Ametista,7.306,3.0,Avaliador-7,Avaliador-3,,8.0,8.6,6.9,8.3,8.0,8.5,,Não,7.944,2.5,Fase 4,-3,,,,,
RA-569,Fase 1,J,Aluno-569,2010,12,F,2020,Publica,2022,Ametista,Ametista,Ametista,7.074,3.0,Avaliador-7,Avaliador-3,,9.5,8.7,5.0,6.8,6.3,7.3,,Não,7.333,5.0,Fase 3,-2,,,,,
RA-570,Fase 1,J,Aluno-570,2012,10,F,2019,Publica,2022,Topazio,Agata,Quartzo,5.722,3.0,Avaliador-7,Avaliador-3,,9.0,7.0,7.5,1.3,0.7,2.0,,Não,6.778,5.0,Fase 2,-1,,,,,
RA-571,Fase 1,J,Aluno-571,2011,11,F,2019,Publica,2022,Ametista,Ametista,Agata,6.589,3.0,Avaliador-7,Avaliador-3,,8.5,8.8,7.5,3.7,3.3,4.0,,Não,6.944,5.0,Fase 2,-1,,,,,
RA-572,Fase 1,J,Aluno-572,2013,9,M,2022,Publica,2022,,,Ametista,7.48,3.0,Avaliador-7,Avaliador-3,,8.5,8.0,7.5,6.8,4.5,9.0,,Não,6.833,10.0,Fase 1,0,,,,,
RA-573,Fase 1,J,Aluno-573,2011,11,M,2020,Publica,2022,Ametista,Topazio,Topazio,8.261,3.0,Avaliador-7,Avaliador-3,,9.5,9.9,7.5,8.2,8.3,8.0,,Sim,8.944,5.0,Fase 2,-1,,,,,
RA-574,Fase 1,J,Aluno-574,2012,10,M,2022,Publica,2022,,,Agata,6.86,3.0,Avaliador-7,Avaliador-3,,9.5,7.2,5.0,7.5,5.5,9.5,,Não,6.944,5.0,Fase 2,-1,,,,,
RA-575,Fase 1,J,Aluno-575,2010,12,M,2019,Publica,2022,Ametista,Ametista,Quartzo,5.889,3.0,Avaliador-7,Avaliador-3,,8.0,6.1,7.5,2.8,2.7,3.0,,Não,7.0,5.0,Fase 3,-2,,,,,
RA-576,Fase 1,J,Aluno-576,2012,10,F,2022,Publica,2022,,,Ametista,7.59,3.0,Avaliador-7,Avaliador-3,,9.5,9.1,7.5,7.8,7.5,8.0,,Não,7.111,5.0,Fase 2,-1,,,,,
RA-577,Fase 1,J,Aluno-577,2012,10,F,2022,Publica,2022,,,Ametista,7.862,3.0,Avaliador-7,Avaliador-3,,9.5,9.3,7.5,9.0,8.3,9.7,,Não,7.111,5.0,Fase 2,-1,,,,,
RA-578,Fase 1,J,Aluno-578,2012,10,M,2019,Publica,2022,Ametista,Topazio,Topazio,8.814,3.0,Avaliador-7,Avaliador-3,,9.5,10.0,8.8,9.5,9.3,9.7,,Sim,9.611,5.0,Fase 2,-1,,,,,
RA-579,Fase 1,J,Aluno-579,2012,10,F,2022,Publica,2022,,,Agata,6.067,3.0,Avaliador-7,Avaliador-3,,8.5,5.8,7.5,3.8,0.0,7.5,,Não,7.222,5.0,Fase 2,-1,,,,,
RA-580,Fase 1,J,Aluno-580,2012,10,F,2020,Publica,2022,Topazio,Ametista,Ametista,7.525,3.0,Avaliador-7,Avaliador-3,,8.0,9.6,7.5,7.6,6.3,8.8,,Não,7.167,5.0,Fase 2,-1,,,,,
RA-581,Fase 1,J,Aluno-581,2012,10,M,2019,Publica,2022,Ametista,Ametista,Agata,6.464,3.0,Avaliador-7,Avaliador-3,,7.5,8.9,7.5,5.0,5.3,4.7,,Não,5.889,5.0,Fase 2,-1,,,,,
RA-582,Fase 1,J,Aluno-582,2012,10,F,2022,Publica,2022,,,Ametista,7.064,3.0,Avaliador-7,Avaliador-3,,10.0,9.0,7.5,4.9,4.3,5.5,,Não,7.222,5.0,Fase 2,-1,,,,,
RA-583,Fase 1,J,Aluno-583,2010,12,F,2019,Publica,2022,Ametista,Ametista,Ametista,7.456,3.0,Avaliador-7,Avaliador-3,,8.5,9.4,7.5,7.1,6.2,8.0,,Não,7.333,5.0,Fase 3,-2,,,,,
RA-584,Fase 1,J,Aluno-584,2012,10,F,2019,Publica,2022,Topazio,Ametista,Agata,6.714,3.0,Avaliador-7,Avaliador-3,,8.0,8.5,7.5,4.6,4.5,4.7,,Não,7.333,5.0,Fase 2,-1,,,,,
RA-585,Fase 1,K,Aluno-585,2013,9,F,2020,Publica,2022,Agata,Topazio,Ametista,7.398,3.0,Avaliador-4,Avaliador-2,,8.5,9.1,7.5,5.0,3.7,6.3,,Não,6.889,10.0,Fase 1,0,,,,,
RA-586,Fase 1,K,Aluno-586,2012,10,F,2021,Privada,2022,,Topazio,Ametista,7.988,3.0,Avaliador-4,Avaliador-2,,10.0,9.6,5.6,8.2,8.2,8.2,,Sim,8.778,5.0,Fase 2,-1,,,,,
RA-587,Fase 1,K,Aluno-587,2012,10,M,2022,Publica,2022,,,Agata,6.632,3.0,Avaliador-4,Avaliador-2,,9.5,9.3,7.5,3.8,1.0,6.5,,Não,6.167,5.0,Fase 2,-1,,,,,
RA-588,Fase 1,K,Aluno-588,2013,9,F,2021,Privada,2022,,Topazio,Topazio,8.622,3.0,Avaliador-4,Avaliador-2,,9.5,10.0,5.6,9.3,9.3,9.2,,Não,8.278,10.0,Fase 1,0,,,,,
RA-589,Fase 1,K,Aluno-589,2013,9,F,2022,Publica,2022,,,Ametista,7.744,3.0,Avaliador-4,Avaliador-2,,9.5,9.4,7.5,5.8,3.0,8.5,,Não,7.056,10.0,Fase 1,0,,,,,
RA-590,Fase 1,K,Aluno-590,2012,10,F,2020,Publica,2022,Ametista,Agata,Ametista,7.435,3.0,Avaliador-4,Avaliador-2,,8.5,8.6,7.5,7.4,5.7,9.2,,Não,7.611,5.0,Fase 2,-1,,,,,
RA-591,Fase 1,K,Aluno-591,2011,11,M,2021,Publica,2022,,Ametista,Ametista,7.507,3.0,Avaliador-4,Avaliador-2,,9.5,9.3,7.5,7.1,7.8,6.3,,Não,7.389,5.0,Fase 2,-1,,,,,
RA-592,Fase 1,K,Aluno-592,2012,10,F,2020,Publica,2022,Ametista,Ametista,Ametista,7.381,3.0,Avaliador-4,Avaliador-2,,8.0,8.5,5.6,8.4,7.2,9.7,,Não,7.778,5.0,Fase 2,-1,,,,,
RA-593,Fase 1,K,Aluno-593,2012,10,F,2021,Publica,2022,,Topazio,Agata,6.254,3.0,Avaliador-4,Avaliador-2,,7.5,7.4,7.5,4.6,3.0,6.2,,Não,6.278,5.0,Fase 2,-1,,,,,
RA-594,Fase 1,K,Aluno-594,2012,10,M,2022,Publica,2022,,,Ametista,7.392,3.0,Avaliador-4,Avaliador-2,,8.0,9.4,7.5,7.8,6.0,9.5,,Não,6.889,5.0,Fase 2,-1,,,,,
RA-595,Fase 1,K,Aluno-595,2010,12,M,2018,Publica,2022,Agata,Ametista,Quartzo,5.18,3.0,Avaliador-4,Avaliador-2,,8.5,5.5,7.5,1.0,2.0,0.0,,Não,6.0,5.0,Fase 3,-2,,,,,
RA-596,Fase 1,K,Aluno-596,2013,9,F,2021,Publica,2022,,Topazio,Topazio,8.971,3.0,Avaliador-4,Avaliador-2,,9.5,10.0,7.5,9.3,8.8,9.8,,Sim,9.0,10.0,Fase 1,0,,,,,
RA-597,Fase 1,L,Aluno-597,2013,9,M,2022,Publica,2022,,,Topazio,8.265,3.0,Avaliador-4,Avaliador-2,,9.0,10.0,7.5,8.0,6.5,9.5,,Não,7.056,10.0,Fase 1,0,,,,,
RA-598,Fase 1,L,Aluno-598,2011,11,F,2022,Publica,2022,,,Agata,6.35,3.0,Avaliador-4,Avaliador-2,,9.5,7.2,7.5,3.7,4.7,2.7,,Não,6.944,5.0,Fase 2,-1,,,,,
RA-599,Fase 1,L,Aluno-599,2012,10,M,2022,Publica,2022,,,Topazio,8.2,3.0,Avaliador-4,Avaliador-2,,9.5,9.2,7.5,9.1,8.3,9.8,,Sim,8.556,5.0,Fase 2,-1,,,,,
RA-600,Fase 1,L,Aluno-600,2013,9,F,2021,Publica,2022,,Ametista,Agata,7.011,3.0,Avaliador-4,Avaliador-2,,8.5,8.4,7.5,3.9,2.8,5.0,,Não,6.833,10.0,Fase 1,0,,,,,
RA-601,Fase 1,L,Aluno-601,2014,8,M,2021,Publica,2022,,Topazio,Ametista,7.713,3.0,Avaliador-4,Avaliador-2,,9.0,9.7,7.5,5.7,5.3,6.0,,Não,7.167,10.0,Alfa,1,,,,,
RA-602,Fase 1,L,Aluno-602,2011,11,M,2019,Publica,2022,Ametista,Ametista,Ametista,8.041,3.0,Avaliador-4,Avaliador-2,,10.0,9.7,7.5,8.6,8.3,8.8,,Não,7.667,5.0,Fase 2,-1,,,,,
RA-603,Fase 1,L,Aluno-603,2011,11,F,2022,Publica,2022,,,Ametista,7.78,3.0,Avaliador-4,Avaliador-2,,9.0,9.5,7.5,7.5,6.7,8.3,,Não,8.0,5.0,Fase 2,-1,,,,,
RA-604,Fase 1,L,Aluno-604,2012,10,F,2021,Publica,2022,,Ametista,Ametista,8.018,3.0,Avaliador-4,Avaliador-2,,9.0,9.0,7.5,8.8,8.0,9.7,,Não,8.333,5.0,Fase 2,-1,,,,,
RA-605,Fase 1,L,Aluno-605,2010,12,F,2021,Publica,2022,,Ametista,Ametista,7.276,3.0,Avaliador-4,Avaliador-2,,6.9,9.3,6.9,7.1,6.2,8.0,,Não,7.556,5.0,Fase 3,-2,,,,,
RA-606,Fase 1,L,Aluno-606,2012,10,M,2022,Publica,2022,,,Agata,6.127,3.0,Avaliador-4,Avaliador-2,,9.5,9.0,7.5,1.8,2.0,1.5,,Não,6.111,5.0,Fase 2,-1,,,,,
RA-607,Fase 1,L,Aluno-607,2012,10,M,2022,Publica,2022,,,Agata,6.44,3.0,Avaliador-4,Avaliador-2,,6.8,8.1,7.5,4.0,3.0,5.0,,Não,7.444,5.0,Fase 2,-1,,,,,
RA-608,Fase 1,L,Aluno-608,2012,10,M,2022,Publica,2022,,,Ametista,7.216,3.0,Avaliador-4,Avaliador-2,,7.8,9.6,7.5,6.3,3.0,9.5,,Não,7.222,5.0,Fase 2,-1,,,,,
RA-609,Fase 1,L,Aluno-609,2011,11,M,2019,Publica,2022,Ametista,Agata,Agata,6.794,3.0,Avaliador-4,Avaliador-2,,8.5,7.6,7.5,6.0,6.5,5.5,,Não,7.056,5.0,Fase 2,-1,,,,,
RA-610,Fase 1,L,Aluno-610,2013,9,F,2022,Publica,2022,,,Topazio,8.18,3.0,Avaliador-4,Avaliador-2,,9.0,9.6,7.5,6.5,6.0,7.0,,Sim,8.5,10.0,Fase 1,0,,,,,
RA-611,Fase 1,M,Aluno-611,2010,12,M,2021,Publica,2022,,Ametista,Ametista,7.756,3.0,Avaliador-7,Avaliador-3,,9.5,7.6,7.5,9.5,10.0,9.0,,Não,7.556,5.0,Fase 3,-2,,,,,
RA-612,Fase 1,M,Aluno-612,2012,10,F,2021,Publica,2022,,Topazio,Ametista,7.594,3.0,Avaliador-7,Avaliador-3,,9.0,9.2,7.5,7.9,9.7,6.2,,Não,7.167,5.0,Fase 2,-1,,,,,
RA-613,Fase 1,M,Aluno-613,2009,13,M,2020,Publica,2022,Ametista,Ametista,Topazio,8.121,3.0,Avaliador-7,Avaliador-3,,9.0,9.2,7.5,9.2,9.2,9.2,,Sim,8.556,5.0,Fase 3,-2,,,,,
RA-614,Fase 1,M,Aluno-614,2010,12,M,2021,Publica,2022,,Topazio,Topazio,8.339,3.0,Avaliador-7,Avaliador-3,,9.5,9.7,7.5,9.6,9.8,9.3,,Não,8.278,5.0,Fase 3,-2,,,,,
RA-615,Fase 1,M,Aluno-615,2013,9,F,2020,Publica,2022,Topazio,Topazio,Topazio,8.086,3.0,Avaliador-7,Avaliador-3,,9.5,9.7,7.5,7.3,7.8,6.7,,Não,6.889,10.0,Fase 1,0,,,,,
RA-616,Fase 1,M,Aluno-616,2010,12,M,2019,Publica,2022,Agata,Ametista,Ametista,7.303,3.0,Avaliador-7,Avaliador-3,,7.4,7.4,7.5,8.8,9.2,8.5,,Não,7.278,5.0,Fase 3,-2,,,,,
RA-617,Fase 1,M,Aluno-617,2011,11,F,2021,Publica,2022,,Ametista,Ametista,7.107,3.0,Avaliador-7,Avaliador-3,,8.5,8.9,7.5,6.3,4.5,8.0,,Não,6.778,5.0,Fase 2,-1,,,,,
RA-618,Fase 1,M,Aluno-618,2009,13,M,2020,Publica,2022,Ametista,Ametista,Ametista,7.18,3.0,Avaliador-7,Avaliador-3,,8.9,8.3,7.5,6.7,6.8,6.5,,Não,7.333,5.0,Fase 3,-2,,,,,
RA-619,Fase 1,M,Aluno-619,2011,11,F,2021,Publica,2022,,Ametista,Ametista,7.693,3.0,Avaliador-7,Avaliador-3,,9.5,8.0,7.5,9.0,9.2,8.8,,Não,7.333,5.0,Fase 2,-1,,,,,
RA-620,Fase 1,M,Aluno-620,2010,12,M,2021,Publica,2022,,Ametista,Agata,6.018,3.0,Avaliador-7,Avaliador-3,,0.0,7.5,7.5,6.8,8.5,5.0,,Não,6.833,5.0,Fase 3,-2,,,,,
RA-621,Fase 1,M,Aluno-621,2012,10,M,2020,Publica,2022,Topazio,Topazio,Ametista,7.448,3.0,Avaliador-7,Avaliador-3,,9.5,7.7,7.5,7.5,6.8,8.2,,Não,8.222,5.0,Fase 2,-1,,,,,
RA-622,Fase 1,N,Aluno-622,2010,12,F,2019,Publica,2022,Quartzo,Quartzo,Quartzo,4.934,3.0,Avaliador-7,Avaliador-3,,3.5,3.8,7.5,3.8,4.8,2.7,,Não,6.0,5.0,Fase 3,-2,,,,,
RA-623,Fase 1,N,Aluno-623,2009,13,M,2022,Publica,2022,,,Ametista,7.524,3.0,Avaliador-7,Avaliador-3,,7.5,9.0,7.5,8.3,9.3,7.2,,Não,7.389,5.0,Fase 3,-2,,,,,
RA-624,Fase 1,N,Aluno-624,2012,10,M,2022,Publica,2022,,,Ametista,7.425,3.0,Avaliador-7,Avaliador-3,,9.0,8.9,7.5,6.8,8.0,5.5,,Não,7.722,5.0,Fase 2,-1,,,,,
RA-625,Fase 1,N,Aluno-625,2011,11,M,2022,Publica,2022,,,Ametista,7.483,3.0,Avaliador-7,Avaliador-3,,8.0,9.2,7.5,7.8,8.5,7.0,,Não,7.333,5.0,Fase 2,-1,,,,,
RA-626,Fase 1,N,Aluno-626,2011,11,M,2021,Publica,2022,,Agata,Quartzo,5.818,3.0,Avaliador-7,Avaliador-3,,7.4,7.6,7.5,1.3,2.5,0.0,,Não,7.278,5.0,Fase 2,-1,,,,,
RA-627,Fase 1,N,Aluno-627,2012,10,F,2022,Publica,2022,,,Agata,6.621,3.0,Avaliador-7,Avaliador-3,,7.0,6.7,7.5,6.5,6.2,6.8,,Não,7.0,5.0,Fase 2,-1,,,,,
RA-628,Fase 1,N,Aluno-628,2011,11,M,2022,Publica,2022,,,Ametista,7.577,3.0,Avaliador-7,Avaliador-3,,9.5,7.6,7.5,9.2,9.3,9.0,,Não,7.333,5.0,Fase 2,-1,,,,,
RA-629,Fase 1,N,Aluno-629,2013,9,M,2022,Publica,2022,,,Topazio,8.11,3.0,Avaliador-7,Avaliador-3,,9.0,10.0,7.5,7.0,5.0,9.0,,Não,7.278,10.0,Fase 1,0,,,,,
RA-630,Fase 1,N,Aluno-630,2013,9,M,2022,Publica,2022,,,Topazio,8.064,3.0,Avaliador-7,Avaliador-3,,9.5,9.2,7.5,7.3,6.5,8.0,,Não,7.278,10.0,Fase 1,0,,,,,
RA-631,Fase 1,N,Aluno-631,2010,12,M,2022,Publica,2022,,,Agata,6.928,3.0,Avaliador-7,Avaliador-3,,8.5,6.8,7.5,7.0,7.3,6.7,,Não,7.222,5.0,Fase 3,-2,,,,,
RA-632,Fase 1,P,Aluno-632,2012,10,F,2022,Publica,2022,,,Agata,6.996,3.0,Avaliador-4,Avaliador-2,,8.5,9.3,6.9,6.3,5.5,7.2,,Não,6.722,5.0,Fase 2,-1,,,,,
RA-633,Fase 1,P,Aluno-633,2011,11,F,2020,Publica,2022,Ametista,Agata,Ametista,7.476,3.0,Avaliador-4,Avaliador-2,,7.3,8.9,7.5,7.7,6.8,8.5,,Não,7.833,5.0,Fase 2,-1,,,,,
RA-634,Fase 1,P,Aluno-634,2011,11,F,2022,Publica,2022,,,Ametista,7.619,3.0,Avaliador-4,Avaliador-2,,9.5,9.4,7.5,6.5,8.0,5.0,,Não,8.222,5.0,Fase 2,-1,,,,,
RA-635,Fase 1,P,Aluno-635,2012,10,M,2022,Publica,2022,,,Quartzo,5.313,3.0,Avaliador-4,Avaliador-2,,10.0,4.9,6.9,1.5,0.5,2.5,,Não,6.444,5.0,Fase 2,-1,,,,,
RA-636,Fase 1,P,Aluno-636,2012,10,M,2022,Publica,2022,,,Ametista,7.189,3.0,Avaliador-4,Avaliador-2,,8.5,8.0,6.9,7.3,7.3,7.3,,Não,7.389,5.0,Fase 2,-1,,,,,
RA-637,Fase 1,P,Aluno-637,2012,10,F,2021,Publica,2022,,Topazio,Ametista,7.039,3.0,Avaliador-4,Avaliador-2,,8.5,9.0,7.5,5.8,4.8,6.8,,Não,7.0,5.0,Fase 2,-1,,,,,
RA-638,Fase 1,P,Aluno-638,2013,9,F,2020,Publica,2022,Topazio,Ametista,Ametista,7.059,3.0,Avaliador-4,Avaliador-2,,8.5,9.3,7.5,3.9,2.0,5.8,,Não,6.278,10.0,Fase 1,0,,,,,
RA-639,Fase 1,P,Aluno-639,2012,10,F,2021,Publica,2022,,Ametista,Agata,6.613,3.0,Avaliador-4,Avaliador-2,,8.5,7.4,7.5,5.5,3.2,7.8,,Não,6.611,5.0,Fase 2,-1,,,,,
RA-640,Fase 1,P,Aluno-640,2011,11,F,2022,Publica,2022,,,Agata,6.73,3.0,Avaliador-4,Avaliador-2,,9.0,8.4,7.5,4.8,2.5,7.0,,Não,6.778,5.0,Fase 2,-1,,,,,
RA-641,Fase 1,P,Aluno-641,2013,9,F,2022,Publica,2022,,,Ametista,7.776,3.0,Avaliador-4,Avaliador-2,,9.0,9.3,7.5,6.5,4.5,8.5,,Não,6.778,10.0,Fase 1,0,,,,,
RA-642,Fase 1,P,Aluno-642,2012,10,F,2021,Publica,2022,,Topazio,Ametista,7.75,3.0,Avaliador-4,Avaliador-2,,10.0,9.7,6.9,7.3,7.0,7.7,,Não,7.778,5.0,Fase 2,-1,,,,,
RA-643,Fase 1,P,Aluno-643,2012,10,M,2022,Publica,2022,,,Agata,6.763,3.0,Avaliador-4,Avaliador-2,,9.0,8.0,7.5,6.2,6.3,6.0,,Não,6.722,5.0,Fase 2,-1,,,,,
RA-644,Fase 1,P,Aluno-644,2011,11,F,2021,Publica,2022,,Ametista,Ametista,7.83,3.0,Avaliador-4,Avaliador-2,,9.5,8.0,7.5,8.8,9.7,8.0,,Não,8.278,5.0,Fase 2,-1,,,,,
RA-645,Fase 1,P,Aluno-645,2012,10,F,2022,Publica,2022,,,Agata,6.086,3.0,Avaliador-4,Avaliador-2,,8.5,8.1,7.5,2.0,4.0,0.0,,Não,6.833,5.0,Fase 2,-1,,,,,
RA-646,Fase 1,R,Aluno-646,2009,13,M,2019,Publica,2022,Ametista,Ametista,Topazio,8.181,3.0,Avaliador-7,Avaliador-3,,8.5,9.8,8.1,8.4,8.8,8.0,,Sim,8.389,5.0,Fase 3,-2,,,,,
RA-647,Fase 1,R,Aluno-647,2012,10,M,2022,Publica,2022,,,Agata,6.606,3.0,Avaliador-7,Avaliador-3,,9.5,8.6,7.5,3.3,1.5,5.2,,Não,7.278,5.0,Fase 2,-1,,,,,
RA-648,Fase 1,R,Aluno-648,2010,12,M,2019,Publica,2022,Ametista,Ametista,Agata,6.736,3.0,Avaliador-7,Avaliador-3,,9.0,7.5,6.9,5.3,5.0,5.5,,Não,7.5,5.0,Fase 3,-2,,,,,
RA-649,Fase 1,R,Aluno-649,2010,12,F,2019,Publica,2022,Agata,Ametista,Ametista,7.302,3.0,Avaliador-7,Avaliador-3,,8.5,8.9,5.6,7.4,6.3,8.5,,Não,7.611,5.0,Fase 3,-2,,,,,
RA-650,Fase 1,R,Aluno-650,2011,11,F,2021,Publica,2022,,Ametista,Agata,7.004,3.0,Avaliador-7,Avaliador-3,,6.9,8.7,5.6,6.9,5.5,8.3,,Não,7.5,5.0,Fase 2,-1,,,,,
RA-651,Fase 1,R,Aluno-651,2012,10,F,2022,Publica,2022,,,Ametista,7.866,3.0,Avaliador-7,Avaliador-3,,8.5,9.3,7.5,7.8,7.7,7.8,,Não,8.333,5.0,Fase 2,-1,,,,,
RA-652,Fase 1,R,Aluno-652,2013,9,F,2022,Publica,2022,,,Topazio,8.151,3.0,Avaliador-7,Avaliador-3,,8.0,9.6,7.5,7.8,7.0,8.5,,Não,7.5,10.0,Fase 1,0,,,,,
RA-653,Fase 1,R,Aluno-653,2011,11,F,2022,Publica,2022,,,Topazio,8.101,3.0,Avaliador-7,Avaliador-3,,9.5,9.6,7.5,9.3,9.5,9.0,,Não,7.5,5.0,Fase 2,-1,,,,,
RA-654,Fase 1,R,Aluno-654,2010,12,F,2022,Publica,2022,,,Ametista,7.308,3.0,Avaliador-7,Avaliador-3,,8.5,8.6,7.5,6.8,5.5,8.0,,Não,7.556,5.0,Fase 3,-2,,,,,
RA-655,Fase 1,R,Aluno-655,2010,12,F,2019,Publica,2022,Ametista,Ametista,Ametista,7.785,3.0,Avaliador-7,Avaliador-3,,7.5,9.2,7.5,8.3,8.3,8.2,,Sim,8.389,5.0,Fase 3,-2,,,,,
RA-656,Fase 1,R,Aluno-656,2011,11,F,2020,Publica,2022,Topazio,Ametista,Agata,6.652,3.0,Avaliador-7,Avaliador-3,,7.4,7.5,5.6,6.3,5.0,7.5,,Não,7.5,5.0,Fase 2,-1,,,,,
RA-657,Fase 1,R,Aluno-657,2010,12,F,2021,Publica,2022,,Ametista,Topazio,8.093,3.0,Avaliador-7,Avaliador-3,,9.5,9.8,7.5,9.0,9.0,9.0,,Não,7.5,5.0,Fase 3,-2,,,,,
RA-658,Fase 1,U,Aluno-658,2012,10,F,2022,Publica,2022,,,Ametista,7.407,2.0,Avaliador-5,Avaliador-2,,10.0,9.3,7.5,5.6,4.7,6.5,,Não,7.917,5.0,Fase 2,-1,,,,,
RA-659,Fase 1,U,Aluno-659,2012,10,F,2022,Publica,2022,,,Ametista,7.783,2.0,Avaliador-5,Avaliador-2,,8.0,7.8,7.5,9.3,9.5,9.0,,Não,8.333,5.0,Fase 2,-1,,,,,
RA-660,Fase 1,U,Aluno-660,2013,9,F,2021,Publica,2022,,Topazio,Topazio,8.363,2.0,Avaliador-5,Avaliador-2,,9.5,9.0,7.5,6.9,5.8,8.0,,Sim,9.083,10.0,Fase 1,0,,,,,
RA-661,Fase 1,U,Aluno-661,2011,11,M,2022,Publica,2022,,,Ametista,7.593,2.0,Avaliador-5,Avaliador-2,,9.0,8.3,7.5,7.8,8.3,7.3,,Não,7.917,5.0,Fase 2,-1,,,,,
RA-662,Fase 1,U,Aluno-662,2011,11,F,2022,Publica,2022,,,Ametista,7.044,2.0,Avaliador-5,Avaliador-2,,9.0,8.8,7.5,6.8,5.7,7.8,,Não,6.083,5.0,Fase 2,-1,,,,,
RA-663,Fase 1,U,Aluno-663,2012,10,M,2022,Publica,2022,,,Agata,6.376,2.0,Avaliador-5,Avaliador-2,,6.9,8.7,7.5,5.8,5.0,6.5,,Não,5.25,5.0,Fase 2,-1,,,,,
RA-664,Fase 1,U,Aluno-664,2012,10,F,2022,Publica,2022,,,Ametista,7.277,2.0,Avaliador-5,Avaliador-2,,9.5,8.8,7.5,6.3,5.0,7.5,,Não,7.167,5.0,Fase 2,-1,,,,,
RA-665,Fase 1,U,Aluno-665,2011,11,F,2022,Publica,2022,,,Agata,6.996,2.0,Avaliador-5,Avaliador-2,,9.0,7.4,7.5,6.8,6.5,7.0,,Não,7.25,5.0,Fase 2,-1,,,,,
RA-666,Fase 1,U,Aluno-666,2012,10,M,2022,Publica,2022,,,Ametista,7.929,2.0,Avaliador-5,Avaliador-2,,9.5,9.1,7.5,7.8,8.0,7.5,,Sim,8.833,5.0,Fase 2,-1,,,,,
RA-667,Fase 1,U,Aluno-667,2011,11,M,2021,Publica,2022,,Ametista,Quartzo,5.844,2.0,Avaliador-5,Avaliador-2,,8.5,5.6,7.5,4.5,3.7,5.3,,Não,5.833,5.0,Fase 2,-1,,,,,
RA-668,Fase 1,U,Aluno-668,2011,11,M,2022,Publica,2022,,,Quartzo,4.365,2.0,Avaliador-5,Avaliador-2,,6.9,3.3,7.5,2.8,2.8,2.8,,Não,3.75,5.0,Fase 2,-1,,,,,
RA-669,Fase 1,U,Aluno-669,2011,11,M,2022,Publica,2022,,,Ametista,7.475,2.0,Avaliador-5,Avaliador-2,,9.0,9.7,7.5,6.0,5.0,7.0,,Não,7.833,5.0,Fase 2,-1,,,,,
RA-670,Fase 1,U,Aluno-670,2012,10,F,2022,Publica,2022,,,Ametista,7.451,2.0,Avaliador-5,Avaliador-2,,8.0,8.8,7.5,6.9,6.5,7.3,,Não,8.167,5.0,Fase 2,-1,,,,,
RA-671,Alfa,A,Aluno-671,2013,9,M,2021,Publica,2022,,Ametista,Ametista,7.617,2.0,Avaliador-11,Avaliador-3,,8.5,8.2,8.1,8.8,8.8,8.8,,Não,7.417,5.0,Fase 1,-1,,,,,
RA-672,Alfa,A,Aluno-672,2013,9,F,2021,Publica,2022,,Ametista,Ametista,7.48,2.0,Avaliador-11,Avaliador-3,,8.5,8.5,8.1,8.8,8.5,9.1,,Não,6.75,5.0,Fase 1,-1,,,,,
RA-673,Alfa,A,Aluno-673,2014,8,F,2022,Publica,2022,,,Topazio,8.65,2.0,Avaliador-11,Avaliador-3,,8.5,9.2,8.1,9.2,9.4,8.9,,Sim,8.583,10.0,Alfa,0,,,,,
RA-674,Alfa,A,Aluno-674,2014,8,M,2022,Publica,2022,,,Ametista,7.862,2.0,Avaliador-11,Avaliador-3,,9.5,8.7,8.1,8.0,8.9,7.0,,Não,6.333,10.0,Alfa,0,,,,,
RA-675,Alfa,A,Aluno-675,2014,8,M,2022,Publica,2022,,,Ametista,7.576,2.0,Avaliador-11,Avaliador-3,,10.0,6.6,8.1,7.4,8.8,5.9,,Não,7.083,10.0,Alfa,0,,,,,
RA-676,Alfa,A,Aluno-676,2013,9,M,2021,Publica,2022,,Topazio,Ametista,7.911,2.0,Avaliador-11,Avaliador-3,,8.5,8.6,8.1,9.3,9.5,9.1,,Não,8.167,5.0,Fase 1,-1,,,,,
RA-677,Alfa,B,Aluno-677,2014,8,F,2021,Publica,2022,,Ametista,Topazio,8.358,2.0,Avaliador-13,Avaliador-3,,10.0,9.4,7.5,7.3,7.7,6.8,,Sim,8.583,10.0,Alfa,0,,,,,
RA-678,Alfa,B,Aluno-678,2013,9,M,2022,Publica,2022,,,Ametista,8.0,2.0,Avaliador-13,Avaliador-3,,9.0,10.0,6.9,7.3,7.5,7.0,,Sim,9.5,5.0,Fase 1,-1,,,,,
RA-679,Alfa,B,Aluno-679,2012,10,M,2020,Publica,2022,Ametista,Ametista,Ametista,7.172,2.0,Avaliador-13,Avaliador-3,,9.0,8.2,7.5,6.3,6.7,5.8,,Não,7.833,5.0,Fase 2,-2,,,,,
RA-680,Alfa,B,Aluno-680,2012,10,F,2019,Publica,2022,Ametista,Ametista,Ametista,7.518,2.0,Avaliador-13,Avaliador-3,,9.5,8.8,7.5,7.4,8.0,6.8,,Não,7.75,5.0,Fase 2,-2,,,,,
RA-681,Alfa,B,Aluno-681,2012,10,M,2022,Publica,2022,,,Ametista,7.204,2.0,Avaliador-13,Avaliador-3,,8.5,8.5,6.9,6.5,6.5,6.5,,Não,8.0,5.0,Fase 2,-2,,,,,
RA-682,Alfa,B,Aluno-682,2011,11,M,2022,Publica,2022,,,Ametista,7.625,2.0,Avaliador-13,Avaliador-3,,9.5,9.1,7.5,7.0,7.0,7.0,,Não,8.083,5.0,Fase 2,-2,,,,,
RA-683,Alfa,C,Aluno-683,2012,10,M,2022,Publica,2022,,,Agata,6.011,2.0,Avaliador-11,Avaliador-3,,7.9,5.0,7.5,4.0,8.0,0.0,,Não,8.083,5.0,Fase 2,-2,,,,,
RA-684,Alfa,C,Aluno-684,2015,7,M,2022,Publica,2022,,,Topazio,8.26,2.0,Avaliador-11,Avaliador-3,,9.5,7.5,8.1,9.3,9.0,9.6,,Não,7.917,10.0,Alfa,0,,,,,
RA-685,Alfa,C,Aluno-685,2013,9,M,2022,Publica,2022,,,Agata,6.864,2.0,Avaliador-11,Avaliador-3,,9.0,6.2,5.0,8.0,8.0,8.0,,Não,7.833,5.0,Fase 1,-1,,,,,
RA-686,Alfa,D,Aluno-686,2013,9,F,2022,Publica,2022,,,Ametista,7.729,2.0,Avaliador-13,Avaliador-3,,7.5,8.6,8.1,8.8,9.2,8.5,,Não,8.083,5.0,Fase 1,-1,,,,,
RA-687,Alfa,D,Aluno-687,2013,9,M,2022,Publica,2022,,,Ametista,7.703,2.0,Avaliador-13,Avaliador-3,,8.5,9.0,8.1,8.3,9.0,7.5,,Não,8.0,5.0,Fase 1,-1,,,,,
RA-688,Alfa,D,Aluno-688,2013,9,M,2022,Publica,2022,,,Ametista,7.771,2.0,Avaliador-13,Avaliador-3,,8.5,9.7,7.5,7.9,8.0,7.8,,Não,7.917,5.0,Fase 1,-1,,,,,
RA-689,Alfa,D,Aluno-689,2013,9,F,2022,Publica,2022,,,Agata,6.433,2.0,Avaliador-13,Avaliador-3,,7.4,7.9,5.6,5.8,6.0,5.5,,Não,6.667,5.0,Fase 1,-1,,,,,
RA-690,Alfa,D,Aluno-690,2013,9,F,2022,Publica,2022,,,Ametista,7.541,2.0,Avaliador-13,Avaliador-3,,9.5,9.5,7.5,7.0,7.2,6.8,,Não,7.417,5.0,Fase 1,-1,,,,,
RA-691,Alfa,D,Aluno-691,2014,8,F,2022,Publica,2022,,,Topazio,8.68,2.0,Avaliador-13,Avaliador-3,,10.0,9.2,8.1,9.4,9.6,9.3,,Não,7.917,10.0,Alfa,0,,,,,
RA-692,Alfa,D,Aluno-692,2013,9,F,2021,Publica,2022,,Ametista,Ametista,7.569,2.0,Avaliador-13,Avaliador-3,,9.5,8.9,8.1,6.9,7.0,6.8,,Não,7.917,5.0,Fase 1,-1,,,,,
RA-693,Alfa,D,Aluno-693,2015,7,F,2022,Publica,2022,,,Ametista,7.944,2.0,Avaliador-13,Avaliador-3,,9.5,9.8,8.1,5.7,5.0,6.3,,Não,7.667,10.0,Alfa,0,,,,,
RA-694,Alfa,D,Aluno-694,2014,8,M,2022,Publica,2022,,,Topazio,8.378,2.0,Avaliador-13,Avaliador-3,,10.0,9.0,8.1,8.1,8.2,8.0,,Não,7.917,10.0,Alfa,0,,,,,
RA-695,Alfa,E,Aluno-695,2014,8,F,2021,Publica,2022,,Agata,Quartzo,4.28,2.0,Avaliador-13,Avaliador-2,,9.0,3.1,7.5,2.5,2.2,2.8,,Não,2.5,10.0,Alfa,0,,,,,
RA-696,Alfa,E,Aluno-696,2013,9,F,2021,Publica,2022,,Ametista,Ametista,7.441,2.0,Avaliador-13,Avaliador-2,,8.5,9.0,7.5,6.6,6.5,6.7,,Não,8.167,5.0,Fase 1,-1,,,,,
RA-697,Alfa,E,Aluno-697,2011,11,M,2021,Publica,2022,,Ametista,Ametista,7.675,2.0,Avaliador-13,Avaliador-2,,7.0,9.3,7.5,8.4,8.8,8.0,,Não,8.083,5.0,Fase 2,-2,,,,,
RA-698,Alfa,E,Aluno-698,2013,9,M,2021,Publica,2022,,Ametista,Ametista,7.44,2.0,Avaliador-13,Avaliador-2,,9.0,9.8,2.5,8.1,8.0,8.2,,Não,8.083,5.0,Fase 1,-1,,,,,
RA-699,Alfa,E,Aluno-699,2013,9,M,2022,Publica,2022,,,Agata,6.658,2.0,Avaliador-13,Avaliador-2,,5.2,9.2,7.5,7.1,7.5,6.7,,Não,6.0,5.0,Fase 1,-1,,,,,
RA-700,Alfa,F,Aluno-700,2013,9,F,2022,Publica,2022,,,Ametista,7.738,2.0,Avaliador-11,Avaliador-3,,9.0,8.7,7.5,9.2,9.2,9.2,,Não,7.083,5.0,Fase 1,-1,,,,,
RA-701,Alfa,F,Aluno-701,2012,10,M,2021,Publica,2022,,Ametista,Ametista,7.755,2.0,Avaliador-11,Avaliador-3,,9.0,9.3,7.5,8.7,8.7,8.7,,Não,7.417,5.0,Fase 2,-2,,,,,
RA-702,Alfa,F,Aluno-702,2014,8,F,2022,Publica,2022,,,Ametista,7.387,2.0,Avaliador-11,Avaliador-3,,10.0,8.6,5.0,6.8,7.0,6.7,,Não,7.0,10.0,Alfa,0,,,,,
RA-703,Alfa,F,Aluno-703,2012,10,M,2021,Publica,2022,,Quartzo,Agata,6.099,2.0,Avaliador-11,Avaliador-3,,7.5,7.4,5.0,5.1,5.3,4.8,,Não,6.833,5.0,Fase 2,-2,,,,,
RA-704,Alfa,F,Aluno-704,2012,10,M,2022,Publica,2022,,,Agata,6.741,2.0,Avaliador-11,Avaliador-3,,9.0,8.6,5.0,7.2,7.7,6.6,,Não,6.583,5.0,Fase 2,-2,,,,,
RA-705,Alfa,F,Aluno-705,2012,10,M,2022,Publica,2022,,,Agata,6.634,2.0,Avaliador-11,Avaliador-3,,9.5,6.2,7.5,7.1,7.0,7.2,,Não,6.333,5.0,Fase 2,-2,,,,,
RA-706,Alfa,F,Aluno-706,2012,10,F,2021,Publica,2022,,Agata,Ametista,7.659,2.0,Avaliador-11,Avaliador-3,,9.5,6.7,7.5,9.1,9.1,9.1,,Sim,8.417,5.0,Fase 2,-2,,,,,
RA-707,Alfa,F,Aluno-707,2012,10,F,2020,Publica,2022,Ametista,Agata,Ametista,7.679,2.0,Avaliador-11,Avaliador-3,,10.0,8.1,6.9,8.5,8.8,8.2,,Não,8.083,5.0,Fase 2,-2,,,,,
RA-708,Alfa,F,Aluno-708,2013,9,M,2022,Publica,2022,,Topazio,Ametista,7.282,2.0,Avaliador-11,Avaliador-3,,8.0,8.4,7.5,7.3,7.1,7.6,,Não,7.583,5.0,Fase 1,-1,,,,,
RA-709,Alfa,F,Aluno-709,2012,10,F,2022,Publica,2022,,,Quartzo,5.313,2.0,Avaliador-11,Avaliador-3,,9.5,3.5,7.5,2.3,2.3,2.3,,Não,7.083,5.0,Fase 2,-2,,,,,
RA-710,Alfa,G,Aluno-710,2012,10,M,2020,Publica,2022,Ametista,Ametista,Ametista,7.285,2.0,Avaliador-13,Avaliador-3,,9.5,8.9,5.0,6.9,7.0,6.8,,Não,8.0,5.0,Fase 2,-2,,,,,
RA-711,Alfa,G,Aluno-711,2013,9,M,2022,Publica,2022,,,Agata,6.04,2.0,Avaliador-13,Avaliador-3,,9.0,7.9,6.3,3.5,4.0,3.0,,Não,6.0,5.0,Fase 1,-1,,,,,
RA-712,Alfa,G,Aluno-712,2011,11,M,2019,Publica,2022,Quartzo,Quartzo,Agata,6.026,2.0,Avaliador-13,Avaliador-3,,8.0,5.1,5.0,8.0,8.7,7.3,,Não,5.833,5.0,Fase 2,-2,,,,,
RA-713,Alfa,G,Aluno-713,2013,9,M,2021,Publica,2022,,Ametista,Ametista,7.42,2.0,Avaliador-13,Avaliador-3,,10.0,8.7,7.5,7.8,8.0,7.7,,Não,7.25,5.0,Fase 1,-1,,,,,
RA-714,Alfa,G,Aluno-714,2011,11,M,2019,Publica,2022,Agata,Ametista,Agata,6.953,2.0,Avaliador-13,Avaliador-3,,9.0,6.9,5.6,8.0,8.5,7.5,,Não,7.25,5.0,Fase 2,-2,,,,,
RA-715,Alfa,G,Aluno-715,2013,9,F,2022,Publica,2022,,,Agata,6.656,2.0,Avaliador-13,Avaliador-3,,8.5,8.7,4.4,4.9,4.8,5.0,,Não,7.917,5.0,Fase 1,-1,,,,,
RA-716,Alfa,G,Aluno-716,2013,9,M,2022,Publica,2022,,,Agata,6.525,2.0,Avaliador-13,Avaliador-3,,8.9,8.1,7.5,6.7,7.3,6.0,,Não,5.417,5.0,Fase 1,-1,,,,,
RA-717,Alfa,G,Aluno-717,2012,10,F,2021,Publica,2022,,Ametista,Agata,6.832,2.0,Avaliador-13,Avaliador-3,,9.0,7.3,7.5,5.4,5.0,5.8,,Não,7.917,5.0,Fase 2,-2,,,,,
RA-718,Alfa,G,Aluno-718,2014,8,F,2022,Publica,2022,,,Topazio,8.093,2.0,Avaliador-13,Avaliador-3,,8.0,8.9,6.3,9.2,9.2,9.2,,Não,7.417,10.0,Alfa,0,,,,,
RA-719,Alfa,G,Aluno-719,2012,10,F,2021,Publica,2022,,Quartzo,Quartzo,5.552,2.0,Avaliador-13,Avaliador-3,,9.0,4.6,7.5,4.2,5.0,3.3,,Não,6.083,5.0,Fase 2,-2,,,,,
RA-720,Alfa,G,Aluno-720,2013,9,F,2021,Publica,2022,,Ametista,Agata,6.731,2.0,Avaliador-13,Avaliador-3,,8.0,5.9,7.5,7.6,7.3,7.8,,Não,7.083,5.0,Fase 1,-1,,,,,
RA-721,Alfa,G,Aluno-721,2014,8,F,2021,Publica,2022,,Topazio,Ametista,7.973,2.0,Avaliador-13,Avaliador-3,,9.5,8.1,7.5,7.6,8.2,7.0,,Não,7.917,10.0,Alfa,0,,,,,
RA-722,Alfa,G,Aluno-722,2013,9,F,2021,Publica,2022,,Topazio,Ametista,7.41,2.0,Avaliador-13,Avaliador-3,,10.0,8.1,4.4,8.1,7.8,8.3,,Não,8.333,5.0,Fase 1,-1,,,,,
RA-723,Alfa,H,Aluno-723,2014,8,F,2022,Publica,2022,,,Ametista,7.426,2.0,Avaliador-11,Avaliador-3,,10.0,6.6,8.1,5.5,5.3,5.7,,Não,8.167,10.0,Alfa,0,,,,,
RA-724,Alfa,H,Aluno-724,2014,8,F,2022,Publica,2022,,,Agata,6.931,2.0,Avaliador-11,Avaliador-3,,9.5,5.9,5.6,5.6,2.9,8.3,,Não,8.0,10.0,Alfa,0,,,,,
RA-725,Alfa,H,Aluno-725,2014,8,M,2022,Publica,2022,,,Agata,6.33,2.0,Avaliador-11,Avaliador-3,,8.0,5.9,8.1,5.0,4.0,6.0,,Não,5.5,10.0,Alfa,0,,,,,
RA-726,Alfa,H,Aluno-726,2015,7,F,2022,Publica,2022,,,Agata,6.985,2.0,Avaliador-11,Avaliador-3,,10.0,7.5,7.5,4.4,5.8,3.0,,Não,6.583,10.0,Alfa,0,,,,,
RA-727,Alfa,H,Aluno-727,2014,8,M,2022,Publica,2022,,,Ametista,7.736,2.0,Avaliador-11,Avaliador-3,,9.0,7.7,8.1,8.4,9.3,7.4,,Não,6.75,10.0,Alfa,0,,,,,
RA-728,Alfa,H,Aluno-728,2014,8,F,2022,Publica,2022,,,Topazio,8.244,2.0,Avaliador-11,Avaliador-3,,9.5,7.3,8.1,9.1,9.3,8.9,,Não,8.167,10.0,Alfa,0,,,,,
RA-729,Alfa,H,Aluno-729,2014,8,F,2022,Publica,2022,,,Topazio,8.155,2.0,Avaliador-11,Avaliador-3,,10.0,8.7,8.1,8.1,8.5,7.8,,Não,7.25,10.0,Alfa,0,,,,,
RA-730,Alfa,I,Aluno-730,2012,10,F,2021,Publica,2022,,Ametista,Ametista,7.902,2.0,Avaliador-13,Avaliador-3,,10.0,8.2,8.8,8.3,8.7,8.0,,Não,8.25,5.0,Fase 2,-2,,,,,
RA-731,Alfa,I,Aluno-731,2012,10,F,2019,Publica,2022,Ametista,Agata,Ametista,7.151,2.0,Avaliador-13,Avaliador-3,,9.0,8.5,6.9,7.3,7.3,7.2,,Não,7.083,5.0,Fase 2,-2,,,,,
RA-732,Alfa,I,Aluno-732,2013,9,M,2022,Publica,2022,,,Ametista,7.347,2.0,Avaliador-13,Avaliador-3,,9.0,7.9,8.8,7.2,7.5,6.8,,Não,7.5,5.0,Fase 1,-1,,,,,
RA-733,Alfa,J,Aluno-733,2013,9,F,2022,Publica,2022,,,Agata,6.684,2.0,Avaliador-13,Avaliador-3,,9.5,8.5,5.6,5.1,6.0,4.2,,Não,6.917,5.0,Fase 1,-1,,,,,
RA-734,Alfa,J,Aluno-734,2012,10,F,2022,Publica,2022,,,Agata,6.952,2.0,Avaliador-13,Avaliador-3,,9.5,7.2,5.6,7.3,8.0,6.5,,Não,7.417,5.0,Fase 2,-2,,,,,
RA-735,Alfa,J,Aluno-735,2012,10,F,2021,Publica,2022,,Ametista,Ametista,7.485,2.0,Avaliador-13,Avaliador-3,,9.0,9.0,5.6,7.3,7.8,6.7,,Sim,8.583,5.0,Fase 2,-2,,,,,
RA-736,Alfa,J,Aluno-736,2012,10,M,2022,Publica,2022,,,Agata,6.707,2.0,Avaliador-13,Avaliador-3,,9.0,8.5,5.6,5.4,4.7,6.2,,Não,7.0,5.0,Fase 2,-2,,,,,
RA-737,Alfa,J,Aluno-737,2013,9,F,2022,Publica,2022,,,Ametista,8.058,2.0,Avaliador-13,Avaliador-3,,9.5,9.2,5.6,9.0,8.5,9.5,,Sim,9.167,5.0,Fase 1,-1,,,,,
RA-738,Alfa,J,Aluno-738,2014,8,F,2022,Publica,2022,,,Ametista,7.227,2.0,Avaliador-13,Avaliador-3,,8.5,8.1,5.6,5.7,7.7,3.7,,Não,7.5,10.0,Alfa,0,,,,,
RA-739,Alfa,J,Aluno-739,2014,8,M,2022,Publica,2022,,,Agata,6.82,2.0,Avaliador-13,Avaliador-3,,6.4,7.3,5.6,5.9,6.0,5.8,,Não,7.083,10.0,Alfa,0,,,,,
RA-740,Alfa,J,Aluno-740,2013,9,F,2022,Publica,2022,,,Ametista,7.218,2.0,Avaliador-13,Avaliador-3,,8.5,9.0,5.6,7.2,7.3,7.0,,Não,7.5,5.0,Fase 1,-1,,,,,
RA-741,Alfa,J,Aluno-741,2012,10,F,2022,Publica,2022,,,Agata,6.896,2.0,Avaliador-13,Avaliador-3,,9.5,8.4,5.6,6.3,7.3,5.2,,Não,7.417,5.0,Fase 2,-2,,,,,
RA-742,Alfa,J,Aluno-742,2013,9,F,2022,Publica,2022,,,Ametista,7.097,2.0,Avaliador-13,Avaliador-3,,8.5,8.7,5.0,7.3,8.3,6.2,,Não,7.5,5.0,Fase 1,-1,,,,,
RA-743,Alfa,J,Aluno-743,2013,9,F,2022,Publica,2022,,,Agata,6.672,2.0,Avaliador-13,Avaliador-3,,10.0,7.9,5.6,4.8,4.8,4.8,,Não,7.5,5.0,Fase 1,-1,,,,,
RA-744,Alfa,J,Aluno-744,2014,8,F,2022,Publica,2022,,,Ametista,7.742,2.0,Avaliador-13,Avaliador-3,,9.5,9.7,5.6,6.2,6.0,6.3,,Não,7.5,10.0,Alfa,0,,,,,
RA-745,Alfa,J,Aluno-745,2013,9,M,2021,Privada,2022,,Topazio,Ametista,7.382,2.0,Avaliador-13,Avaliador-3,,9.0,8.5,5.6,8.1,8.5,7.7,,Não,7.75,5.0,Fase 1,-1,,,,,
RA-746,Alfa,J,Aluno-746,2014,8,M,2022,Publica,2022,,,Ametista,7.656,2.0,Avaliador-13,Avaliador-3,,8.0,9.1,5.6,7.2,7.7,6.7,,Não,7.417,10.0,Alfa,0,,,,,
RA-747,Alfa,K,Aluno-747,2011,11,F,2022,Publica,2022,,,Ametista,7.676,2.0,Avaliador-11,Avaliador-3,,10.0,7.6,7.5,8.8,8.2,9.4,,Não,7.917,5.0,Fase 2,-2,,,,,
RA-748,Alfa,K,Aluno-748,2013,9,M,2022,Publica,2022,,,Topazio,8.084,2.0,Avaliador-11,Avaliador-3,,10.0,9.0,7.5,9.1,9.6,8.6,,Não,8.25,5.0,Fase 1,-1,,,,,
RA-749,Alfa,K,Aluno-749,2013,9,M,2022,Publica,2022,,,Ametista,7.484,2.0,Avaliador-11,Avaliador-3,,9.5,7.7,7.5,8.8,9.5,8.1,,Não,7.25,5.0,Fase 1,-1,,,,,
RA-750,Alfa,K,Aluno-750,2012,10,M,2019,Publica,2022,Agata,Agata,Agata,6.344,2.0,Avaliador-11,Avaliador-3,,9.5,8.9,4.4,6.8,7.1,6.4,,Não,5.167,5.0,Fase 2,-2,,,,,
RA-751,Alfa,K,Aluno-751,2011,11,M,2022,Publica,2022,,,Quartzo,5.246,2.0,Avaliador-11,Avaliador-3,,8.5,5.8,7.5,3.8,2.7,4.9,,Não,6.167,5.0,Fase 2,-2,,,,,
RA-752,Alfa,K,Aluno-752,2011,11,F,2022,Publica,2022,,,Topazio,8.197,2.0,Avaliador-11,Avaliador-3,,10.0,9.0,7.5,9.5,9.6,9.4,,Sim,8.417,5.0,Fase 2,-2,,,,,
RA-753,Alfa,K,Aluno-753,2014,8,F,2022,Publica,2022,,,Topazio,8.481,2.0,Avaliador-11,Avaliador-3,,9.5,8.6,7.5,9.1,9.4,8.8,,Sim,8.417,10.0,Alfa,0,,,,,
RA-754,Alfa,K,Aluno-754,2013,9,M,2022,Publica,2022,,,Agata,6.602,2.0,Avaliador-11,Avaliador-3,,10.0,5.8,4.4,7.9,7.8,8.1,,Não,6.917,5.0,Fase 1,-1,,,,,
RA-755,Alfa,K,Aluno-755,2014,8,M,2022,Publica,2022,,,Topazio,8.566,2.0,Avaliador-11,Avaliador-3,,9.5,9.2,6.9,9.5,9.8,9.3,,Não,8.083,10.0,Alfa,0,,,,,
RA-756,Alfa,K,Aluno-756,2013,9,M,2022,Publica,2022,,,Agata,6.976,2.0,Avaliador-11,Avaliador-3,,10.0,7.9,7.5,5.7,5.6,5.8,,Não,7.25,5.0,Fase 1,-1,,,,,
RA-757,Alfa,K,Aluno-757,2013,9,F,2022,Publica,2022,,,Topazio,8.26,2.0,Avaliador-11,Avaliador-3,,9.5,9.3,7.5,9.7,9.9,9.6,,Sim,8.5,5.0,Fase 1,-1,,,,,
RA-758,Alfa,L,Aluno-758,2013,9,M,2022,Publica,2022,,,Ametista,7.911,2.0,Avaliador-13,Avaliador-3,,9.0,9.1,7.5,8.1,8.0,8.2,,Não,8.333,5.0,Fase 1,-1,,,,,
RA-759,Alfa,L,Aluno-759,2012,10,F,2021,Publica,2022,,Agata,Ametista,7.563,2.0,Avaliador-13,Avaliador-3,,9.0,8.6,7.5,7.5,8.3,6.7,,Não,7.833,5.0,Fase 2,-2,,,,,
RA-760,Alfa,L,Aluno-760,2011,11,M,2021,Publica,2022,,Ametista,Topazio,8.172,2.0,Avaliador-13,Avaliador-3,,9.0,9.2,7.5,8.8,9.3,8.2,,Sim,8.917,5.0,Fase 2,-2,,,,,
RA-761,Alfa,L,Aluno-761,2013,9,M,2022,Publica,2022,,,Topazio,8.06,2.0,Avaliador-13,Avaliador-3,,10.0,9.4,7.5,8.2,8.8,7.5,,Não,8.25,5.0,Fase 1,-1,,,,,
RA-762,Alfa,L,Aluno-762,2010,12,M,2022,Publica,2022,,,Ametista,7.28,2.0,Avaliador-13,Avaliador-3,,10.0,9.7,7.5,6.7,7.3,6.0,,Não,7.083,2.5,Fase 3,-3,,,,,
RA-763,Alfa,L,Aluno-763,2012,10,F,2021,Publica,2022,,Agata,Ametista,7.402,2.0,Avaliador-13,Avaliador-3,,9.5,9.7,7.5,6.5,6.3,6.7,,Não,7.167,5.0,Fase 2,-2,,,,,
RA-764,Alfa,L,Aluno-764,2014,8,M,2022,Publica,2022,,,Ametista,8.004,2.0,Avaliador-13,Avaliador-3,,9.0,8.8,7.5,7.5,7.2,7.8,,Não,7.667,10.0,Alfa,0,,,,,
RA-765,Alfa,L,Aluno-765,2013,9,M,2022,Publica,2022,,,Agata,6.902,2.0,Avaliador-13,Avaliador-3,,8.5,9.3,7.5,4.3,5.0,3.7,,Não,7.417,5.0,Fase 1,-1,,,,,
RA-766,Alfa,L,Aluno-766,2011,11,F,2020,Publica,2022,Ametista,Ametista,Topazio,8.185,2.0,Avaliador-13,Avaliador-3,,10.0,9.5,7.5,8.7,8.5,8.8,,Não,8.333,5.0,Fase 2,-2,,,,,
RA-767,Alfa,L,Aluno-767,2012,10,M,2021,Publica,2022,,Ametista,Ametista,7.511,2.0,Avaliador-13,Avaliador-3,,9.5,9.0,7.5,7.0,7.3,6.7,,Não,7.583,5.0,Fase 2,-2,,,,,
RA-768,Alfa,L,Aluno-768,2012,10,F,2021,Publica,2022,,Ametista,Ametista,7.646,2.0,Avaliador-13,Avaliador-3,,9.0,10.0,7.5,7.1,7.0,7.2,,Não,7.583,5.0,Fase 2,-2,,,,,
RA-769,Alfa,M,Aluno-769,2013,9,F,2022,Publica,2022,,,Ametista,7.598,2.0,Avaliador-11,Avaliador-3,,10.0,7.5,7.5,7.9,9.6,6.2,,Sim,8.5,5.0,Fase 1,-1,,,,,
RA-770,Alfa,M,Aluno-770,2015,7,M,2022,Publica,2022,,,Topazio,8.143,2.0,Avaliador-11,Avaliador-3,,9.5,8.9,7.5,8.3,8.5,8.1,,Não,7.333,10.0,Alfa,0,,,,,
RA-771,Alfa,M,Aluno-771,2015,7,F,2022,Publica,2022,,,Ametista,7.873,2.0,Avaliador-11,Avaliador-3,,10.0,8.3,7.5,7.0,7.2,6.9,,Não,7.5,10.0,Alfa,0,,,,,
RA-772,Alfa,M,Aluno-772,2011,11,M,2021,Publica,2022,,Quartzo,Agata,6.994,2.0,Avaliador-11,Avaliador-3,,9.0,5.4,7.5,9.2,9.3,9.2,,Não,7.25,5.0,Fase 2,-2,,,,,
RA-773,Alfa,M,Aluno-773,2013,9,F,2022,Publica,2022,,,Agata,6.922,2.0,Avaliador-11,Avaliador-3,,10.0,6.8,5.0,8.1,9.3,6.8,,Não,7.083,5.0,Fase 1,-1,,,,,
RA-774,Alfa,M,Aluno-774,2014,8,F,2022,Publica,2022,,,Ametista,7.587,2.0,Avaliador-11,Avaliador-3,,10.0,7.8,7.5,6.1,7.8,4.4,,Não,7.417,10.0,Alfa,0,,,,,
RA-775,Alfa,N,Aluno-775,2012,10,M,2021,Publica,2022,,Agata,Quartzo,5.79,2.0,Avaliador-13,Avaliador-3,,7.9,5.7,4.4,5.7,5.5,5.8,,Não,6.417,5.0,Fase 2,-2,,,,,
RA-776,Alfa,N,Aluno-776,2013,9,F,2022,Publica,2022,,,Quartzo,3.898,2.0,Avaliador-13,Avaliador-3,,0.0,4.3,4.4,1.7,0.0,3.3,,Não,6.333,5.0,Fase 1,-1,,,,,
RA-777,Alfa,N,Aluno-777,2014,8,M,2022,Publica,2022,,,Ametista,7.096,2.0,Avaliador-13,Avaliador-3,,8.0,7.7,7.5,5.3,6.5,4.0,,Não,7.0,10.0,Alfa,0,,,,,
RA-778,Alfa,N,Aluno-778,2013,9,F,2021,Publica,2022,,Topazio,Ametista,7.432,2.0,Avaliador-13,Avaliador-3,,10.0,6.7,7.5,7.1,6.0,8.2,,Sim,8.833,5.0,Fase 1,-1,,,,,
RA-779,Alfa,N,Aluno-779,2012,10,M,2022,Publica,2022,,,Quartzo,5.702,2.0,Avaliador-13,Avaliador-3,,9.5,5.0,7.5,2.6,2.2,3.0,,Não,7.083,5.0,Fase 2,-2,,,,,
RA-780,Alfa,N,Aluno-780,2013,9,F,2022,Publica,2022,,,Agata,6.955,2.0,Avaliador-13,Avaliador-3,,8.0,7.6,7.5,6.9,6.3,7.5,,Não,7.167,5.0,Fase 1,-1,,,,,
RA-781,Alfa,N,Aluno-781,2013,9,F,2021,Publica,2022,,Topazio,Ametista,7.786,2.0,Avaliador-13,Avaliador-3,,10.0,8.9,7.5,8.3,8.0,8.5,,Não,7.75,5.0,Fase 1,-1,,,,,
RA-782,Alfa,N,Aluno-782,2014,8,M,2022,Publica,2022,,,Ametista,7.485,2.0,Avaliador-13,Avaliador-3,,9.5,8.4,7.5,6.0,5.7,6.3,,Não,7.0,10.0,Alfa,0,,,,,
RA-783,Alfa,N,Aluno-783,2014,8,M,2021,Publica,2022,,Ametista,Agata,6.996,2.0,Avaliador-13,Avaliador-3,,9.5,5.8,7.5,6.0,4.7,7.3,,Não,6.917,10.0,Alfa,0,,,,,
RA-784,Alfa,O,Aluno-784,2013,9,M,2022,Publica,2022,,,Topazio,8.34,2.0,Avaliador-13,Avaliador-3,,9.5,10.0,7.5,8.2,7.8,8.5,,Sim,9.25,5.0,Fase 1,-1,,,,,
RA-785,Alfa,O,Aluno-785,2013,9,F,2022,Publica,2022,,,Ametista,7.642,2.0,Avaliador-13,Avaliador-3,,9.0,8.6,7.5,8.4,8.8,8.0,,Não,7.667,5.0,Fase 1,-1,,,,,
RA-786,Alfa,O,Aluno-786,2011,11,M,2019,Publica,2022,Quartzo,Quartzo,Agata,7.004,2.0,Avaliador-13,Avaliador-3,,9.0,9.5,5.6,6.1,6.3,5.8,,Não,7.167,5.0,Fase 2,-2,,,,,
RA-787,Alfa,O,Aluno-787,2014,8,M,2022,Publica,2022,,,Ametista,7.205,2.0,Avaliador-13,Avaliador-3,,8.5,9.5,7.5,3.4,4.2,2.7,,Não,7.25,10.0,Alfa,0,,,,,
RA-788,Alfa,O,Aluno-788,2014,8,M,2021,Privada,2022,,Topazio,Topazio,8.264,2.0,Avaliador-13,Avaliador-3,,10.0,9.3,5.6,8.0,7.8,8.2,,Sim,8.667,10.0,Alfa,0,,,,,
RA-789,Alfa,O,Aluno-789,2015,7,F,2022,Publica,2022,,,Ametista,7.405,2.0,Avaliador-13,Avaliador-3,,9.0,9.4,7.5,4.2,3.7,4.7,,Não,7.417,10.0,Alfa,0,,,,,
RA-790,Alfa,O,Aluno-790,2011,11,F,2022,Publica,2022,,,Ametista,7.504,2.0,Avaliador-13,Avaliador-3,,9.0,8.9,7.5,7.8,8.5,7.2,,Não,7.417,5.0,Fase 2,-2,,,,,
RA-791,Alfa,O,Aluno-791,2011,11,F,2022,Publica,2022,,,Ametista,7.507,2.0,Avaliador-13,Avaliador-3,,9.5,8.7,7.5,6.5,6.3,6.7,,Sim,8.5,5.0,Fase 2,-2,,,,,
RA-792,Alfa,O,Aluno-792,2013,9,F,2022,Publica,2022,,,Agata,7.025,2.0,Avaliador-13,Avaliador-3,,9.5,8.0,7.5,6.2,6.5,5.8,,Não,7.167,5.0,Fase 1,-1,,,,,
RA-793,Alfa,O,Aluno-793,2012,10,M,2022,Publica,2022,,,Agata,6.894,2.0,Avaliador-13,Avaliador-3,,9.5,7.6,7.5,6.0,6.0,6.0,,Não,7.333,5.0,Fase 2,-2,,,,,
RA-794,Alfa,O,Aluno-794,2014,8,F,2022,Publica,2022,,,Ametista,7.335,2.0,Avaliador-13,Avaliador-3,,9.5,8.9,7.5,4.1,3.7,4.5,,Não,7.333,10.0,Alfa,0,,,,,
RA-795,Alfa,O,Aluno-795,2014,8,F,2022,Publica,2022,,,Topazio,8.064,2.0,Avaliador-13,Avaliador-3,,9.0,9.7,7.5,7.3,8.0,6.5,,Não,7.333,10.0,Alfa,0,,,,,
RA-796,Alfa,Q,Aluno-796,2012,10,F,2022,Publica,2022,,,Ametista,7.232,2.0,Avaliador-13,Avaliador-3,,9.5,9.3,7.5,5.4,5.8,5.0,,Não,7.667,5.0,Fase 2,-2,,,,,
RA-797,Alfa,Q,Aluno-797,2012,10,M,2021,Publica,2022,,Agata,Ametista,7.217,2.0,Avaliador-13,Avaliador-3,,9.0,8.5,7.5,7.3,8.2,6.5,,Não,7.5,5.0,Fase 2,-2,,,,,
RA-798,Alfa,Q,Aluno-798,2012,10,M,2022,Publica,2022,,,Ametista,7.049,2.0,Avaliador-13,Avaliador-3,,8.0,8.3,7.5,6.3,7.0,5.7,,Não,7.667,5.0,Fase 2,-2,,,,,
RA-799,Alfa,Q,Aluno-799,2012,10,F,2022,Publica,2022,,,Ametista,7.676,2.0,Avaliador-13,Avaliador-3,,8.0,9.6,7.5,7.8,8.5,7.2,,Não,7.917,5.0,Fase 2,-2,,,,,
RA-800,Alfa,Q,Aluno-800,2014,8,M,2022,Publica,2022,,,Agata,6.818,2.0,Avaliador-13,Avaliador-3,,8.0,5.4,7.5,6.1,6.3,5.8,,Não,7.5,10.0,Alfa,0,,,,,
RA-801,Alfa,Q,Aluno-801,2013,9,M,2022,Publica,2022,,,Agata,6.644,2.0,Avaliador-13,Avaliador-3,,7.0,6.6,7.5,6.8,7.2,6.3,,Não,7.5,5.0,Fase 1,-1,,,,,
RA-802,Alfa,Q,Aluno-802,2013,9,M,2021,Publica,2022,,Ametista,Ametista,7.831,2.0,Avaliador-13,Avaliador-3,,9.0,9.0,7.5,8.3,9.0,7.5,,Não,8.333,5.0,Fase 1,-1,,,,,
RA-803,Alfa,Q,Aluno-803,2012,10,F,2022,Publica,2022,,,Agata,6.98,2.0,Avaliador-13,Avaliador-3,,10.0,7.2,7.5,6.3,6.5,6.0,,Não,7.417,5.0,Fase 2,-2,,,,,
RA-804,Alfa,Q,Aluno-804,2012,10,M,2022,Publica,2022,,,Agata,6.848,2.0,Avaliador-13,Avaliador-3,,10.0,8.4,6.3,4.8,5.5,4.0,,Não,7.667,5.0,Fase 2,-2,,,,,
RA-805,Alfa,R,Aluno-805,2014,8,M,2021,Publica,2022,,Ametista,Topazio,8.279,2.0,Avaliador-11,Avaliador-3,,9.5,9.0,7.5,8.8,8.7,8.9,,Não,7.333,10.0,Alfa,0,,,,,
RA-806,Alfa,R,Aluno-806,2014,8,M,2022,Publica,2022,,,Ametista,7.561,2.0,Avaliador-11,Avaliador-3,,9.5,7.3,7.5,6.6,5.0,8.2,,Não,7.917,10.0,Alfa,0,,,,,
RA-807,Alfa,R,Aluno-807,2014,8,M,2022,Publica,2022,,,Topazio,8.121,2.0,Avaliador-11,Avaliador-3,,9.5,8.7,6.3,9.0,9.5,8.6,,Não,7.5,10.0,Alfa,0,,,,,
RA-808,Alfa,R,Aluno-808,2014,8,M,2022,Publica,2022,,,Topazio,8.361,2.0,Avaliador-11,Avaliador-3,,10.0,9.1,6.3,9.3,9.7,8.8,,Não,8.0,10.0,Alfa,0,,,,,
RA-809,Alfa,R,Aluno-809,2015,7,M,2022,Publica,2022,,,Ametista,7.259,2.0,Avaliador-11,Avaliador-3,,10.0,6.6,6.3,6.3,5.5,7.1,,Não,7.417,10.0,Alfa,0,,,,,
RA-810,Alfa,R,Aluno-810,2014,8,M,2021,Publica,2022,,Ametista,Ametista,7.887,2.0,Avaliador-11,Avaliador-3,,8.5,9.1,5.0,9.6,9.7,9.5,,Não,7.25,10.0,Alfa,0,,,,,
RA-811,Alfa,R,Aluno-811,2013,9,F,2021,Publica,2022,,Agata,Agata,6.575,2.0,Avaliador-11,Avaliador-3,,8.9,5.7,5.6,7.3,8.9,5.7,,Não,7.667,5.0,Fase 1,-1,,,,,
RA-812,Alfa,R,Aluno-812,2014,8,M,2022,Publica,2022,,,Ametista,7.497,2.0,Avaliador-11,Avaliador-3,,9.0,8.1,5.6,7.4,8.3,6.6,,Não,7.333,10.0,Alfa,0,,,,,
RA-813,Alfa,S,Aluno-813,2014,8,M,2022,Publica,2022,,,Ametista,7.093,2.0,Avaliador-13,Avaliador-3,,9.5,6.5,6.9,6.0,6.7,5.3,,Não,7.417,10.0,Alfa,0,,,,,
RA-814,Alfa,S,Aluno-814,2013,9,M,2022,Publica,2022,,,Ametista,7.592,2.0,Avaliador-13,Avaliador-3,,8.9,9.0,6.9,7.5,7.8,7.2,,Sim,8.417,5.0,Fase 1,-1,,,,,
RA-815,Alfa,S,Aluno-815,2013,9,M,2022,Publica,2022,,,Agata,6.81,2.0,Avaliador-13,Avaliador-3,,10.0,7.9,5.6,6.5,7.7,5.3,,Não,7.0,5.0,Fase 1,-1,,,,,
RA-816,Alfa,S,Aluno-816,2013,9,F,2022,Publica,2022,,,Topazio,8.513,2.0,Avaliador-13,Avaliador-3,,10.0,9.3,7.5,9.6,9.5,9.7,,Sim,9.417,5.0,Fase 1,-1,,,,,
RA-817,Alfa,S,Aluno-817,2014,8,F,2022,Publica,2022,,,Ametista,7.819,2.0,Avaliador-13,Avaliador-3,,10.0,8.7,6.3,7.1,7.7,6.5,,Não,7.417,10.0,Alfa,0,,,,,
RA-818,Alfa,S,Aluno-818,2015,7,M,2022,Publica,2022,,,Ametista,7.483,2.0,Avaliador-13,Avaliador-3,,9.5,7.3,7.5,6.2,6.5,5.8,,Não,7.5,10.0,Alfa,0,,,,,
RA-819,Alfa,S,Aluno-819,2014,8,M,2022,Publica,2022,,,Ametista,7.741,2.0,Avaliador-13,Avaliador-3,,10.0,7.9,7.5,7.3,8.0,6.5,,Não,7.333,10.0,Alfa,0,,,,,
RA-820,Alfa,T,Aluno-820,2013,9,M,2022,Publica,2022,,,Ametista,7.417,2.0,Avaliador-13,Avaliador-3,,9.5,10.0,6.9,6.0,7.7,4.3,,Não,7.583,5.0,Fase 1,-1,,,,,
RA-821,Alfa,T,Aluno-821,2012,10,M,2022,Publica,2022,,,Agata,6.342,2.0,Avaliador-13,Avaliador-3,,9.0,7.0,7.5,4.6,5.2,4.0,,Não,6.917,5.0,Fase 2,-2,,,,,
RA-822,Alfa,T,Aluno-822,2012,10,M,2022,Publica,2022,,,Agata,6.922,2.0,Avaliador-13,Avaliador-3,,8.0,8.4,7.5,6.1,6.5,5.7,,Não,7.083,5.0,Fase 2,-2,,,,,
RA-823,Alfa,T,Aluno-823,2012,10,F,2021,Publica,2022,,Agata,Quartzo,5.989,2.0,Avaliador-13,Avaliador-3,,10.0,6.0,7.5,2.8,4.0,1.7,,Não,7.167,5.0,Fase 2,-2,,,,,
RA-824,Alfa,T,Aluno-824,2014,8,M,2022,Publica,2022,,,Agata,6.799,2.0,Avaliador-13,Avaliador-3,,10.0,4.4,6.9,6.0,7.0,5.0,,Não,7.333,10.0,Alfa,0,,,,,
RA-825,Alfa,T,Aluno-825,2013,9,F,2021,Publica,2022,,Topazio,Ametista,7.25,2.0,Avaliador-13,Avaliador-3,,7.5,8.2,6.9,7.6,8.3,6.8,,Não,7.917,5.0,Fase 1,-1,,,,,
RA-826,Alfa,U,Aluno-826,2014,8,M,2022,Publica,2022,,,Ametista,7.776,2.0,Avaliador-13,Avaliador-3,,9.5,9.6,7.5,5.4,4.3,6.5,,Não,7.5,10.0,Alfa,0,,,,,
RA-827,Alfa,U,Aluno-827,2012,10,F,2022,Publica,2022,,,Ametista,7.412,2.0,Avaliador-13,Avaliador-3,,9.5,7.0,7.5,7.6,7.7,7.5,,Sim,8.667,5.0,Fase 2,-2,,,,,
RA-828,Alfa,U,Aluno-828,2013,9,F,2022,Publica,2022,,,Ametista,7.139,2.0,Avaliador-13,Avaliador-3,,9.5,7.1,7.5,6.9,7.3,6.5,,Não,7.833,5.0,Fase 1,-1,,,,,
RA-829,Alfa,U,Aluno-829,2014,8,F,2022,Publica,2022,,,Ametista,8.003,2.0,Avaliador-13,Avaliador-3,,9.0,8.6,7.5,7.8,8.2,7.5,,Não,7.5,10.0,Alfa,0,,,,,
RA-830,Alfa,U,Aluno-830,2013,9,F,2022,Publica,2022,,,Ametista,7.234,2.0,Avaliador-13,Avaliador-3,,10.0,8.6,7.5,6.0,5.8,6.2,,Não,7.5,5.0,Fase 1,-1,,,,,
RA-831,Alfa,U,Aluno-831,2013,9,M,2022,Publica,2022,,,Ametista,7.41,2.0,Avaliador-13,Avaliador-3,,9.5,9.2,7.5,7.2,7.3,7.0,,Não,7.167,5.0,Fase 1,-1,,,,,
RA-832,Alfa,U,Aluno-832,2013,9,M,2022,Publica,2022,,,Topazio,8.179,2.0,Avaliador-13,Avaliador-3,,10.0,9.2,7.5,8.8,8.8,8.8,,Sim,8.833,5.0,Fase 1,-1,,,,,
RA-833,Alfa,U,Aluno-833,2013,9,M,2022,Publica,2022,,,Ametista,7.791,2.0,Avaliador-13,Avaliador-3,,10.0,9.5,7.5,7.8,8.2,7.5,,Não,7.583,5.0,Fase 1,-1,,,,,
RA-834,Alfa,U,Aluno-834,2013,9,M,2022,Publica,2022,,,Topazio,8.136,2.0,Avaliador-13,Avaliador-3,,9.0,9.0,7.5,9.0,9.2,8.8,,Sim,9.083,5.0,Fase 1,-1,,,,,
RA-835,Alfa,V,Aluno-835,2014,8,M,2022,Publica,2022,,,Ametista,7.263,2.0,Avaliador-11,Avaliador-3,,6.9,7.3,7.5,7.5,7.6,7.3,,Não,6.667,10.0,Alfa,0,,,,,
RA-836,Alfa,V,Aluno-836,2013,9,M,2022,Publica,2022,,,Ametista,7.665,2.0,Avaliador-11,Avaliador-3,,8.5,8.3,7.5,9.2,9.0,9.3,,Não,7.583,5.0,Fase 1,-1,,,,,
RA-837,Alfa,V,Aluno-837,2014,8,M,2022,Publica,2022,,,Topazio,8.207,2.0,Avaliador-11,Avaliador-3,,8.5,9.0,7.5,8.8,9.2,8.3,,Não,7.5,10.0,Alfa,0,,,,,
RA-838,Alfa,V,Aluno-838,2013,9,M,2022,Publica,2022,,,Ametista,7.461,2.0,Avaliador-11,Avaliador-3,,10.0,7.4,7.5,6.3,6.6,5.9,,Sim,9.417,5.0,Fase 1,-1,,,,,
RA-839,Alfa,V,Aluno-839,2013,9,F,2022,Publica,2022,,,Quartzo,5.198,2.0,Avaliador-11,Avaliador-3,,0.0,5.1,7.5,5.4,5.8,5.0,,Não,6.583,5.0,Fase 1,-1,,,,,
RA-840,Alfa,V,Aluno-840,2014,8,M,2022,Publica,2022,,,Ametista,7.875,2.0,Avaliador-11,Avaliador-3,,9.0,8.2,7.5,7.8,9.6,5.9,,Não,7.5,10.0,Alfa,0,,,,,
RA-841,Alfa,V,Aluno-841,2011,11,M,2022,Publica,2022,,,Ametista,7.3,2.0,Avaliador-11,Avaliador-3,,8.5,8.5,7.5,7.2,8.6,5.8,,Não,7.5,5.0,Fase 2,-2,,,,,
RA-842,Alfa,Y,Aluno-842,2014,8,F,2022,Publica,2022,,,Ametista,7.952,2.0,Avaliador-11,Avaliador-3,,7.5,8.3,7.5,9.1,9.1,9.1,,Não,8.25,10.0,Alfa,0,,,,,
RA-843,Alfa,Y,Aluno-843,2014,8,F,2022,Publica,2022,,,Topazio,8.538,2.0,Avaliador-11,Avaliador-3,,8.5,9.0,7.5,9.2,9.8,8.5,,Sim,8.417,10.0,Alfa,0,,,,,
RA-844,Alfa,Y,Aluno-844,2014,8,M,2022,Publica,2022,,,Agata,6.253,2.0,Avaliador-11,Avaliador-3,,0.0,5.0,8.1,5.9,6.0,5.8,,Não,8.333,10.0,Alfa,0,,,,,
RA-845,Alfa,Y,Aluno-845,2014,8,F,2022,Publica,2022,,,Topazio,8.491,2.0,Avaliador-11,Avaliador-3,,10.0,8.8,7.5,8.7,9.1,8.3,,Sim,8.417,10.0,Alfa,0,,,,,
RA-846,Alfa,Y,Aluno-846,2015,7,F,2022,Publica,2022,,,Ametista,7.412,2.0,Avaliador-11,Avaliador-3,,9.0,7.2,7.5,5.9,7.7,4.0,,Não,7.917,10.0,Alfa,0,,,,,
RA-847,Alfa,Y,Aluno-847,2013,9,M,2022,Publica,2022,,,Agata,6.839,2.0,Avaliador-11,Avaliador-3,,7.9,8.2,4.4,7.7,7.8,7.6,,Não,7.417,5.0,Fase 1,-1,,,,,
RA-848,Alfa,Y,Aluno-848,2013,9,M,2022,Publica,2022,,,Ametista,7.488,2.0,Avaliador-11,Avaliador-3,,9.5,7.0,7.5,9.0,9.8,8.1,,Não,7.833,5.0,Fase 1,-1,,,,,
RA-849,Alfa,Y,Aluno-849,2013,9,M,2022,Publica,2022,,,Ametista,7.369,2.0,Avaliador-11,Avaliador-3,,8.5,8.3,7.5,9.1,9.8,8.3,,Não,7.417,5.0,Fase 1,-1,,,,,
RA-850,Alfa,Y,Aluno-850,2014,8,M,2022,Publica,2022,,,Ametista,7.641,2.0,Avaliador-11,Avaliador-3,,10.0,7.3,7.5,8.5,8.1,8.8,,Não,7.167,10.0,Alfa,0,,,,,
RA-851,Alfa,Y,Aluno-851,2014,8,M,2022,Publica,2022,,,Ametista,7.515,2.0,Avaliador-11,Avaliador-3,,9.0,7.9,7.5,8.3,7.9,8.7,,Não,6.583,10.0,Alfa,0,,,,,
RA-852,Alfa,Z,Aluno-852,2015,7,F,2022,Publica,2022,,,Quartzo,5.666,2.0,Avaliador-11,Avaliador-3,,9.0,6.8,5.0,2.1,2.5,1.8,,Não,5.5,10.0,Alfa,0,,,,,
RA-853,Alfa,Z,Aluno-853,2014,8,F,2022,Publica,2022,,,Topazio,8.616,2.0,Avaliador-11,Avaliador-3,,10.0,9.6,7.5,8.5,8.8,8.2,,Sim,8.5,10.0,Alfa,0,,,,,
RA-854,Alfa,Z,Aluno-854,2014,8,F,2022,Publica,2022,,,Topazio,8.098,2.0,Avaliador-11,Avaliador-3,,8.0,9.0,7.5,9.3,9.5,9.0,,Não,7.167,10.0,Alfa,0,,,,,
RA-855,Alfa,Z,Aluno-855,2013,9,F,2022,Publica,2022,,,Topazio,8.453,2.0,Avaliador-11,Avaliador-3,,10.0,9.6,7.5,9.7,9.7,9.6,,Sim,9.0,5.0,Fase 1,-1,,,,,
RA-856,Alfa,Z,Aluno-856,2015,7,M,2022,Publica,2022,,,Topazio,8.398,2.0,Avaliador-11,Avaliador-3,,10.0,9.1,7.5,8.4,8.5,8.2,,Não,8.0,10.0,Alfa,0,,,,,
RA-857,Alfa,Z,Aluno-857,2013,9,F,2022,Publica,2022,,,Topazio,8.154,2.0,Avaliador-11,Avaliador-3,,8.5,8.9,7.5,9.5,9.6,9.3,,Sim,9.083,5.0,Fase 1,-1,,,,,
RA-858,Alfa,Z,Aluno-858,2015,7,M,2022,Publica,2022,,,Ametista,7.523,2.0,Avaliador-11,Avaliador-3,,10.0,7.1,5.6,7.7,8.4,6.9,,Não,7.333,10.0,Alfa,0,,,,,
RA-859,Alfa,Z,Aluno-859,2015,7,F,2022,Publica,2022,,,Topazio,8.325,2.0,Avaliador-11,Avaliador-3,,8.5,8.7,7.5,8.9,9.4,8.4,,Não,8.25,10.0,Alfa,0,,,,,
RA-860,Alfa,Z,Aluno-860,2015,7,M,2022,Publica,2022,,,Topazio,8.136,2.0,Avaliador-11,Avaliador-3,,9.5,8.5,7.5,8.1,8.9,7.2,,Não,7.75,10.0,Alfa,0,,,,,
RA-861,Alfa,Alfa A - G0/G1,Aluno-861,2015,8,F,2023,Publica,2023,,,,,2.0,Avaliador-11,Avaliador-2,,9.5,10.0,8.13,9.6,9.8,9.4,,,8.92,10.0,Alfa,0,Topazio,,8.4375,,
RA-862,Alfa,Alfa A - G0/G1,Aluno-862,2014,9,M,2023,Publica,2023,,,,,2.0,Avaliador-11,Avaliador-2,,8.5,9.1,8.14,8.9,8.5,9.2,,,8.585,5.0,Fase 1,-1,Topazio,,7.5,,
RA-863,Alfa,Alfa A - G0/G1,Aluno-863,2016,7,M,2023,Publica,2023,,,,,2.0,Avaliador-11,Avaliador-2,,0.0,7.6,3.14,6.3,7.0,5.5,,,6.26,10.0,Alfa,0,Quartzo,,5.9375,,
RA-864,Alfa,Alfa A - G0/G1,Aluno-864,2015,8,F,2023,Publica,2023,,,,,2.0,Avaliador-11,Avaliador-2,,0.0,7.6,8.14,6.3,7.0,5.5,,,8.5,10.0,Alfa,0,Ametista,,7.5,,
RA-865,Alfa,Alfa A - G0/G1,Aluno-865,2014,8,M,2023,Publica,2023,,,,,2.0,Avaliador-11,Avaliador-2,,8.5,8.7,7.52,7.4,7.3,7.5,,,7.915,10.0,Alfa,0,Topazio,,7.5,,
RA-866,Alfa,Alfa A - G0/G1,Aluno-866,2016,7,F,2023,Publica,2023,,,,,2.0,Avaliador-11,Avaliador-2,,0.0,8.3,8.76,8.6,8.2,8.9,,,8.415,10.0,Alfa,0,Ametista,,7.5,,
RA-867,Alfa,Alfa A - G0/G1,Aluno-867,2015,8,M,2023,Publica,2023,,,,,2.0,Avaliador-11,Avaliador-2,,9.0,8.6,8.76,8.9,8.7,9.0,,,8.415,10.0,Alfa,0,Topazio,,7.5,,
RA-868,Alfa,Alfa A - G0/G1,Aluno-868,2015,7,M,2023,Publica,2023,,,,,2.0,Avaliador-11,Avaliador-2,,10.0,9.5,8.76,7.1,7.8,6.3,,,8.67,10.0,Alfa,0,Topazio,,7.1875,,
RA-869,Alfa,Alfa A - G0/G1,Aluno-869,2015,8,F,2023,Publica,2023,,,,,2.0,Avaliador-11,Avaliador-2,,9.0,10.0,8.76,9.6,9.8,9.4,,,8.75,10.0,Alfa,0,Topazio,,8.125,,
RA-870,Alfa,Alfa A - G0/G1,Aluno-870,2014,9,F,2023,Publica,2023,,,,,2.0,Avaliador-11,Avaliador-2,,0.0,8.5,8.76,1.5,2.0,1.0,,,5.165,5.0,Fase 1,-1,Quartzo,,5.0,,
RA-871,Alfa,Alfa B - G2/G3,Aluno-871,2014,9,M,2023,Publica,2023,,,,,2.0,Avaliador-13,Avaliador-3,,9.0,9.5,3.76,6.9,6.8,7.0,,,6.84,5.0,Fase 1,-1,Agata,,4.375,,
RA-872,Alfa,Alfa B - G2/G3,Aluno-872,2013,10,F,2023,Publica,2023,,,,,2.0,Avaliador-13,Avaliador-3,,0.0,6.7,2.52,4.3,5.5,3.0,,,8.5,5.0,Fase 2,-2,Quartzo,,6.25,,
RA-873,Alfa,Alfa B - G2/G3,Aluno-873,2012,11,F,2023,Publica,2023,,,,,2.0,Avaliador-13,Avaliador-3,,8.5,9.7,7.52,7.0,7.2,6.8,,,8.67,5.0,Fase 2,-2,Ametista,,6.25,,
RA-874,Alfa,Alfa B - G2/G3,Aluno-874,2013,9,M,2023,Publica,2023,,,,,2.0,Avaliador-13,Avaliador-3,,0.0,8.2,7.52,4.8,6.3,3.3,,,6.67,5.0,Fase 1,-1,Quartzo,,6.25,,
RA-875,Alfa,Alfa B - G2/G3,Aluno-875,2014,9,M,2023,Publica,2023,,,,,2.0,Avaliador-13,Avaliador-3,,9.5,9.5,7.52,7.3,7.0,7.5,,,9.845,5.0,Fase 1,-1,Topazio,,7.5,,
RA-876,Alfa,Alfa B - G2/G3,Aluno-876,2015,8,M,2023,Publica,2023,,,,,2.0,Avaliador-13,Avaliador-3,,10.0,9.4,7.52,7.5,7.3,7.7,,,8.835,10.0,Alfa,0,Topazio,,7.5,,
RA-877,Alfa,Alfa B - G2/G3,Aluno-877,2014,9,M,2023,Publica,2023,,,,,2.0,Avaliador-13,Avaliador-3,,9.5,9.5,7.52,6.9,7.5,6.2,,,7.5,5.0,Fase 1,-1,Ametista,,5.0,,
RA-878,Alfa,Alfa B - G2/G3,Aluno-878,2013,10,M,2023,Publica,2023,,,,,2.0,Avaliador-13,Avaliador-3,,0.0,9.5,2.52,8.1,8.0,8.2,,,7.34,5.0,Fase 2,-2,Agata,,5.0,,
RA-879,Alfa,Alfa B - G2/G3,Aluno-879,2014,9,F,2023,Publica,2023,,,,,2.0,Avaliador-13,Avaliador-3,,0.0,9.8,2.52,8.2,8.2,8.2,,,8.915,5.0,Fase 1,-1,Agata,,6.875,,
RA-880,Alfa,Alfa B - G2/G3,Aluno-880,2015,7,F,2023,Publica,2023,,,,,2.0,Avaliador-13,Avaliador-3,,0.0,9.4,2.52,6.3,6.3,6.2,,,8.585,10.0,Alfa,0,Agata,,6.25,,
RA-881,Alfa,Alfa B - G2/G3,Aluno-881,2015,8,M,2023,Publica,2023,,,,,2.0,Avaliador-13,Avaliador-3,,10.0,8.9,7.52,7.3,7.5,7.0,,,6.25,10.0,Alfa,0,Ametista,,5.0,,
RA-882,Alfa,Alfa C - G0/G1,Aluno-882,2015,8,F,2023,Publica,2023,,,,,2.0,Avaliador-11,Avaliador-3,,9.0,8.6,2.52,4.7,4.8,4.5,,,4.16,10.0,Alfa,0,Agata,,3.75,,
RA-883,Alfa,Alfa C - G0/G1,Aluno-883,2015,8,F,2023,Publica,2023,,,,,2.0,Avaliador-11,Avaliador-3,,9.5,9.7,6.89,8.4,8.0,8.7,,,8.17,10.0,Alfa,0,Topazio,,6.25,,
RA-884,Alfa,Alfa C - G0/G1,Aluno-884,2015,7,F,2023,Publica,2023,,,,,2.0,Avaliador-11,Avaliador-3,,9.0,9.7,4.39,8.8,8.4,9.2,,,8.66,10.0,Alfa,0,Topazio,,6.875,,
RA-885,Alfa,Alfa C - G0/G1,Aluno-885,2015,7,M,2023,Publica,2023,,,,,2.0,Avaliador-11,Avaliador-3,,9.0,9.8,7.52,8.7,8.5,8.8,,,8.665,10.0,Alfa,0,Topazio,,7.5,,
RA-886,Alfa,Alfa C - G0/G1,Aluno-886,2016,7,F,2023,Publica,2023,,,,,2.0,Avaliador-11,Avaliador-3,,8.5,9.4,7.52,8.1,7.6,8.5,,,9.0,10.0,Alfa,0,Topazio,,7.5,,
RA-887,Alfa,Alfa C - G0/G1,Aluno-887,2015,8,M,2023,Publica,2023,,,,,2.0,Avaliador-11,Avaliador-3,,8.9,8.9,7.52,8.4,7.8,9.0,,,9.09,10.0,Alfa,0,Topazio,,7.5,,
RA-888,Alfa,Alfa C - G0/G1,Aluno-888,2016,7,M,2023,Publica,2023,,,,,2.0,Avaliador-11,Avaliador-3,,9.0,10.0,7.52,8.8,8.2,9.3,,,8.83,10.0,Alfa,0,Topazio,,7.5,,
RA-889,Alfa,Alfa C - G0/G1,Aluno-889,2015,8,M,2023,Publica,2023,,,,,2.0,Avaliador-11,Avaliador-3,,8.5,9.5,6.89,9.1,8.7,9.5,,,9.0,10.0,Alfa,0,Topazio,,7.5,,
RA-890,Alfa,Alfa C - G0/G1,Aluno-890,2015,8,M,2023,Publica,2023,,,,,2.0,Avaliador-11,Avaliador-3,,0.0,9.1,2.52,8.3,8.0,8.6,,,8.16,10.0,Alfa,0,Agata,,6.25,,
RA-891,Alfa,Alfa C - G0/G1,Aluno-891,2014,9,F,2023,Publica,2023,,,,,2.0,Avaliador-11,Avaliador-3,,9.5,9.5,6.89,7.5,6.2,8.8,,,7.995,5.0,Fase 1,-1,Ametista,,7.5,,
RA-684,Alfa,Alfa D - G2/G3,Aluno-684,2015,8,M,2022,Privada,2023,,,Topazio,8.26,2.0,Avaliador-13,Avaliador-3,,9.0,8.1,7.52,6.5,8.3,4.7,,,5.84,10.0,Alfa,0,Ametista,,6.875,,
RA-892,Alfa,Alfa D - G2/G3,Aluno-892,2015,8,M,2023,Publica,2023,,,,,2.0,Avaliador-13,Avaliador-3,,8.0,9.6,6.89,8.3,8.5,8.0,,,10.01,10.0,Alfa,0,Topazio,,7.5,,
RA-857,Alfa,Alfa D - G2/G3,Aluno-857,2013,9,F,2022,Publica,2023,,,Topazio,8.154,2.0,Avaliador-13,Avaliador-3,,8.5,9.0,7.52,8.5,8.7,8.2,,,9.01,5.0,Fase 1,-1,Topazio,,7.5,,
RA-893,Alfa,Alfa D - G2/G3,Aluno-893,2014,9,M,2023,Publica,2023,,,,,2.0,Avaliador-13,Avaliador-3,,9.5,10.0,7.52,9.3,9.5,9.0,,,10.01,5.0,Fase 1,-1,Topazio,,7.5,,
RA-894,Alfa,Alfa D - G2/G3,Aluno-894,2014,9,F,2023,Publica,2023,,,,,2.0,Avaliador-13,Avaliador-3,,9.5,9.9,7.52,9.4,9.3,9.5,,,10.01,5.0,Fase 1,-1,Topazio,,7.5,,
RA-690,Alfa,Alfa D - G2/G3,Aluno-690,2013,10,F,2022,Publica,2023,,,Ametista,7.541,2.0,Avaliador-13,Avaliador-3,,9.0,9.8,6.89,9.1,9.3,8.8,,,10.01,5.0,Fase 2,-2,Topazio,,7.5,,
RA-895,Alfa,Alfa D - G2/G3,Aluno-895,2015,8,F,2023,Publica,2023,,,,,2.0,Avaliador-13,Avaliador-3,,9.5,9.5,7.52,6.8,6.8,6.7,,,9.5,10.0,Alfa,0,Topazio,,6.875,,
RA-896,Alfa,Alfa D - G2/G3,Aluno-896,2015,7,M,2023,Publica,2023,,,,,2.0,Avaliador-13,Avaliador-3,,9.5,10.0,6.89,8.5,9.0,8.0,,,10.01,10.0,Alfa,0,Topazio,,7.5,,
RA-693,Alfa,Alfa D - G2/G3,Aluno-693,2015,8,F,2022,Publica,2023,,,Ametista,7.944,2.0,Avaliador-13,Avaliador-3,,10.0,9.4,6.89,8.5,8.2,8.7,,,10.01,10.0,Alfa,0,Topazio,,7.5,,
RA-675,Alfa,Alfa D - G2/G3,Aluno-675,2014,8,M,2022,Publica,2023,,,Ametista,7.576,2.0,Avaliador-13,Avaliador-3,,10.0,8.0,7.52,8.3,8.5,8.0,,,8.34,10.0,Alfa,0,Topazio,,6.875,,
RA-850,Alfa,Alfa D - G2/G3,Aluno-850,2014,9,M,2022,Publica,2023,,,Ametista,7.641,2.0,Avaliador-13,Avaliador-3,,0.0,7.9,6.26,7.3,6.8,7.7,,,6.265,5.0,Fase 1,-1,Agata,,6.5625,,
RA-897,Alfa,Alfa D - G2/G3,Aluno-897,2014,9,M,2023,Publica,2023,,,,,2.0,Avaliador-13,Avaliador-3,,0.0,8.1,7.52,6.5,7.2,5.7,,,3.32,5.0,Fase 1,-1,Quartzo,,6.5625,,
RA-842,Alfa,Alfa E - G2/G3,Aluno-842,2014,9,F,2022,Publica,2023,,,Ametista,7.952,2.0,Avaliador-13,Avaliador-3,,9.0,8.5,3.77,7.9,8.2,7.5,,,8.01,5.0,Fase 1,-1,Ametista,,5.625,,
RA-898,Alfa,Alfa E - G2/G3,Aluno-898,2014,9,M,2023,Publica,2023,,,,,2.0,Avaliador-13,Avaliador-3,,9.0,9.8,3.77,9.4,9.7,9.0,,,10.01,5.0,Fase 1,-1,Topazio,,8.125,,
RA-899,Alfa,Alfa E - G2/G3,Aluno-899,2015,8,M,2023,Publica,2023,,,,,2.0,Avaliador-13,Avaliador-3,,10.0,9.8,3.77,9.5,9.3,9.6,,,9.34,10.0,Alfa,0,Topazio,,7.5,,
RA-900,Alfa,Alfa E - G2/G3,Aluno-900,2015,8,F,2023,Publica,2023,,,,,2.0,Avaliador-13,Avaliador-3,,9.0,9.8,9.38,7.8,8.0,7.5,,,8.67,10.0,Alfa,0,Topazio,,8.125,,
RA-846,Alfa,Alfa E - G2/G3,Aluno-846,2015,8,F,2022,Publica,2023,,,Ametista,7.412,2.0,Avaliador-13,Avaliador-3,,9.5,8.2,3.77,6.0,6.3,5.7,,,8.67,10.0,Alfa,0,Ametista,,5.625,,
RA-901,Alfa,Alfa E - G2/G3,Aluno-901,2012,10,M,2023,Publica,2023,,,,,2.0,Avaliador-13,Avaliador-3,,8.5,8.7,3.77,7.5,7.7,7.3,,,8.595,5.0,Fase 2,-2,Ametista,,6.25,,
RA-743,Alfa,Alfa E - G2/G3,Aluno-743,2013,10,F,2022,Publica,2023,,,Agata,6.672,2.0,Avaliador-13,Avaliador-3,,0.0,9.1,3.77,7.1,7.3,6.8,,,9.01,5.0,Fase 2,-2,Agata,,7.5,,
RA-681,Alfa,Alfa E - G2/G3,Aluno-681,2012,10,M,2022,Publica,2023,,,Ametista,7.204,2.0,Avaliador-13,Avaliador-3,,0.0,7.8,3.77,8.3,8.8,7.8,,,8.18,5.0,Fase 2,-2,Agata,,5.625,,
RA-902,Alfa,Alfa E - G2/G3,Aluno-902,2011,12,M,2023,Publica,2023,,,,,2.0,Avaliador-13,Avaliador-3,,10.0,9.3,2.52,3.9,4.5,3.3,,,6.5,2.5,Fase 3,-3,Quartzo,,5.3125,,
RA-903,Alfa,Alfa E - G2/G3,Aluno-903,2015,8,F,2023,Publica,2023,,,,,2.0,Avaliador-13,Avaliador-3,,10.0,9.6,5.02,7.8,7.7,7.8,,,9.01,10.0,Alfa,0,Topazio,,7.5,,
RA-851,Alfa,Alfa E - G2/G3,Aluno-851,2014,9,M,2022,Publica,2023,,,Ametista,7.515,2.0,Avaliador-13,Avaliador-3,,8.4,7.5,2.52,6.6,6.8,6.3,,,6.01,5.0,Fase 1,-1,Agata,,5.625,,
RA-847,Alfa,Alfa E - G2/G3,Aluno-847,2013,10,M,2022,Publica,2023,,,Agata,6.839,2.0,Avaliador-13,Avaliador-3,,7.9,9.1,2.52,7.6,7.5,7.6,,,5.84,5.0,Fase 2,-2,Agata,,5.0,,
RA-904,Alfa,Alfa F - G0/G1,Aluno-904,2016,7,F,2023,Publica,2023,,,,,2.0,Avaliador-11,Avaliador-2,,9.0,9.3,7.52,6.4,6.0,6.8,,,7.836666667,10.0,Alfa,0,Topazio,,7.8125,,
RA-858,Alfa,Alfa F - G0/G1,Aluno-858,2015,8,M,2022,Publica,2023,,,Ametista,7.523,2.0,Avaliador-11,Avaliador-2,,0.0,8.1,3.77,9.3,9.3,9.2,,,7.946666667,10.0,Alfa,0,Ametista,,8.125,,
RA-905,Alfa,Alfa F - G0/G1,Aluno-905,2013,9,M,2023,Publica,2023,,,,,2.0,Avaliador-11,Avaliador-2,,9.5,9.4,7.52,8.3,7.5,9.0,,,7.056666667,5.0,Fase 1,-1,Ametista,,6.875,,
RA-702,Alfa,Alfa F - G0/G1,Aluno-702,2014,9,F,2022,Publica,2023,,,Ametista,7.387,2.0,Avaliador-11,Avaliador-2,,10.0,10.0,5.63,9.3,9.3,9.3,,,7.833333333,5.0,Fase 1,-1,Topazio,,7.5,,
RA-725,Alfa,Alfa F - G0/G1,Aluno-725,2014,9,M,2022,Publica,2023,,,Agata,6.33,2.0,Avaliador-11,Avaliador-2,,9.5,9.0,7.52,8.4,8.1,8.7,,,8.113333333,5.0,Fase 1,-1,Topazio,,8.125,,
RA-906,Alfa,Alfa F - G0/G1,Aluno-906,2015,8,M,2023,Publica,2023,,,,,2.0,Avaliador-11,Avaliador-2,,7.5,9.2,7.52,8.6,7.7,9.4,,,6.95,10.0,Alfa,0,Topazio,,7.5,,
RA-907,Alfa,Alfa F - G0/G1,Aluno-907,2015,8,F,2023,Privada,2023,,,,,2.0,Avaliador-11,Avaliador-2,,9.5,9.6,7.52,9.3,9.2,9.4,,,8.336666667,10.0,Alfa,0,Topazio,,8.125,,
RA-908,Alfa,Alfa F - G0/G1,Aluno-908,2015,8,F,2023,Publica,2023,,,,,2.0,Avaliador-11,Avaliador-2,,9.0,9.0,7.52,7.9,6.7,9.0,,,8.223333333,10.0,Alfa,0,Topazio,,8.125,,
RA-909,Alfa,Alfa F - G0/G1,Aluno-909,2013,10,F,2023,Publica,2023,,,,,2.0,Avaliador-11,Avaliador-2,,10.0,9.9,7.52,9.2,9.1,9.2,,,8.056666667,5.0,Fase 2,-2,Topazio,,8.125,,
RA-708,Alfa,Alfa F - G0/G1,Aluno-708,2013,9,M,2022,Publica,2023,,Topazio,Ametista,7.282,2.0,Avaliador-11,Avaliador-2,,0.0,9.8,7.52,9.2,8.8,9.5,,,8.28,5.0,Fase 1,-1,Ametista,,8.125,,
RA-910,Alfa,Alfa F - G0/G1,Aluno-910,2015,8,M,2023,Publica,2023,,,,,2.0,Avaliador-11,Avaliador-2,,0.0,8.8,7.52,8.9,8.8,9.0,,,8.17,10.0,Alfa,0,Ametista,,8.75,,
RA-671,Alfa,Alfa G - G2/G3,Aluno-671,2013,10,M,2021,Publica,2023,,Ametista,Ametista,7.617,2.0,Avaliador-13,Avaliador-3,,7.9,8.3,3.14,7.8,8.0,7.5,,,5.68,5.0,Fase 2,-2,Agata,,5.625,,
RA-836,Alfa,Alfa G - G2/G3,Aluno-836,2013,10,M,2022,Publica,2023,,,Ametista,7.665,2.0,Avaliador-13,Avaliador-3,,9.5,9.6,6.27,6.7,6.7,6.7,,,8.085,5.0,Fase 2,-2,Ametista,,6.875,,
RA-911,Alfa,Alfa G - G2/G3,Aluno-911,2012,11,M,2023,Publica,2023,,,,,2.0,Avaliador-13,Avaliador-3,,9.0,6.7,2.52,3.4,3.7,3.0,,,7.01,5.0,Fase 2,-2,Quartzo,,5.3125,,
RA-860,Alfa,Alfa G - G2/G3,Aluno-860,2015,8,M,2022,Publica,2023,,,Topazio,8.136,2.0,Avaliador-13,Avaliador-3,,7.0,9.8,6.89,7.4,7.2,7.5,,,8.34,10.0,Alfa,0,Topazio,,7.5,,
RA-727,Alfa,Alfa G - G2/G3,Aluno-727,2014,9,M,2022,Publica,2023,,,Ametista,7.736,2.0,Avaliador-13,Avaliador-3,,9.5,8.8,2.52,8.0,8.3,7.7,,,9.34,5.0,Fase 1,-1,Ametista,,7.5,,
RA-739,Alfa,Alfa G - G2/G3,Aluno-739,2014,9,M,2022,Publica,2023,,,Agata,6.82,2.0,Avaliador-13,Avaliador-3,,9.0,8.3,7.52,7.6,7.3,7.8,,,8.25,5.0,Fase 1,-1,Ametista,,6.25,,
RA-740,Alfa,Alfa G - G2/G3,Aluno-740,2013,10,F,2022,Privada,2023,,,Ametista,7.218,2.0,Avaliador-13,Avaliador-3,,0.0,8.7,7.52,9.1,9.0,9.2,,,8.925,5.0,Fase 2,-2,Ametista,,6.875,,
RA-912,Alfa,Alfa G - G2/G3,Aluno-912,2014,9,F,2023,Publica,2023,,,,,2.0,Avaliador-13,Avaliador-3,,7.0,9.4,7.52,6.3,6.2,6.3,,,7.175,5.0,Fase 1,-1,Ametista,,5.625,,
RA-706,Alfa,Alfa G - G2/G3,Aluno-706,2012,10,F,2021,Publica,2023,,Agata,Ametista,7.659,2.0,Avaliador-13,Avaliador-3,,9.0,7.8,4.39,7.3,6.7,7.8,,,8.08,5.0,Fase 2,-2,Ametista,,6.875,,
RA-840,Alfa,Alfa G - G2/G3,Aluno-840,2014,9,M,2022,Publica,2023,,,Ametista,7.875,2.0,Avaliador-13,Avaliador-3,,9.5,9.0,4.38,8.2,8.3,8.0,,,8.59,5.0,Fase 1,-1,Ametista,,7.5,,
RA-841,Alfa,Alfa G - G2/G3,Aluno-841,2011,11,M,2022,Publica,2023,,,Ametista,7.3,2.0,Avaliador-13,Avaliador-3,,0.0,7.2,7.52,6.9,6.7,7.0,,,9.84,5.0,Fase 2,-2,Agata,,7.5,,
RA-709,Alfa,Alfa G - G2/G3,Aluno-709,2012,11,F,2022,Publica,2023,,,Quartzo,5.313,2.0,Avaliador-13,Avaliador-3,,10.0,7.9,7.52,4.9,5.5,4.3,,,6.59,5.0,Fase 2,-2,Agata,,5.625,,
RA-913,Alfa,Alfa H - G0/G1,Aluno-913,2013,10,F,2023,Publica,2023,,,,,2.0,Avaliador-11,Avaliador-3,,8.0,8.5,6.89,7.9,9.5,6.3,,,9.245,5.0,Fase 2,-2,Ametista,,6.25,,
RA-726,Alfa,Alfa H - G0/G1,Aluno-726,2015,8,F,2022,Publica,2023,,,Agata,6.985,2.0,Avaliador-11,Avaliador-3,,10.0,6.1,7.52,6.0,6.2,5.8,,,8.17,10.0,Alfa,0,Ametista,,5.625,,
RA-914,Alfa,Alfa H - G0/G1,Aluno-914,2015,8,F,2023,Publica,2023,,,,,2.0,Avaliador-11,Avaliador-3,,10.0,9.2,7.52,8.7,9.0,8.4,,,8.67,10.0,Alfa,0,Topazio,,6.25,,
RA-915,Alfa,Alfa H - G0/G1,Aluno-915,2015,8,F,2023,Publica,2023,,,,,2.0,Avaliador-11,Avaliador-3,,10.0,8.4,7.52,8.4,8.1,8.7,,,8.67,10.0,Alfa,0,Topazio,,7.5,,
RA-916,Alfa,Alfa H - G0/G1,Aluno-916,2014,9,F,2023,Publica,2023,,,,,2.0,Avaliador-11,Avaliador-3,,9.5,9.7,2.52,6.6,7.7,5.5,,,9.005,5.0,Fase 1,-1,Ametista,,6.25,,
RA-917,Alfa,Alfa H - G0/G1,Aluno-917,2015,7,F,2023,Publica,2023,,,,,2.0,Avaliador-11,Avaliador-3,,0.0,7.2,2.52,7.0,5.3,8.7,,,6.35,10.0,Alfa,0,Quartzo,,6.25,,
RA-918,Alfa,Alfa H - G0/G1,Aluno-918,2016,7,F,2023,Publica,2023,,,,,2.0,Avaliador-11,Avaliador-3,,10.0,8.7,2.52,7.7,7.1,8.3,,,7.01,10.0,Alfa,0,Ametista,,5.625,,
RA-919,Alfa,Alfa H - G0/G1,Aluno-919,2014,9,M,2023,Publica,2023,,,,,2.0,Avaliador-11,Avaliador-3,,0.0,8.4,7.52,5.3,5.5,5.0,,,8.09,5.0,Fase 1,-1,Agata,,6.25,,
RA-920,Alfa,Alfa H - G0/G1,Aluno-920,2015,8,F,2023,Publica,2023,,,,,2.0,Avaliador-11,Avaliador-3,,9.0,6.3,7.52,6.1,6.0,6.2,,,6.35,10.0,Alfa,0,Agata,,5.625,,
RA-921,Alfa,Alfa I - G2/G3,Aluno-921,2016,7,F,2023,Publica,2023,,,,,2.0,Avaliador-13,Avaliador-3,,9.0,9.7,7.52,6.3,6.5,6.0,,,6.68,10.0,Alfa,0,Ametista,,5.625,,
RA-922,Alfa,Alfa I - G2/G3,Aluno-922,2014,8,F,2023,Publica,2023,,,,,2.0,Avaliador-13,Avaliador-3,,8.5,9.7,3.14,8.4,8.5,8.2,,,10.01,10.0,Alfa,0,Topazio,,7.5,,
RA-715,Alfa,Alfa I - G2/G3,Aluno-715,2013,10,F,2022,Publica,2023,,,Agata,6.656,2.0,Avaliador-13,Avaliador-3,,0.0,9.5,3.14,5.4,4.5,6.3,,,7.675,5.0,Fase 2,-2,Quartzo,,5.625,,
RA-822,Alfa,Alfa I - G2/G3,Aluno-822,2012,11,M,2022,Publica,2023,,,Agata,6.922,2.0,Avaliador-13,Avaliador-3,,8.5,8.4,2.52,7.1,8.0,6.2,,,5.925,5.0,Fase 2,-2,Agata,,5.625,,
RA-923,Alfa,Alfa I - G2/G3,Aluno-923,2015,8,F,2023,Publica,2023,,,,,2.0,Avaliador-13,Avaliador-3,,9.5,9.9,7.52,7.3,7.5,7.0,,,10.01,10.0,Alfa,0,Topazio,,7.5,,
RA-742,Alfa,Alfa I - G2/G3,Aluno-742,2013,10,F,2022,Publica,2023,,,Ametista,7.097,2.0,Avaliador-13,Avaliador-3,,0.0,7.6,7.52,7.5,6.2,8.8,,,10.01,5.0,Fase 2,-2,Ametista,,7.5,,
RA-924,Alfa,Alfa I - G2/G3,Aluno-924,2015,8,M,2023,Publica,2023,,,,,2.0,Avaliador-13,Avaliador-3,,9.0,5.6,7.52,5.0,5.0,5.0,,,5.93,10.0,Alfa,0,Agata,,5.625,,
RA-925,Alfa,Alfa I - G2/G3,Aluno-925,2015,7,M,2023,Publica,2023,,,,,2.0,Avaliador-13,Avaliador-3,,9.0,8.9,7.52,5.4,5.2,5.5,,,5.595,10.0,Alfa,0,Ametista,,5.625,,
RA-853,Alfa,Alfa J - G2/G3,Aluno-853,2014,9,F,2022,Publica,2023,,,Topazio,8.616,2.0,Avaliador-13,Avaliador-3,,10.0,9.5,3.77,7.4,7.2,7.5,,,9.84,5.0,Fase 1,-1,Ametista,,6.25,,
RA-854,Alfa,Alfa J - G2/G3,Aluno-854,2014,8,F,2022,Publica,2023,,,Topazio,8.098,2.0,Avaliador-13,Avaliador-3,,0.0,9.5,3.77,6.0,7.5,4.5,,,8.01,10.0,Alfa,0,Agata,,5.625,,
RA-700,Alfa,Alfa J - G2/G3,Aluno-700,2013,9,F,2022,Publica,2023,,,Ametista,7.738,2.0,Avaliador-13,Avaliador-3,,9.5,9.7,7.52,7.8,7.5,8.0,,,9.84,5.0,Fase 1,-1,Topazio,,6.25,,
RA-701,Alfa,Alfa J - G2/G3,Aluno-701,2012,11,M,2021,Publica,2023,,Ametista,Ametista,7.755,2.0,Avaliador-13,Avaliador-3,,9.5,9.9,3.77,7.2,7.3,7.0,,,7.68,5.0,Fase 2,-2,Ametista,,6.25,,
RA-856,Alfa,Alfa J - G2/G3,Aluno-856,2015,8,M,2022,Publica,2023,,,Topazio,8.398,2.0,Avaliador-13,Avaliador-3,,0.0,9.6,7.52,7.3,7.5,7.0,,,8.255,10.0,Alfa,0,Ametista,,5.625,,
RA-672,Alfa,Alfa J - G2/G3,Aluno-672,2013,10,F,2021,Publica,2023,,Ametista,Ametista,7.48,2.0,Avaliador-13,Avaliador-3,,7.9,9.5,2.52,6.4,6.0,6.7,,,6.43,5.0,Fase 2,-2,Agata,,5.625,,
RA-859,Alfa,Alfa J - G2/G3,Aluno-859,2015,8,F,2022,Publica,2023,,,Topazio,8.325,2.0,Avaliador-13,Avaliador-3,,8.0,9.2,7.52,7.3,6.8,7.8,,,10.01,10.0,Alfa,0,Topazio,,7.5,,
RA-704,Alfa,Alfa J - G2/G3,Aluno-704,2012,11,M,2022,Publica,2023,,,Agata,6.741,2.0,Avaliador-13,Avaliador-3,,10.0,9.9,3.14,6.1,6.5,5.7,,,6.265,5.0,Fase 2,-2,Agata,,5.625,,
RA-741,Alfa,Alfa J - G2/G3,Aluno-741,2012,11,F,2022,Publica,2023,,,Agata,6.896,2.0,Avaliador-13,Avaliador-3,,9.5,6.9,4.39,5.1,4.2,6.0,,,7.095,5.0,Fase 2,-2,Agata,,5.625,,
RA-719,Alfa,Alfa J - G2/G3,Aluno-719,2012,11,M,2021,Publica,2023,,Quartzo,Quartzo,5.552,2.0,Avaliador-13,Avaliador-3,,9.5,5.3,7.52,5.9,7.0,4.7,,,7.095,5.0,Fase 2,-2,Agata,,5.625,,
RA-926,Alfa,Alfa J - G2/G3,Aluno-926,2014,9,F,2023,Publica,2023,,,,,2.0,Avaliador-13,Avaliador-3,,9.0,10.0,3.77,6.8,6.5,7.0,,,9.51,5.0,Fase 1,-1,Ametista,,7.5,,
RA-927,Alfa,Alfa J - G2/G3,Aluno-927,2014,9,F,2023,Publica,2023,,,,,2.0,Avaliador-13,Avaliador-3,,9.0,9.7,3.77,6.4,7.0,5.8,,,9.255,5.0,Fase 1,-1,Ametista,,7.5,,
RA-928,Alfa,Alfa K - G0/G1,Aluno-928,2015,8,F,2023,Publica,2023,,,,,2.0,Avaliador-11,Avaliador-3,,8.5,10.0,7.52,9.8,9.8,9.8,,,9.67,10.0,Alfa,0,Topazio,,8.75,,
RA-929,Alfa,Alfa K - G0/G1,Aluno-929,2015,8,F,2023,Publica,2023,,,,,2.0,Avaliador-11,Avaliador-3,,8.5,9.8,7.52,8.8,8.7,8.9,,,9.67,10.0,Alfa,0,Topazio,,8.75,,
RA-930,Alfa,Alfa K - G0/G1,Aluno-930,2015,8,M,2023,Publica,2023,,,,,2.0,Avaliador-11,Avaliador-3,,9.0,8.8,7.52,9.0,8.7,9.3,,,9.0,10.0,Alfa,0,Topazio,,8.75,,
RA-931,Alfa,Alfa K - G0/G1,Aluno-931,2015,8,M,2023,Publica,2023,,,,,2.0,Avaliador-11,Avaliador-3,,8.5,8.2,2.52,7.8,7.0,8.5,,,7.6,10.0,Alfa,0,Ametista,,5.625,,
RA-932,Alfa,Alfa K - G0/G1,Aluno-932,2015,7,F,2023,Publica,2023,,,,,2.0,Avaliador-11,Avaliador-3,,9.5,7.9,7.52,7.5,6.5,8.4,,,9.0,10.0,Alfa,0,Topazio,,8.125,,
RA-933,Alfa,Alfa K - G0/G1,Aluno-933,2015,8,F,2023,Publica,2023,,,,,2.0,Avaliador-11,Avaliador-3,,9.0,8.4,7.52,7.7,8.0,7.3,,,9.67,10.0,Alfa,0,Topazio,,8.75,,
RA-934,Alfa,Alfa K - G0/G1,Aluno-934,2015,8,F,2023,Publica,2023,,,,,2.0,Avaliador-11,Avaliador-3,,9.0,9.6,7.52,8.7,8.3,9.0,,,9.67,10.0,Alfa,0,Topazio,,9.375,,
RA-935,Alfa,Alfa K - G0/G1,Aluno-935,2014,9,M,2023,Publica,2023,,,,,2.0,Avaliador-11,Avaliador-3,,0.0,9.8,7.52,9.4,9.2,9.5,,,9.67,5.0,Fase 1,-1,Ametista,,9.375,,
RA-936,Alfa,Alfa K - G0/G1,Aluno-936,2015,8,F,2023,Publica,2023,,,,,2.0,Avaliador-11,Avaliador-3,,9.0,10.0,7.52,6.5,5.0,8.0,,,8.915,10.0,Alfa,0,Topazio,,8.125,,
RA-937,Alfa,Alfa K - G0/G1,Aluno-937,2015,8,F,2023,Publica,2023,,,,,2.0,Avaliador-11,Avaliador-3,,9.5,9.6,7.52,9.2,9.0,9.3,,,9.67,10.0,Alfa,0,Topazio,,9.375,,
RA-756,Alfa,Alfa K - G0/G1,Aluno-756,2013,10,M,2022,Publica,2023,,,Agata,6.976,2.0,Avaliador-11,Avaliador-3,,10.0,8.7,7.52,6.1,5.4,6.8,,,6.59,5.0,Fase 2,-2,Ametista,,5.625,,
RA-938,Alfa,Alfa K - G0/G1,Aluno-938,2014,9,M,2023,Publica,2023,,,,,2.0,Avaliador-11,Avaliador-3,,8.5,8.4,7.52,4.2,0.0,8.3,,,7.5,5.0,Fase 1,-1,Agata,,6.25,,
RA-939,Alfa,Alfa L - G2/G3,Aluno-939,2012,11,F,2023,Publica,2023,,,,,2.0,Avaliador-13,Avaliador-3,,9.0,10.0,7.52,5.4,5.0,5.7,,,10.01,5.0,Fase 2,-2,Ametista,,7.5,,
RA-789,Alfa,Alfa L - G2/G3,Aluno-789,2015,8,F,2022,Publica,2023,,,Ametista,7.405,2.0,Avaliador-13,Avaliador-3,,0.0,9.5,7.52,7.9,8.5,7.2,,,10.01,10.0,Alfa,0,Ametista,,7.5,,
RA-792,Alfa,Alfa L - G2/G3,Aluno-792,2013,10,F,2022,Publica,2023,,,Agata,7.025,2.0,Avaliador-13,Avaliador-3,,9.0,7.7,7.52,7.2,6.8,7.5,,,9.085,5.0,Fase 2,-2,Ametista,,6.875,,
RA-940,Alfa,Alfa L - G2/G3,Aluno-940,2012,11,M,2023,Publica,2023,,,,,2.0,Avaliador-13,Avaliador-3,,9.0,8.4,2.52,6.3,6.8,5.7,,,7.02,5.0,Fase 2,-2,Agata,,6.25,,
RA-941,Alfa,Alfa L - G2/G3,Aluno-941,2015,8,F,2023,Publica,2023,,,,,2.0,Avaliador-13,Avaliador-3,,8.0,10.0,7.52,5.0,5.0,5.0,,,8.175,10.0,Alfa,0,Ametista,,5.0,,
RA-942,Alfa,Alfa L - G2/G3,Aluno-942,2013,10,F,2023,Publica,2023,,,,,2.0,Avaliador-13,Avaliador-3,,9.5,8.9,2.52,7.1,7.3,6.8,,,7.0,5.0,Fase 2,-2,Agata,,5.625,,
RA-943,Alfa,Alfa L - G2/G3,Aluno-943,2015,8,F,2023,Publica,2023,,,,,2.0,Avaliador-13,Avaliador-3,,9.5,9.4,7.52,8.0,8.0,8.0,,,9.925,10.0,Alfa,0,Topazio,,7.5,,
RA-782,Alfa,Alfa L - G2/G3,Aluno-782,2014,9,M,2022,Publica,2023,,,Ametista,7.485,2.0,Avaliador-13,Avaliador-3,,8.5,9.8,2.52,7.5,8.3,6.7,,,9.345,5.0,Fase 1,-1,Ametista,,7.5,,
RA-768,Alfa,Alfa L - G2/G3,Aluno-768,2012,11,F,2021,Publica,2023,,Ametista,Ametista,7.646,2.0,Avaliador-13,Avaliador-3,,10.0,9.1,7.52,7.9,8.0,7.8,,,10.01,5.0,Fase 2,-2,Topazio,,7.5,,
RA-794,Alfa,Alfa L - G2/G3,Aluno-794,2014,9,F,2022,Publica,2023,,,Ametista,7.335,2.0,Avaliador-13,Avaliador-3,,9.0,9.2,7.52,6.2,5.2,7.2,,,10.01,5.0,Fase 1,-1,Ametista,,7.5,,
RA-795,Alfa,Alfa L - G2/G3,Aluno-795,2014,9,F,2022,Publica,2023,,,Topazio,8.064,2.0,Avaliador-13,Avaliador-3,,9.0,9.6,7.52,8.2,8.7,7.7,,,10.01,5.0,Fase 1,-1,Topazio,,7.5,,
RA-944,Alfa,Alfa M - G0/G1,Aluno-944,2014,9,F,2023,Publica,2023,,,,,2.0,Avaliador-11,Avaliador-3,,9.0,7.6,7.52,7.5,9.2,5.8,,,6.67,5.0,Fase 1,-1,Ametista,,5.625,,
RA-945,Alfa,Alfa M - G0/G1,Aluno-945,2015,8,M,2023,Publica,2023,,,,,2.0,Avaliador-11,Avaliador-3,,8.5,9.2,7.52,7.9,8.0,7.8,,,6.84,10.0,Alfa,0,Topazio,,6.875,,
RA-946,Alfa,Alfa M - G0/G1,Aluno-946,2016,7,M,2023,Publica,2023,,,,,2.0,Avaliador-11,Avaliador-3,,9.5,9.4,7.52,9.3,9.0,9.5,,,7.0,10.0,Alfa,0,Topazio,,7.5,,
RA-754,Alfa,Alfa M - G0/G1,Aluno-754,2013,10,M,2022,Publica,2023,,,Agata,6.602,2.0,Avaliador-11,Avaliador-3,,9.5,6.1,2.52,5.6,5.7,5.4,,,6.67,5.0,Fase 2,-2,Agata,,6.875,,
RA-947,Alfa,Alfa M - G0/G1,Aluno-947,2015,8,M,2023,Publica,2023,,,,,2.0,Avaliador-11,Avaliador-3,,9.0,7.9,7.52,3.3,1.7,4.9,,,5.08,10.0,Alfa,0,Agata,,4.375,,
RA-948,Alfa,Alfa M - G0/G1,Aluno-948,2015,8,F,2023,Publica,2023,,,,,2.0,Avaliador-11,Avaliador-3,,9.0,7.6,7.52,0.0,0.0,0.0,,,8.34,10.0,Alfa,0,Agata,,6.875,,
RA-949,Alfa,Alfa M - G0/G1,Aluno-949,2015,8,F,2023,Publica,2023,,,,,2.0,Avaliador-11,Avaliador-3,,9.5,8.1,7.52,8.9,9.1,8.6,,,6.5,10.0,Alfa,0,Topazio,,6.25,,
RA-950,Alfa,Alfa M - G0/G1,Aluno-950,2014,8,F,2023,Publica,2023,,,,,2.0,Avaliador-11,Avaliador-3,,9.0,10.0,7.52,9.3,9.5,9.0,,,8.17,10.0,Alfa,0,Topazio,,7.5,,
RA-773,Alfa,Alfa M - G0/G1,Aluno-773,2013,9,F,2022,Publica,2023,,,Agata,6.922,2.0,Avaliador-11,Avaliador-3,,10.0,7.5,2.52,7.9,8.0,7.8,,,7.67,5.0,Fase 1,-1,Agata,,5.625,,
RA-951,Alfa,Alfa M - G0/G1,Aluno-951,2016,7,F,2023,Publica,2023,,,,,2.0,Avaliador-11,Avaliador-3,,9.5,9.7,7.52,8.4,8.5,8.3,,,9.09,10.0,Alfa,0,Topazio,,7.5,,
RA-769,Alfa,Alfa N - G2/G3,Aluno-769,2013,10,F,2022,Publica,2023,,,Ametista,7.598,2.0,Avaliador-13,Avaliador-2,,10.0,9.3,3.77,8.0,8.2,7.8,,,8.675,5.0,Fase 2,-2,Ametista,,7.8125,,
RA-952,Alfa,Alfa N - G2/G3,Aluno-952,2015,8,M,2023,Publica,2023,,,,,2.0,Avaliador-13,Avaliador-2,,9.5,9.2,3.77,9.0,8.8,9.2,,,8.425,10.0,Alfa,0,Topazio,,7.1875,,
RA-826,Alfa,Alfa N - G2/G3,Aluno-826,2014,9,M,2022,Publica,2023,,,Ametista,7.776,2.0,Avaliador-13,Avaliador-2,,10.0,10.0,3.77,7.3,7.0,7.5,,,8.34,5.0,Fase 1,-1,Ametista,,7.8125,,
RA-953,Alfa,Alfa N - G2/G3,Aluno-953,2015,8,F,2023,Publica,2023,,,,,2.0,Avaliador-13,Avaliador-2,,7.4,8.8,3.14,8.3,8.5,8.0,,,7.09,10.0,Alfa,0,Ametista,,6.5625,,
RA-954,Alfa,Alfa N - G2/G3,Aluno-954,2015,8,F,2023,Publica,2023,,,,,2.0,Avaliador-13,Avaliador-2,,0.0,8.3,3.14,7.7,7.8,7.5,,,8.005,10.0,Alfa,0,Agata,,7.1875,,
RA-780,Alfa,Alfa N - G2/G3,Aluno-780,2013,10,F,2022,Publica,2023,,,Agata,6.955,2.0,Avaliador-13,Avaliador-2,,9.5,8.8,3.14,8.3,8.0,8.5,,,8.675,5.0,Fase 2,-2,Ametista,,8.75,,
RA-955,Alfa,Alfa N - G2/G3,Aluno-955,2013,10,F,2023,Publica,2023,,,,,2.0,Avaliador-13,Avaliador-2,,9.0,8.8,3.14,7.8,8.0,7.5,,,7.09,5.0,Fase 2,-2,Ametista,,6.875,,
RA-831,Alfa,Alfa N - G2/G3,Aluno-831,2013,9,M,2022,Publica,2023,,,Ametista,7.41,2.0,Avaliador-13,Avaliador-2,,8.0,9.4,3.77,8.3,8.8,7.8,,,8.59,5.0,Fase 1,-1,Ametista,,7.8125,,
RA-783,Alfa,Alfa N - G2/G3,Aluno-783,2014,9,M,2021,Publica,2023,,Ametista,Agata,6.996,2.0,Avaliador-13,Avaliador-2,,9.5,6.8,3.77,8.9,9.0,8.7,,,7.925,5.0,Fase 1,-1,Ametista,,7.5,,
RA-774,Alfa,Alfa N - G2/G3,Aluno-774,2014,9,F,2022,Publica,2023,,,Ametista,7.587,2.0,Avaliador-13,Avaliador-2,,0.0,9.5,3.14,6.9,7.7,6.0,,,6.34,5.0,Fase 1,-1,Quartzo,,5.0,,
RA-748,Alfa,Alfa O - G2/G3,Aluno-748,2013,10,M,2022,Publica,2023,,,Topazio,8.084,2.0,Avaliador-13,Avaliador-3,,9.5,9.7,7.52,9.1,9.0,9.2,,,10.01,5.0,Fase 2,-2,Topazio,,7.5,,
RA-749,Alfa,Alfa O - G2/G3,Aluno-749,2013,9,M,2022,Publica,2023,,,Ametista,7.484,2.0,Avaliador-13,Avaliador-3,,10.0,9.0,7.52,7.3,7.3,7.3,,,8.425,5.0,Fase 1,-1,Ametista,,5.625,,
RA-956,Alfa,Alfa O - G2/G3,Aluno-956,2012,11,M,2023,Publica,2023,,,,,2.0,Avaliador-13,Avaliador-3,,8.0,7.5,7.52,7.8,7.8,7.8,,,9.345,5.0,Fase 2,-2,Ametista,,7.5,,
RA-787,Alfa,Alfa O - G2/G3,Aluno-787,2014,9,M,2022,Publica,2023,,,Ametista,7.205,2.0,Avaliador-13,Avaliador-3,,9.0,9.8,7.52,5.9,6.0,5.8,,,8.34,5.0,Fase 1,-1,Ametista,,5.625,,
RA-957,Alfa,Alfa O - G2/G3,Aluno-957,2014,8,F,2023,Publica,2023,,,,,2.0,Avaliador-13,Avaliador-3,,10.0,9.3,7.52,9.1,9.0,9.2,,,9.925,10.0,Alfa,0,Topazio,,7.5,,
RA-753,Alfa,Alfa O - G2/G3,Aluno-753,2014,9,F,2022,Publica,2023,,,Topazio,8.481,2.0,Avaliador-13,Avaliador-3,,9.0,9.9,7.52,9.0,9.0,9.0,,,9.925,5.0,Fase 1,-1,Topazio,,7.5,,
RA-958,Alfa,Alfa O - G2/G3,Aluno-958,2015,8,F,2023,Publica,2023,,,,,2.0,Avaliador-13,Avaliador-3,,10.0,9.8,7.52,9.3,9.3,9.3,,,9.84,10.0,Alfa,0,Topazio,,7.5,,
RA-755,Alfa,Alfa O - G2/G3,Aluno-755,2014,9,M,2022,Publica,2023,,,Topazio,8.566,2.0,Avaliador-13,Avaliador-3,,10.0,9.5,7.52,9.2,9.2,9.2,,,10.01,5.0,Fase 1,-1,Topazio,,7.5,,
RA-763,Alfa,Alfa O - G2/G3,Aluno-763,2012,10,F,2021,Publica,2023,,Agata,Ametista,7.402,2.0,Avaliador-13,Avaliador-3,,0.0,9.2,3.14,7.9,7.8,8.0,,,9.0,5.0,Fase 2,-2,Agata,,6.875,,
RA-757,Alfa,Alfa O - G2/G3,Aluno-757,2013,10,F,2022,Publica,2023,,,Topazio,8.26,2.0,Avaliador-13,Avaliador-3,,9.0,9.6,7.52,9.3,9.5,9.0,,,10.01,5.0,Fase 2,-2,Topazio,,7.5,,
RA-959,Alfa,Alfa O - G2/G3,Aluno-959,2015,8,M,2023,Publica,2023,,,,,2.0,Avaliador-13,Avaliador-3,,10.0,9.6,7.52,7.7,7.7,7.7,,,8.84,10.0,Alfa,0,Topazio,,6.875,,
RA-960,Alfa,Alfa O - G2/G3,Aluno-960,2013,10,M,2023,Publica,2023,,,,,2.0,Avaliador-13,Avaliador-3,,8.5,10.0,7.52,6.3,6.5,6.0,,,5.85,5.0,Fase 2,-2,Ametista,,5.625,,
RA-961,Alfa,Alfa O - G2/G3,Aluno-961,2014,9,M,2023,Publica,2023,,,,,2.0,Avaliador-13,Avaliador-3,,0.0,8.7,2.52,6.2,6.2,6.2,,,8.665,5.0,Fase 1,-1,Quartzo,,5.3125,,
RA-962,Alfa,Alfa Q - G2/G3,Aluno-962,2014,9,F,2023,Publica,2023,,,,,2.0,Avaliador-13,Avaliador-3,,9.0,9.2,7.52,8.7,9.5,7.8,,,10.01,5.0,Fase 1,-1,Topazio,,7.5,,
RA-805,Alfa,Alfa Q - G2/G3,Aluno-805,2014,9,M,2021,Publica,2023,,Ametista,Topazio,8.279,2.0,Avaliador-13,Avaliador-3,,0.0,9.1,7.52,6.8,6.8,6.8,,,7.175,5.0,Fase 1,-1,Agata,,6.25,,
RA-806,Alfa,Alfa Q - G2/G3,Aluno-806,2014,9,M,2022,Publica,2023,,,Ametista,7.561,2.0,Avaliador-13,Avaliador-3,,8.5,8.3,6.27,7.8,7.8,7.7,,,7.095,5.0,Fase 1,-1,Ametista,,6.875,,
RA-807,Alfa,Alfa Q - G2/G3,Aluno-807,2014,9,M,2022,Publica,2023,,,Topazio,8.121,2.0,Avaliador-13,Avaliador-3,,9.5,9.1,7.52,8.0,8.3,7.7,,,8.08,5.0,Fase 1,-1,Ametista,,6.25,,
RA-963,Alfa,Alfa Q - G2/G3,Aluno-963,2014,9,F,2023,Publica,2023,,,,,2.0,Avaliador-13,Avaliador-3,,9.5,9.8,7.52,8.5,8.3,8.7,,,10.01,5.0,Fase 1,-1,Topazio,,7.5,,
RA-964,Alfa,Alfa Q - G2/G3,Aluno-964,2014,9,M,2023,Publica,2023,,,,,2.0,Avaliador-13,Avaliador-3,,8.5,9.4,7.52,7.2,7.3,7.0,,,8.5,5.0,Fase 1,-1,Ametista,,6.875,,
RA-965,Alfa,Alfa Q - G2/G3,Aluno-965,2014,9,F,2023,Publica,2023,,,,,2.0,Avaliador-13,Avaliador-3,,8.5,8.2,6.27,4.7,5.3,4.0,,,7.18,5.0,Fase 1,-1,Agata,,5.0,,
RA-966,Alfa,Alfa Q - G2/G3,Aluno-966,2014,9,M,2023,Publica,2023,,,,,2.0,Avaliador-13,Avaliador-3,,10.0,10.0,7.52,5.0,5.0,5.0,,,7.675,5.0,Fase 1,-1,Ametista,,6.5625,,
RA-967,Alfa,Alfa Q - G2/G3,Aluno-967,2013,10,M,2023,Publica,2023,,,,,2.0,Avaliador-13,Avaliador-3,,9.5,8.0,7.52,6.5,6.5,6.5,,,7.35,5.0,Fase 2,-2,Ametista,,5.625,,
RA-968,Alfa,Alfa Q - G2/G3,Aluno-968,2014,9,F,2023,Publica,2023,,,,,2.0,Avaliador-13,Avaliador-3,,9.0,9.7,7.52,8.3,8.0,8.5,,,10.01,5.0,Fase 1,-1,Topazio,,7.5,,
RA-812,Alfa,Alfa Q - G2/G3,Aluno-812,2014,8,M,2022,Publica,2023,,,Ametista,7.497,2.0,Avaliador-13,Avaliador-3,,9.5,9.1,7.52,5.8,6.3,5.3,,,8.33,10.0,Alfa,0,Topazio,,6.875,,
RA-969,Alfa,Alfa Q - G2/G3,Aluno-969,2015,8,M,2023,Publica,2023,,,,,2.0,Avaliador-13,Avaliador-3,,8.5,9.7,7.52,5.5,6.0,5.0,,,7.51,10.0,Alfa,0,Ametista,,6.25,,
RA-970,Alfa,Alfa R - G0/G1,Aluno-970,2015,8,F,2023,Publica,2023,,,,,2.0,Avaliador-11,Avaliador-3,,8.5,8.1,7.52,9.4,9.2,9.5,,,9.84,10.0,Alfa,0,Topazio,,9.375,,
RA-971,Alfa,Alfa R - G0/G1,Aluno-971,2015,8,M,2023,Publica,2023,,,,,2.0,Avaliador-11,Avaliador-3,,7.8,6.4,3.77,6.9,5.5,8.3,,,8.17,10.0,Alfa,0,Ametista,,5.625,,
RA-972,Alfa,Alfa R - G0/G1,Aluno-972,2015,8,M,2023,Publica,2023,,,,,2.0,Avaliador-11,Avaliador-3,,9.0,9.1,3.77,6.0,6.2,5.7,,,7.84,10.0,Alfa,0,Ametista,,6.875,,
RA-973,Alfa,Alfa R - G0/G1,Aluno-973,2014,9,M,2023,Publica,2023,,,,,2.0,Avaliador-11,Avaliador-3,,0.0,8.6,3.77,5.2,6.2,4.1,,,7.415,5.0,Fase 1,-1,Quartzo,,7.1875,,
RA-974,Alfa,Alfa R - G0/G1,Aluno-974,2015,7,M,2023,Publica,2023,,,,,2.0,Avaliador-11,Avaliador-3,,9.0,9.1,3.77,8.8,8.8,8.8,,,9.34,10.0,Alfa,0,Topazio,,7.5,,
RA-975,Alfa,Alfa R - G0/G1,Aluno-975,2015,7,F,2023,Publica,2023,,,,,2.0,Avaliador-11,Avaliador-3,,7.9,9.2,7.52,6.5,7.2,5.8,,,7.67,10.0,Alfa,0,Ametista,,5.625,,
RA-976,Alfa,Alfa R - G0/G1,Aluno-976,2015,8,M,2023,Publica,2023,,,,,2.0,Avaliador-11,Avaliador-3,,9.5,9.2,6.27,8.6,9.0,8.2,,,8.34,10.0,Alfa,0,Topazio,,5.9375,,
RA-977,Alfa,Alfa R - G0/G1,Aluno-977,2015,7,F,2023,Publica,2023,,,,,2.0,Avaliador-11,Avaliador-3,,8.5,7.4,5.02,5.8,5.7,5.9,,,8.085,10.0,Alfa,0,Ametista,,5.625,,
RA-978,Alfa,Alfa R - G0/G1,Aluno-978,2015,7,F,2023,Publica,2023,,,,,2.0,Avaliador-11,Avaliador-3,,9.0,9.8,3.77,8.6,8.7,8.5,,,9.34,10.0,Alfa,0,Topazio,,5.625,,
RA-979,Alfa,Alfa S - G2/G3,Aluno-979,2015,8,M,2023,Publica,2023,,,,,2.0,Avaliador-13,Avaliador-3,,9.5,9.6,6.27,6.0,6.0,6.0,,,9.51,10.0,Alfa,0,Topazio,,5.625,,
RA-980,Alfa,Alfa S - G2/G3,Aluno-980,2015,8,F,2023,Publica,2023,,,,,2.0,Avaliador-13,Avaliador-3,,0.0,9.8,5.02,6.3,6.5,6.0,,,9.34,10.0,Alfa,0,Ametista,,5.625,,
RA-808,Alfa,Alfa S - G2/G3,Aluno-808,2014,9,M,2022,Publica,2023,,,Topazio,8.361,2.0,Avaliador-13,Avaliador-3,,10.0,10.0,2.52,8.7,8.7,8.7,,,9.755,5.0,Fase 1,-1,Topazio,,7.5,,
RA-981,Alfa,Alfa S - G2/G3,Aluno-981,2016,7,F,2023,Publica,2023,,,,,2.0,Avaliador-13,Avaliador-3,,9.5,9.1,2.52,5.8,5.7,5.8,,,9.01,10.0,Alfa,0,Ametista,,5.625,,
RA-982,Alfa,Alfa S - G2/G3,Aluno-982,2015,7,M,2023,Publica,2023,,,,,2.0,Avaliador-13,Avaliador-3,,0.0,9.1,2.52,8.6,8.7,8.5,,,8.835,10.0,Alfa,0,Ametista,,5.625,,
RA-983,Alfa,Alfa S - G2/G3,Aluno-983,2014,8,M,2023,Publica,2023,,,,,2.0,Avaliador-13,Avaliador-3,,8.5,9.9,2.52,8.8,8.8,8.8,,,9.415,10.0,Alfa,0,Topazio,,6.25,,
RA-984,Alfa,Alfa S - G2/G3,Aluno-984,2014,8,F,2023,Publica,2023,,,,,2.0,Avaliador-13,Avaliador-3,,8.0,9.8,7.52,8.3,8.3,8.2,,,9.84,10.0,Alfa,0,Topazio,,6.875,,
RA-985,Alfa,Alfa S - G2/G3,Aluno-985,2015,8,M,2023,Publica,2023,,,,,2.0,Avaliador-13,Avaliador-3,,9.0,9.3,2.52,6.8,7.3,6.2,,,8.5,10.0,Alfa,0,Ametista,,5.625,,
RA-986,Alfa,Alfa S - G2/G3,Aluno-986,2015,8,F,2023,Publica,2023,,,,,2.0,Avaliador-13,Avaliador-3,,9.5,9.1,2.52,8.3,8.3,8.3,,,8.83,10.0,Alfa,0,Topazio,,5.625,,
RA-987,Alfa,Alfa S - G2/G3,Aluno-987,2015,8,M,2023,Publica,2023,,,,,2.0,Avaliador-13,Avaliador-3,,0.0,9.8,6.27,7.3,7.5,7.0,,,9.76,10.0,Alfa,0,Ametista,,6.875,,
RA-988,Alfa,Alfa S - G2/G3,Aluno-988,2014,9,F,2023,Publica,2023,,,,,2.0,Avaliador-13,Avaliador-3,,7.9,8.1,7.52,8.5,8.5,8.5,,,9.84,5.0,Fase 1,-1,Ametista,,6.25,,
RA-989,Alfa,Alfa S - G2/G3,Aluno-989,2014,9,M,2023,Publica,2023,,,,,2.0,Avaliador-13,Avaliador-3,,9.5,8.1,2.52,8.3,8.7,7.8,,,10.01,5.0,Fase 1,-1,Ametista,,7.5,,
RA-677,Alfa,Alfa T - G2/G3,Aluno-677,2014,9,F,2021,Publica,2023,,Ametista,Topazio,8.358,2.0,Avaliador-13,Avaliador-3,,10.0,8.2,10.0,8.7,9.0,8.3,,,9.84,5.0,Fase 1,-1,Topazio,,6.875,,
RA-990,Alfa,Alfa T - G2/G3,Aluno-990,2014,9,M,2023,Publica,2023,,,,,2.0,Avaliador-13,Avaliador-3,,0.0,8.5,7.52,7.8,8.3,7.2,,,10.01,5.0,Fase 1,-1,Ametista,,7.5,,
RA-991,Alfa,Alfa T - G2/G3,Aluno-991,2014,9,F,2023,Publica,2023,,,,,2.0,Avaliador-13,Avaliador-3,,10.0,9.1,3.14,7.7,8.0,7.3,,,9.585,5.0,Fase 1,-1,Ametista,,6.875,,
RA-992,Alfa,Alfa T - G2/G3,Aluno-992,2012,10,M,2023,Publica,2023,,,,,2.0,Avaliador-13,Avaliador-3,,9.5,8.2,3.14,8.0,8.2,7.8,,,8.84,5.0,Fase 2,-2,Ametista,,5.0,,
RA-703,Alfa,Alfa T - G2/G3,Aluno-703,2012,11,M,2021,Publica,2023,,Quartzo,Agata,6.099,2.0,Avaliador-13,Avaliador-3,,9.5,8.4,3.14,4.6,4.8,4.3,,,6.16,5.0,Fase 2,-2,Agata,,6.875,,
RA-993,Alfa,Alfa T - G2/G3,Aluno-993,2015,8,F,2023,Publica,2023,,,,,2.0,Avaliador-13,Avaliador-3,,9.5,9.8,3.77,8.6,8.5,8.7,,,10.01,10.0,Alfa,0,Topazio,,7.5,,
RA-674,Alfa,Alfa T - G2/G3,Aluno-674,2014,9,M,2022,Publica,2023,,,Ametista,7.862,2.0,Avaliador-13,Avaliador-3,,7.9,8.5,3.77,5.2,5.3,5.0,,,8.67,5.0,Fase 1,-1,Agata,,5.0,,
RA-994,Alfa,Alfa T - G2/G3,Aluno-994,2014,8,F,2023,Publica,2023,,,,,2.0,Avaliador-13,Avaliador-3,,9.5,9.4,3.77,6.0,6.2,5.7,,,7.265,10.0,Alfa,0,Ametista,,5.625,,
RA-995,Alfa,Alfa T - G2/G3,Aluno-995,2012,11,F,2023,Publica,2023,,,,,2.0,Avaliador-13,Avaliador-3,,9.5,7.9,3.77,5.1,5.3,4.8,,,7.18,5.0,Fase 2,-2,Agata,,6.25,,
RA-996,Alfa,Alfa T - G2/G3,Aluno-996,2014,9,M,2023,Publica,2023,,,,,2.0,Avaliador-13,Avaliador-3,,10.0,9.2,3.77,8.6,8.7,8.5,,,10.01,5.0,Fase 1,-1,Topazio,,7.5,,
RA-997,Alfa,Alfa T - G2/G3,Aluno-997,2015,8,M,2023,Publica,2023,,,,,2.0,Avaliador-13,Avaliador-3,,7.5,8.7,3.77,7.1,7.2,7.0,,,8.595,10.0,Alfa,0,Ametista,,5.625,,
RA-998,Alfa,Alfa U - G2/G3,Aluno-998,2012,11,F,2023,Publica,2023,,,,,2.0,Avaliador-13,Avaliador-3,,9.5,9.3,3.77,7.9,8.0,7.7,,,9.84,5.0,Fase 2,-2,Ametista,,7.5,,
RA-999,Alfa,Alfa U - G2/G3,Aluno-999,2014,9,M,2023,Publica,2023,,,,,2.0,Avaliador-13,Avaliador-3,,9.0,9.4,3.77,8.3,8.3,8.3,,,9.84,5.0,Fase 1,-1,Topazio,,7.5,,
RA-750,Alfa,Alfa U - G2/G3,Aluno-750,2012,11,M,2019,Publica,2023,Agata,Agata,Agata,6.344,2.0,Avaliador-13,Avaliador-3,,9.5,7.7,3.14,3.4,3.3,3.5,,,6.32,5.0,Fase 2,-2,Quartzo,,4.375,,
RA-770,Alfa,Alfa U - G2/G3,Aluno-770,2015,8,M,2022,Publica,2023,,,Topazio,8.143,2.0,Avaliador-13,Avaliador-3,,0.0,8.3,3.77,5.9,6.0,5.7,,,8.92,10.0,Alfa,0,Agata,,6.875,,
RA-771,Alfa,Alfa U - G2/G3,Aluno-771,2015,7,F,2022,Publica,2023,,,Ametista,7.873,2.0,Avaliador-13,Avaliador-3,,0.0,8.8,3.14,8.2,8.2,8.2,,,8.585,10.0,Alfa,0,Ametista,,6.25,,
RA-1000,Alfa,Alfa U - G2/G3,Aluno-1000,2015,8,F,2023,Publica,2023,,,,,2.0,Avaliador-13,Avaliador-3,,8.5,9.4,3.77,7.0,7.0,7.0,,,8.92,10.0,Alfa,0,Ametista,,6.25,,
RA-830,Alfa,Alfa U - G2/G3,Aluno-830,2013,9,F,2022,Publica,2023,,,Ametista,7.234,2.0,Avaliador-13,Avaliador-3,,0.0,8.9,3.14,8.3,8.3,8.3,,,9.505,5.0,Fase 1,-1,Agata,,6.25,,
RA-1001,Alfa,Alfa U - G2/G3,Aluno-1001,2014,9,F,2023,Publica,2023,,,,,2.0,Avaliador-13,Avaliador-3,,9.0,9.1,7.52,7.8,8.3,7.3,,,9.17,5.0,Fase 1,-1,Topazio,,7.5,,
RA-1002,Alfa,Alfa U - G2/G3,Aluno-1002,2014,9,F,2023,Publica,2023,,,,,2.0,Avaliador-13,Avaliador-3,,9.0,9.7,7.52,7.0,7.0,7.0,,,8.92,5.0,Fase 1,-1,Ametista,,6.25,,
RA-1003,Alfa,Alfa V - G0/G1,Aluno-1003,2015,8,M,2023,Publica,2023,,,,,2.0,Avaliador-11,Avaliador-2,,9.0,8.5,7.52,4.0,8.0,0.0,,,8.75,10.0,Alfa,0,Ametista,,7.5,,
RA-835,Alfa,Alfa V - G0/G1,Aluno-835,2014,8,M,2022,Publica,2023,,,Ametista,7.263,2.0,Avaliador-11,Avaliador-2,,8.0,8.5,7.52,8.7,8.5,8.9,,,7.835,10.0,Alfa,0,Topazio,,6.875,,
RA-1004,Alfa,Alfa V - G0/G1,Aluno-1004,2014,8,F,2023,Publica,2023,,,,,2.0,Avaliador-11,Avaliador-2,,9.0,9.6,7.52,7.9,6.5,9.2,,,7.42,10.0,Alfa,0,Topazio,,6.875,,
RA-1005,Alfa,Alfa V - G0/G1,Aluno-1005,2015,8,M,2023,Publica,2023,,,,,2.0,Avaliador-11,Avaliador-2,,9.5,7.9,7.52,8.8,8.4,9.2,,,8.165,10.0,Alfa,0,Topazio,,7.5,,
RA-1006,Alfa,Alfa V - G0/G1,Aluno-1006,2015,8,F,2023,Publica,2023,,,,,2.0,Avaliador-11,Avaliador-2,,9.0,9.3,7.52,8.7,8.7,8.6,,,8.0,10.0,Alfa,0,Topazio,,7.5,,
RA-705,Alfa,Alfa V - G0/G1,Aluno-705,2012,10,M,2022,Publica,2023,,,Agata,6.634,2.0,Avaliador-11,Avaliador-2,,0.0,8.3,6.89,8.8,8.9,8.6,,,8.165,5.0,Fase 2,-2,Agata,,7.5,,
RA-1007,Alfa,Alfa V - G0/G1,Aluno-1007,2015,8,M,2023,Publica,2023,,,,,2.0,Avaliador-11,Avaliador-2,,9.0,7.4,7.52,8.3,8.1,8.5,,,7.68,10.0,Alfa,0,Topazio,,7.5,,
RA-1008,Alfa,Alfa V - G0/G1,Aluno-1008,2015,8,M,2023,Publica,2023,,,,,2.0,Avaliador-11,Avaliador-2,,9.0,8.6,7.52,8.4,7.5,9.2,,,7.5,10.0,Alfa,0,Topazio,,5.9375,,
RA-729,Alfa,Alfa V - G0/G1,Aluno-729,2014,9,F,2022,Publica,2023,,,Topazio,8.155,2.0,Avaliador-11,Avaliador-2,,8.0,9.1,3.77,8.6,8.2,8.9,,,7.01,5.0,Fase 1,-1,Ametista,,6.5625,,
RA-1009,Alfa,Alfa Y - G0/G1,Aluno-1009,2015,8,M,2023,Publica,2023,,,,,2.0,Avaliador-11,Avaliador-2,,0.0,9.0,3.77,8.8,8.3,9.2,,,7.84,10.0,Alfa,0,Ametista,,7.5,,
RA-1010,Alfa,Alfa Y - G0/G1,Aluno-1010,2015,8,M,2023,Publica,2023,,,,,2.0,Avaliador-11,Avaliador-2,,9.5,10.0,3.77,9.4,9.0,9.8,,,8.59,10.0,Alfa,0,Topazio,,7.8125,,
RA-1011,Alfa,Alfa Y - G0/G1,Aluno-1011,2015,7,M,2023,Publica,2023,,,,,2.0,Avaliador-11,Avaliador-2,,9.5,8.6,3.77,5.2,5.5,4.8,,,7.675,10.0,Alfa,0,Ametista,,7.1875,,
RA-1012,Alfa,Alfa Y - G0/G1,Aluno-1012,2015,8,F,2023,Publica,2023,,,,,2.0,Avaliador-11,Avaliador-2,,10.0,9.9,3.77,6.6,7.0,6.2,,,7.845,10.0,Alfa,0,Ametista,,7.1875,,
RA-1013,Alfa,Alfa Y - G0/G1,Aluno-1013,2015,7,M,2023,Publica,2023,,,,,2.0,Avaliador-11,Avaliador-2,,9.0,9.6,4.39,8.3,7.0,9.5,,,5.76,10.0,Alfa,0,Ametista,,5.625,,
RA-1014,Alfa,Alfa Y - G0/G1,Aluno-1014,2016,7,F,2023,Publica,2023,,,,,2.0,Avaliador-11,Avaliador-2,,9.0,9.7,3.77,8.2,7.7,8.7,,,8.255,10.0,Alfa,0,Topazio,,7.5,,
RA-1015,Fase 1,1A,Aluno-1015,2013,10,F,2023,Publica,2023,,,,,3.0,Avaliador-19,Avaliador-4,Avaliador-3,10.0,9.3,6.27,6.3,5.0,7.6,,,7.786666667,5.0,Fase 2,-1,Ametista,,7.34375,,
RA-734,Fase 1,1A,Aluno-734,2012,11,F,2022,Publica,2023,,,Agata,6.952,3.0,Avaliador-19,Avaliador-4,Avaliador-3,8.5,8.0,7.52,6.9,6.8,7.0,,,7.446666667,5.0,Fase 2,-1,Ametista,,7.34375,,
RA-687,Fase 1,1A,Aluno-687,2013,10,M,2022,Publica,2023,,,Ametista,7.703,3.0,Avaliador-19,Avaliador-4,Avaliador-3,8.0,9.0,7.52,6.9,6.7,7.0,,,8.226666667,5.0,Fase 2,-1,Ametista,,7.5,,
RA-1016,Fase 1,1A,Aluno-1016,2013,10,F,2023,Publica,2023,,,,,3.0,Avaliador-19,Avaliador-4,Avaliador-3,10.0,9.5,7.52,6.7,5.8,7.5,,,7.73,5.0,Fase 2,-1,Ametista,,7.34375,,
RA-1017,Fase 1,1A,Aluno-1017,2012,11,M,2023,Publica,2023,,,,,3.0,Avaliador-19,Avaliador-4,Avaliador-3,0.0,8.0,5.02,7.7,7.0,8.3,,,8.116666667,5.0,Fase 2,-1,Agata,,7.5,,
RA-688,Fase 1,1A,Aluno-688,2013,10,M,2022,Publica,2023,,,Ametista,7.771,3.0,Avaliador-19,Avaliador-4,Avaliador-3,8.5,9.3,7.52,8.6,8.2,9.0,,,8.06,5.0,Fase 2,-1,Topazio,,7.5,,
RA-1018,Fase 1,1A,Aluno-1018,2013,9,M,2023,Publica,2023,,,,,3.0,Avaliador-19,Avaliador-4,Avaliador-3,0.0,8.5,5.02,6.3,5.8,6.8,,,8.06,10.0,Fase 1,0,Agata,,7.5,,
RA-696,Fase 1,1A,Aluno-696,2013,9,F,2021,Publica,2023,,Ametista,Ametista,7.441,3.0,Avaliador-19,Avaliador-4,Avaliador-3,0.0,9.4,5.02,6.7,5.2,8.2,,,8.503333333,10.0,Fase 1,0,Ametista,,7.5,,
RA-1019,Fase 1,1A,Aluno-1019,2015,8,F,2023,Publica,2023,,,,,3.0,Avaliador-19,Avaliador-4,Avaliador-3,7.5,9.1,5.02,4.3,0.5,8.0,,,7.836666667,10.0,Alfa,1,Ametista,,6.875,,
RA-514,Fase 1,1A,Aluno-514,2013,10,F,2022,Publica,2023,,,Ametista,7.039,3.0,Avaliador-19,Avaliador-4,Avaliador-3,7.9,7.5,2.52,5.5,4.2,6.8,,,5.896666667,5.0,Fase 2,-1,Quartzo,,5.0,,
RA-1020,Fase 1,1A,Aluno-1020,2014,9,F,2023,Publica,2023,,,,,3.0,Avaliador-19,Avaliador-4,Avaliador-3,10.0,9.1,2.52,6.1,4.3,7.8,,,8.056666667,10.0,Fase 1,0,Ametista,,7.1875,,
RA-1021,Fase 1,1A,Aluno-1021,2014,9,M,2023,Publica,2023,,,,,3.0,Avaliador-19,Avaliador-4,Avaliador-3,8.0,9.2,3.77,3.3,2.5,4.0,,,7.893333333,10.0,Fase 1,0,Agata,,7.1875,,
RA-1022,Fase 1,1A,Aluno-1022,2014,9,M,2023,Publica,2023,,,,,3.0,Avaliador-19,Avaliador-4,Avaliador-3,8.5,8.5,3.77,4.7,4.7,4.7,,,7.893333333,10.0,Fase 1,0,Ametista,,7.1875,,
RA-1023,Fase 1,1A,Aluno-1023,2014,9,F,2023,Publica,2023,,,,,3.0,Avaliador-19,Avaliador-4,Avaliador-3,10.0,10.0,6.27,9.1,8.5,9.7,,,9.06,10.0,Fase 1,0,Topazio,,8.75,,
RA-699,Fase 1,1A,Aluno-699,2013,10,M,2022,Publica,2023,,,Agata,6.658,3.0,Avaliador-19,Avaliador-4,Avaliador-3,8.5,8.3,3.77,6.0,5.7,6.2,,,6.173333333,5.0,Fase 2,-1,Agata,,5.78125,,
RA-480,Fase 1,1B,Aluno-480,2012,11,F,2021,Publica,2023,,Ametista,Ametista,7.502,3.0,Avaliador-15,Avaliador-4,Avaliador-3,10.0,9.7,7.52,7.9,7.2,8.5,,,8.336666667,5.0,Fase 2,-1,Topazio,,7.96875,,
RA-678,Fase 1,1B,Aluno-678,2013,10,M,2022,Publica,2023,,,Ametista,8.0,3.0,Avaliador-15,Avaliador-4,Avaliador-3,8.0,8.8,6.27,7.3,6.8,7.7,,,8.336666667,5.0,Fase 2,-1,Ametista,,7.65625,,
RA-1024,Fase 1,1B,Aluno-1024,2013,10,F,2023,Publica,2023,,,,,3.0,Avaliador-15,Avaliador-4,Avaliador-3,0.0,10.0,6.27,9.8,10.0,9.5,,,8.95,5.0,Fase 2,-1,Ametista,,9.21875,,
RA-502,Fase 1,1B,Aluno-502,2014,9,F,2021,Bolsista,2023,,Topazio,Topazio,8.287,3.0,Avaliador-15,Avaliador-4,Avaliador-3,8.5,9.8,7.52,8.0,6.7,9.3,,,8.95,10.0,Fase 1,0,Topazio,,7.96875,,
RA-1025,Fase 1,1B,Aluno-1025,2013,9,M,2023,Publica,2023,,,,,3.0,Avaliador-15,Avaliador-4,Avaliador-3,8.5,8.9,7.52,7.5,7.5,7.5,,,7.836666667,10.0,Fase 1,0,Topazio,,7.65625,,
RA-680,Fase 1,1B,Aluno-680,2012,11,F,2019,Publica,2023,Ametista,Ametista,Ametista,7.518,3.0,Avaliador-15,Avaliador-4,Avaliador-3,0.0,9.1,7.52,6.4,5.2,7.5,,,7.78,5.0,Fase 2,-1,Agata,,6.875,,
RA-1026,Fase 1,1B,Aluno-1026,2009,14,F,2023,Publica,2023,,,,,3.0,Avaliador-15,Avaliador-4,Avaliador-3,8.5,9.8,7.52,3.2,2.3,4.0,,,7.06,2.5,Fase 4,-3,Agata,,6.40625,,
RA-698,Fase 1,1B,Aluno-698,2013,9,M,2021,Publica,2023,,Ametista,Ametista,7.44,3.0,Avaliador-15,Avaliador-4,Avaliador-3,8.5,9.9,2.52,5.7,4.3,7.0,,,8.113333333,10.0,Fase 1,0,Ametista,,7.1875,,
RA-533,Fase 1,1B,Aluno-533,2012,11,M,2022,Publica,2023,,,Agata,6.962,3.0,Avaliador-15,Avaliador-4,Avaliador-3,9.0,9.3,7.52,5.8,4.8,6.7,,,7.613333333,5.0,Fase 2,-1,Ametista,,7.5,,
RA-504,Fase 1,1B,Aluno-504,2013,9,F,2021,Publica,2023,,Topazio,Topazio,8.072,3.0,Avaliador-15,Avaliador-4,Avaliador-3,8.0,8.3,7.52,7.9,6.5,9.2,,,8.836666667,10.0,Fase 1,0,Topazio,,7.5,,
RA-1027,Fase 1,1B,Aluno-1027,2013,10,F,2023,Publica,2023,,,,,3.0,Avaliador-15,Avaliador-4,Avaliador-3,9.5,9.7,7.52,6.0,4.2,7.7,,,8.333333333,5.0,Fase 2,-1,Ametista,,7.5,,
RA-529,Fase 1,1B,Aluno-529,2010,13,M,2020,Publica,2023,Agata,Ametista,Agata,6.51,3.0,Avaliador-15,Avaliador-4,Avaliador-3,8.0,9.6,7.52,6.8,4.8,8.7,,,6.893333333,5.0,Fase 3,-2,Ametista,,5.78125,,
RA-1028,Fase 1,1B,Aluno-1028,2012,11,M,2023,Publica,2023,,,,,3.0,Avaliador-15,Avaliador-4,Avaliador-3,0.0,9.2,7.52,5.0,5.0,5.0,,,7.946666667,5.0,Fase 2,-1,Agata,,7.34375,,
RA-686,Fase 1,1C,Aluno-686,2013,10,F,2022,Publica,2023,,,Ametista,7.729,3.0,Avaliador-19,Avaliador-4,Avaliador-3,8.5,9.0,7.52,8.0,7.3,8.7,,,8.56,5.0,Fase 2,-1,Ametista,,7.5,,
RA-1029,Fase 1,1C,Aluno-1029,2014,9,F,2023,Publica,2023,,,,,3.0,Avaliador-19,Avaliador-4,Avaliador-3,10.0,6.3,3.77,5.4,3.5,7.2,,,8.006666667,10.0,Fase 1,0,Ametista,,7.5,,
RA-1030,Fase 1,1C,Aluno-1030,2012,11,M,2023,Publica,2023,,,,,3.0,Avaliador-19,Avaliador-4,Avaliador-3,8.5,9.7,3.77,6.9,6.2,7.5,,,8.39,5.0,Fase 2,-1,Ametista,,6.875,,
RA-522,Fase 1,1C,Aluno-522,2013,10,M,2021,Publica,2023,,Topazio,Topazio,8.306,3.0,Avaliador-19,Avaliador-4,Avaliador-3,7.5,9.2,7.52,8.3,8.3,8.2,,,8.45,5.0,Fase 2,-1,Ametista,,7.083333333,,
RA-501,Fase 1,1C,Aluno-501,2013,10,M,2021,Publica,2023,,Topazio,Ametista,7.794,3.0,Avaliador-19,Avaliador-4,Avaliador-3,7.0,8.4,7.52,8.9,9.2,8.5,,,9.396666667,5.0,Fase 2,-1,Topazio,,8.541666667,,
RA-692,Fase 1,1C,Aluno-692,2013,10,F,2021,Privada,2023,,Ametista,Ametista,7.569,3.0,Avaliador-19,Avaliador-4,Avaliador-3,7.4,7.7,7.52,4.6,2.8,6.3,,,7.39,5.0,Fase 2,-1,Agata,,6.666666667,,
RA-527,Fase 1,1C,Aluno-527,2013,10,F,2022,Publica,2023,,,Ametista,8.025,3.0,Avaliador-19,Avaliador-4,Avaliador-3,9.0,9.1,7.52,6.5,5.7,7.2,,,7.78,5.0,Fase 2,-1,Ametista,,7.5,,
RA-1031,Fase 1,1D,Aluno-1031,2013,10,M,2023,Publica,2023,,,,,3.0,Avaliador-19,Avaliador-4,Avaliador-3,8.0,8.8,7.52,5.9,4.8,7.0,,,7.006666667,5.0,Fase 2,-1,Ametista,,6.666666667,,
RA-1032,Fase 1,1D,Aluno-1032,2013,10,M,2023,Publica,2023,,,,,3.0,Avaliador-19,Avaliador-4,Avaliador-3,8.5,9.5,7.52,6.0,5.7,6.2,,,7.563333333,5.0,Fase 2,-1,Ametista,,7.291666667,,
RA-1033,Fase 1,1D,Aluno-1033,2012,11,F,2023,Publica,2023,,,,,3.0,Avaliador-19,Avaliador-4,Avaliador-3,9.0,8.9,7.52,7.9,7.0,8.8,,,9.006666667,5.0,Fase 2,-1,Topazio,,8.125,,
RA-1034,Fase 1,1D,Aluno-1034,2013,10,M,2023,Publica,2023,,,,,3.0,Avaliador-19,Avaliador-4,Avaliador-3,7.5,9.0,7.52,8.3,7.8,8.7,,,8.393333333,5.0,Fase 2,-1,Ametista,,8.333333333,,
RA-1035,Fase 1,1D,Aluno-1035,2014,9,M,2023,Publica,2023,,,,,3.0,Avaliador-19,Avaliador-4,Avaliador-3,0.0,8.3,7.52,5.8,4.0,7.5,,,7.78,10.0,Fase 1,0,Agata,,7.708333333,,
RA-730,Fase 1,1F,Aluno-730,2012,10,F,2021,Privada,2023,,Ametista,Ametista,7.902,3.0,Avaliador-15,Avaliador-5,Avaliador-2,10.0,8.7,5.02,7.8,7.8,7.7,,,8.67,5.0,Fase 2,-1,Ametista,,9.53125,,
RA-855,Fase 1,1F,Aluno-855,2013,9,F,2022,Publica,2023,,,Topazio,8.453,3.0,Avaliador-15,Avaliador-5,Avaliador-2,9.5,10.0,7.52,6.8,5.2,8.3,,,8.67,10.0,Fase 1,0,Topazio,,8.4375,,
RA-820,Fase 1,1F,Aluno-820,2013,10,M,2022,Publica,2023,,,Ametista,7.417,3.0,Avaliador-15,Avaliador-5,Avaliador-2,7.9,7.4,7.52,8.9,9.2,8.5,,,8.28,5.0,Fase 2,-1,Ametista,,9.0625,,
RA-738,Fase 1,1F,Aluno-738,2014,9,F,2022,Publica,2023,,,Ametista,7.227,3.0,Avaliador-15,Avaliador-5,Avaliador-2,8.0,9.3,7.52,6.0,4.2,7.8,,,8.336666667,10.0,Fase 1,0,Topazio,,8.4375,,
RA-1036,Fase 1,1F,Aluno-1036,2012,11,F,2023,Publica,2023,,,,,3.0,Avaliador-15,Avaliador-5,Avaliador-2,0.0,9.6,3.77,8.0,9.0,7.0,,,8.336666667,5.0,Fase 2,-1,Agata,,9.0625,,
RA-1037,Fase 1,1F,Aluno-1037,2012,10,M,2023,Publica,2023,,,,,3.0,Avaliador-15,Avaliador-5,Avaliador-2,9.0,8.4,7.52,6.7,5.0,8.3,,,8.17,5.0,Fase 2,-1,Ametista,,8.59375,,
RA-576,Fase 1,1F,Aluno-576,2012,11,F,2022,Publica,2023,,,Ametista,7.59,3.0,Avaliador-15,Avaliador-5,Avaliador-2,9.0,9.3,5.02,8.0,6.5,9.5,,,8.503333333,5.0,Fase 2,-1,Ametista,,9.21875,,
RA-1038,Fase 1,1F,Aluno-1038,2013,10,F,2023,Privada,2023,,,,,3.0,Avaliador-15,Avaliador-5,Avaliador-2,8.0,9.3,7.52,6.5,7.5,5.5,,,8.17,5.0,Fase 2,-1,Ametista,,8.90625,,
RA-1039,Fase 1,1F,Aluno-1039,2011,12,M,2023,Publica,2023,,,,,3.0,Avaliador-15,Avaliador-5,Avaliador-2,8.0,9.9,7.52,6.2,6.0,6.3,,,8.056666667,5.0,Fase 3,-2,Ametista,,8.125,,
RA-1040,Fase 1,1F,Aluno-1040,2011,11,M,2023,Publica,2023,,,,,3.0,Avaliador-15,Avaliador-5,Avaliador-2,10.0,9.3,7.52,6.6,5.8,7.3,,,8.06,5.0,Fase 2,-1,Ametista,,7.8125,,
RA-1041,Fase 1,1F,Aluno-1041,2013,10,F,2023,Publica,2023,,,,,3.0,Avaliador-15,Avaliador-5,Avaliador-2,10.0,7.2,7.52,3.3,1.8,4.7,,,8.003333333,5.0,Fase 2,-1,Agata,,7.8125,,
RA-733,Fase 1,1G,Aluno-733,2013,9,F,2022,Publica,2023,,,Agata,6.684,3.0,Avaliador-15,Avaliador-4,Avaliador-3,10.0,8.7,7.52,6.2,4.3,8.0,,,8.893333333,10.0,Fase 1,0,Topazio,,8.333333333,,
RA-837,Fase 1,1G,Aluno-837,2014,9,M,2022,Publica,2023,,,Topazio,8.207,3.0,Avaliador-15,Avaliador-4,Avaliador-3,9.0,9.3,7.52,7.0,6.3,7.7,,,7.836666667,10.0,Fase 1,0,Topazio,,7.916666667,,
RA-519,Fase 1,1G,Aluno-519,2013,10,M,2022,Publica,2023,,,Ametista,8.0,3.0,Avaliador-15,Avaliador-4,Avaliador-3,9.0,9.9,7.52,7.4,7.5,7.2,,,8.223333333,5.0,Fase 2,-1,Topazio,,7.708333333,,
RA-521,Fase 1,1G,Aluno-521,2013,10,M,2022,Publica,2023,,,Ametista,7.725,3.0,Avaliador-15,Avaliador-4,Avaliador-3,0.0,9.9,3.77,7.9,7.0,8.7,,,8.166666667,5.0,Fase 2,-1,Agata,,7.083333333,,
RA-1042,Fase 1,1G,Aluno-1042,2013,10,M,2023,Publica,2023,,,,,3.0,Avaliador-15,Avaliador-4,Avaliador-3,0.0,6.5,3.77,4.3,4.0,4.5,,,7.666666667,5.0,Fase 2,-1,Quartzo,,7.708333333,,
RA-713,Fase 1,1G,Aluno-713,2013,10,M,2021,Publica,2023,,Ametista,Ametista,7.42,3.0,Avaliador-15,Avaliador-4,Avaliador-3,8.0,9.6,3.77,7.5,6.7,8.2,,,8.166666667,5.0,Fase 2,-1,Ametista,,6.875,,
RA-736,Fase 1,1G,Aluno-736,2012,10,M,2022,Publica,2023,,,Agata,6.707,3.0,Avaliador-15,Avaliador-4,Avaliador-3,8.5,9.5,6.27,6.7,4.8,8.5,,,8.11,5.0,Fase 2,-1,Ametista,,7.708333333,,
RA-1043,Fase 1,1G,Aluno-1043,2013,10,M,2023,Publica,2023,,,,,3.0,Avaliador-15,Avaliador-4,Avaliador-3,10.0,7.9,6.27,2.5,2.0,3.0,,,7.833333333,5.0,Fase 2,-1,Agata,,7.708333333,,
RA-716,Fase 1,1G,Aluno-716,2013,10,M,2022,Publica,2023,,,Agata,6.525,3.0,Avaliador-15,Avaliador-4,Avaliador-3,9.0,8.7,3.77,5.6,5.0,6.2,,,7.443333333,5.0,Fase 2,-1,Agata,,6.875,,
RA-1044,Fase 1,1G,Aluno-1044,2013,10,F,2023,Publica,2023,,,,,3.0,Avaliador-15,Avaliador-4,Avaliador-3,8.0,9.7,7.52,6.1,4.5,7.7,,,8.336666667,5.0,Fase 2,-1,Ametista,,7.5,,
RA-745,Fase 1,1G,Aluno-745,2013,10,M,2021,Bolsista,2023,,Topazio,Ametista,7.382,3.0,Avaliador-15,Avaliador-4,Avaliador-3,9.5,9.3,3.77,7.0,5.7,8.2,,,8.893333333,5.0,Fase 2,-1,Ametista,,8.125,,
RA-717,Fase 1,1G,Aluno-717,2012,11,F,2021,Publica,2023,,Ametista,Agata,6.832,3.0,Avaliador-15,Avaliador-4,Avaliador-3,0.0,8.5,7.52,5.9,5.5,6.3,,,8.446666667,5.0,Fase 2,-1,Agata,,8.125,,
RA-718,Fase 1,1G,Aluno-718,2014,9,F,2022,Publica,2023,,,Topazio,8.093,3.0,Avaliador-15,Avaliador-4,Avaliador-3,9.5,9.1,3.77,7.8,6.3,9.2,,,8.39,10.0,Fase 1,0,Topazio,,7.916666667,,
RA-721,Fase 1,1G,Aluno-721,2014,9,F,2021,Publica,2023,,Topazio,Ametista,7.973,3.0,Avaliador-15,Avaliador-4,Avaliador-3,8.5,9.5,7.52,8.4,7.5,9.3,,,8.443333333,10.0,Fase 1,0,Topazio,,8.125,,
RA-746,Fase 1,1G,Aluno-746,2014,9,M,2022,Publica,2023,,,Ametista,7.656,3.0,Avaliador-15,Avaliador-4,Avaliador-3,0.0,8.0,3.77,7.2,6.0,8.3,,,7.113333333,10.0,Fase 1,0,Agata,,6.875,,
RA-1045,Fase 1,1H,Aluno-1045,2012,11,F,2023,Publica,2023,,,,,3.0,Avaliador-15,Avaliador-4,Avaliador-3,9.5,9.4,7.52,7.9,6.8,9.0,,,8.28,5.0,Fase 2,-1,Topazio,,7.708333333,,
RA-483,Fase 1,1H,Aluno-483,2011,12,F,2019,Publica,2023,Ametista,Agata,Quartzo,5.263,3.0,Avaliador-15,Avaliador-4,Avaliador-3,9.0,6.0,2.52,5.6,5.0,6.2,,,8.166666667,5.0,Fase 3,-2,Agata,,7.916666667,,
RA-1046,Fase 1,1H,Aluno-1046,2014,9,M,2023,Publica,2023,,,,,3.0,Avaliador-15,Avaliador-4,Avaliador-3,0.0,8.5,3.77,6.3,6.3,6.3,,,8.223333333,10.0,Fase 1,0,Agata,,8.541666667,,
RA-1047,Fase 1,1H,Aluno-1047,2014,9,M,2023,Publica,2023,,,,,3.0,Avaliador-15,Avaliador-4,Avaliador-3,10.0,8.5,3.77,6.9,5.8,8.0,,,7.893333333,10.0,Fase 1,0,Ametista,,8.125,,
RA-570,Fase 1,1H,Aluno-570,2012,11,F,2019,Publica,2023,Topazio,Agata,Quartzo,5.722,3.0,Avaliador-15,Avaliador-4,Avaliador-3,8.5,7.3,3.77,5.9,5.7,6.0,,,8.056666667,5.0,Fase 2,-1,Agata,,8.125,,
RA-1048,Fase 1,1H,Aluno-1048,2013,10,F,2023,Privada,2023,,,,,3.0,Avaliador-15,Avaliador-4,Avaliador-3,8.5,9.5,3.77,8.2,7.5,8.8,,,8.5,5.0,Fase 2,-1,Ametista,,8.541666667,,
RA-1049,Fase 1,1H,Aluno-1049,2013,10,M,2023,Publica,2023,,,,,3.0,Avaliador-15,Avaliador-4,Avaliador-3,10.0,7.7,7.52,6.3,5.5,7.0,,,7.943333333,5.0,Fase 2,-1,Ametista,,8.125,,
RA-1050,Fase 1,1H,Aluno-1050,2012,11,M,2023,Publica,2023,,,,,3.0,Avaliador-15,Avaliador-4,Avaliador-3,9.0,9.2,6.27,7.2,6.2,8.2,,,8.223333333,5.0,Fase 2,-1,Ametista,,8.125,,
RA-1051,Fase 1,1H,Aluno-1051,2014,9,F,2023,Publica,2023,,,,,3.0,Avaliador-15,Avaliador-4,Avaliador-3,8.5,8.9,6.27,8.4,7.0,9.8,,,8.613333333,10.0,Fase 1,0,Topazio,,8.75,,
RA-707,Fase 1,1H,Aluno-707,2012,11,F,2020,Publica,2023,Ametista,Agata,Ametista,7.679,3.0,Avaliador-15,Avaliador-4,Avaliador-3,0.0,9.8,3.77,6.5,5.5,7.5,,,7.946666667,5.0,Fase 2,-1,Agata,,7.916666667,,
RA-1052,Fase 1,1H,Aluno-1052,2014,9,M,2023,Publica,2023,,,,,3.0,Avaliador-15,Avaliador-4,Avaliador-3,0.0,9.0,7.52,5.3,5.0,5.5,,,7.833333333,10.0,Fase 1,0,Agata,,7.916666667,,
RA-580,Fase 1,1H,Aluno-580,2012,11,F,2020,Publica,2023,Topazio,Ametista,Ametista,7.525,3.0,Avaliador-15,Avaliador-4,Avaliador-3,8.5,9.8,7.52,9.0,8.7,9.3,,,8.67,5.0,Fase 2,-1,Topazio,,8.75,,
RA-581,Fase 1,1H,Aluno-581,2012,11,M,2019,Publica,2023,Ametista,Ametista,Agata,6.464,3.0,Avaliador-15,Avaliador-4,Avaliador-3,8.0,9.8,7.52,7.9,7.0,8.8,,,7.393333333,5.0,Fase 2,-1,Ametista,,6.458333333,,
RA-735,Fase 1,1J,Aluno-735,2012,11,F,2021,Publica,2023,,Ametista,Ametista,7.485,3.0,Avaliador-19,Avaliador-4,Avaliador-2,0.0,9.0,7.52,8.1,7.7,8.5,,,8.393333333,5.0,Fase 2,-1,Ametista,,8.333333333,,
RA-710,Fase 1,1J,Aluno-710,2012,11,M,2020,Publica,2023,Ametista,Ametista,Ametista,7.285,3.0,Avaliador-19,Avaliador-4,Avaliador-2,9.5,9.0,3.77,6.5,5.7,7.3,,,7.113333333,5.0,Fase 2,-1,Ametista,,7.083333333,,
RA-712,Fase 1,1J,Aluno-712,2011,12,M,2019,Publica,2023,Quartzo,Quartzo,Agata,6.026,3.0,Avaliador-19,Avaliador-4,Avaliador-2,9.5,5.6,3.14,6.7,5.5,7.8,,,6.836666667,5.0,Fase 3,-2,Agata,,7.5,,
RA-549,Fase 1,1J,Aluno-549,2012,11,M,2021,Publica,2023,,Ametista,Agata,6.301,3.0,Avaliador-19,Avaliador-4,Avaliador-2,9.5,8.1,5.02,6.4,5.5,7.2,,,7.5,5.0,Fase 2,-1,Ametista,,6.875,,
RA-679,Fase 1,1J,Aluno-679,2012,11,M,2020,Publica,2023,Ametista,Ametista,Ametista,7.172,3.0,Avaliador-19,Avaliador-4,Avaliador-2,7.5,7.5,5.02,3.6,2.0,5.2,,,7.393333333,5.0,Fase 2,-1,Agata,,6.875,,
RA-571,Fase 1,1J,Aluno-571,2011,12,F,2019,Privada,2023,Ametista,Ametista,Agata,6.589,3.0,Avaliador-19,Avaliador-4,Avaliador-2,9.0,7.9,3.77,5.0,3.8,6.2,,,7.616666667,5.0,Fase 3,-2,Agata,,7.291666667,,
RA-714,Fase 1,1J,Aluno-714,2011,12,M,2019,Publica,2023,Agata,Ametista,Agata,6.953,3.0,Avaliador-19,Avaliador-4,Avaliador-2,0.0,8.0,3.14,7.4,6.7,8.0,,,7.223333333,5.0,Fase 3,-2,Agata,,7.5,,
RA-737,Fase 1,1J,Aluno-737,2013,9,F,2022,Publica,2023,,,Ametista,8.058,3.0,Avaliador-19,Avaliador-4,Avaliador-2,9.5,7.8,7.52,7.5,7.0,8.0,,,7.783333333,10.0,Fase 1,0,Topazio,,7.291666667,,
RA-577,Fase 1,1J,Aluno-577,2012,11,F,2022,Publica,2023,,,Ametista,7.862,3.0,Avaliador-19,Avaliador-4,Avaliador-2,10.0,8.2,3.77,7.4,6.5,8.3,,,7.673333333,5.0,Fase 2,-1,Ametista,,6.875,,
RA-1053,Fase 1,1J,Aluno-1053,2014,9,M,2023,Publica,2023,,,,,3.0,Avaliador-19,Avaliador-4,Avaliador-2,0.0,9.1,6.27,8.6,7.8,9.3,,,8.616666667,10.0,Fase 1,0,Ametista,,8.958333333,,
RA-731,Fase 1,1J,Aluno-731,2012,11,F,2019,Publica,2023,Ametista,Agata,Ametista,7.151,3.0,Avaliador-19,Avaliador-4,Avaliador-2,8.5,7.6,3.14,6.8,6.2,7.3,,,7.45,5.0,Fase 2,-1,Agata,,7.5,,
RA-552,Fase 1,1J,Aluno-552,2011,12,M,2022,Publica,2023,,,Agata,6.625,3.0,Avaliador-19,Avaliador-4,Avaliador-2,0.0,5.6,3.14,6.4,6.5,6.2,,,6.89,5.0,Fase 3,-2,Quartzo,,6.666666667,,
RA-1054,Fase 1,1J,Aluno-1054,2010,12,M,2023,Publica,2023,,,,,3.0,Avaliador-19,Avaliador-4,Avaliador-2,8.5,8.6,7.52,6.6,5.0,8.2,,,7.836666667,5.0,Fase 3,-2,Ametista,,7.5,,
RA-1055,Fase 1,1J,Aluno-1055,2012,11,M,2023,Publica,2023,,,,,3.0,Avaliador-19,Avaliador-4,Avaliador-2,0.0,7.2,7.52,5.5,6.0,5.0,,,7.276666667,5.0,Fase 2,-1,Quartzo,,7.291666667,,
RA-597,Fase 1,1K,Aluno-597,2013,10,M,2022,Publica,2023,,,Topazio,8.265,3.0,Avaliador-15,Avaliador-5,Avaliador-2,10.0,9.6,7.52,8.5,7.8,9.2,,,8.56,5.0,Fase 2,-1,Topazio,,9.0625,,
RA-624,Fase 1,1K,Aluno-624,2012,11,M,2022,Publica,2023,,,Ametista,7.425,3.0,Avaliador-15,Avaliador-5,Avaliador-2,9.0,9.2,7.52,8.6,8.3,8.8,,,8.39,5.0,Fase 2,-1,Topazio,,8.90625,,
RA-776,Fase 1,1K,Aluno-776,2013,10,F,2022,Bolsista,2023,,,Quartzo,3.898,3.0,Avaliador-15,Avaliador-5,Avaliador-2,0.0,7.0,7.52,3.5,4.2,2.7,,,7.223333333,5.0,Fase 2,-1,Quartzo,,7.8125,,
RA-600,Fase 1,1K,Aluno-600,2013,10,F,2021,Publica,2023,,Ametista,Agata,7.011,3.0,Avaliador-15,Avaliador-5,Avaliador-2,8.5,8.4,7.52,7.2,6.5,7.8,,,8.056666667,5.0,Fase 2,-1,Ametista,,8.28125,,
RA-1056,Fase 1,1K,Aluno-1056,2014,9,M,2023,Publica,2023,,,,,3.0,Avaliador-15,Avaliador-5,Avaliador-2,8.5,9.6,7.52,8.1,7.8,8.3,,,8.113333333,10.0,Fase 1,0,Topazio,,7.96875,,
RA-791,Fase 1,1K,Aluno-791,2011,12,F,2022,Publica,2023,,,Ametista,7.507,3.0,Avaliador-15,Avaliador-5,Avaliador-2,0.0,8.1,7.52,5.3,6.0,4.5,,,7.723333333,5.0,Fase 3,-2,Agata,,7.8125,,
RA-601,Fase 1,1K,Aluno-601,2014,9,M,2021,Publica,2023,,Topazio,Ametista,7.713,3.0,Avaliador-15,Avaliador-5,Avaliador-2,9.0,10.0,7.52,8.7,8.0,9.3,,,8.336666667,10.0,Fase 1,0,Topazio,,9.0625,,
RA-762,Fase 1,1K,Aluno-762,2010,13,M,2022,Publica,2023,,,Ametista,7.28,3.0,Avaliador-15,Avaliador-5,Avaliador-2,10.0,9.1,3.14,5.8,6.2,5.3,,,7.67,5.0,Fase 3,-2,Ametista,,7.8125,,
RA-778,Fase 1,1K,Aluno-778,2013,10,F,2021,Publica,2023,,Topazio,Ametista,7.432,3.0,Avaliador-15,Avaliador-5,Avaliador-2,8.5,7.9,7.52,8.2,7.3,9.0,,,8.62,5.0,Fase 2,-1,Ametista,,8.90625,,
RA-628,Fase 1,1K,Aluno-628,2011,12,M,2022,Publica,2023,,,Ametista,7.577,3.0,Avaliador-15,Avaliador-5,Avaliador-2,9.5,8.9,7.52,9.4,9.0,9.7,,,8.45,5.0,Fase 3,-2,Topazio,,8.28125,,
RA-606,Fase 1,1K,Aluno-606,2012,10,M,2022,Publica,2023,,,Agata,6.127,3.0,Avaliador-15,Avaliador-5,Avaliador-2,8.5,8.5,7.52,6.0,4.7,7.2,,,8.223333333,5.0,Fase 2,-1,Ametista,,7.65625,,
RA-766,Fase 1,1K,Aluno-766,2012,11,F,2020,Publica,2023,Ametista,Ametista,Topazio,8.185,3.0,Avaliador-15,Avaliador-5,Avaliador-2,10.0,8.7,4.39,8.7,9.2,8.2,,,8.336666667,5.0,Fase 2,-1,Topazio,,9.21875,,
RA-607,Fase 1,1K,Aluno-607,2012,11,M,2022,Publica,2023,,,Agata,6.44,3.0,Avaliador-15,Avaliador-5,Avaliador-2,8.0,7.5,7.52,6.8,4.8,8.7,,,8.17,5.0,Fase 2,-1,Ametista,,7.96875,,
RA-608,Fase 1,1K,Aluno-608,2012,10,M,2022,Publica,2023,,,Ametista,7.216,3.0,Avaliador-15,Avaliador-5,Avaliador-2,10.0,7.5,7.52,6.2,6.0,6.3,,,8.113333333,5.0,Fase 2,-1,Ametista,,7.96875,,
RA-788,Fase 1,1K,Aluno-788,2014,9,M,2021,Publica,2023,,Topazio,Topazio,8.264,3.0,Avaliador-15,Avaliador-5,Avaliador-2,7.9,9.8,2.52,6.9,6.0,7.8,,,8.283333333,10.0,Fase 1,0,Ametista,,7.65625,,
RA-784,Fase 1,1L,Aluno-784,2013,10,F,2022,Publica,2023,,,Topazio,8.34,3.0,Avaliador-19,Avaliador-4,Avaliador-2,10.0,9.5,7.52,7.3,6.5,8.0,,,8.783333333,5.0,Fase 2,-1,Topazio,,8.125,,
RA-785,Fase 1,1L,Aluno-785,2013,10,F,2022,Publica,2023,,,Ametista,7.642,3.0,Avaliador-19,Avaliador-4,Avaliador-2,9.0,8.5,7.52,8.8,8.2,9.4,,,8.67,5.0,Fase 2,-1,Topazio,,7.916666667,,
RA-587,Fase 1,1L,Aluno-587,2012,11,M,2022,Publica,2023,,,Agata,6.632,3.0,Avaliador-19,Avaliador-4,Avaliador-2,8.5,7.0,7.52,2.7,2.2,3.2,,,6.72,5.0,Fase 2,-1,Agata,,6.458333333,,
RA-790,Fase 1,1L,Aluno-790,2011,12,M,2022,Publica,2023,,,Ametista,7.504,3.0,Avaliador-19,Avaliador-4,Avaliador-2,0.0,8.1,7.52,7.4,7.2,7.5,,,8.286666667,5.0,Fase 3,-2,Agata,,7.083333333,,
RA-663,Fase 1,1L,Aluno-663,2012,11,M,2022,Publica,2023,,,Agata,6.376,3.0,Avaliador-19,Avaliador-4,Avaliador-2,6.9,7.4,7.52,7.0,6.7,7.3,,,7.393333333,5.0,Fase 2,-1,Agata,,6.666666667,,
RA-664,Fase 1,1L,Aluno-664,2012,11,F,2022,Publica,2023,,,Ametista,7.277,3.0,Avaliador-19,Avaliador-4,Avaliador-2,9.0,9.6,7.52,8.0,8.0,8.0,,,8.116666667,5.0,Fase 2,-1,Topazio,,7.916666667,,
RA-761,Fase 1,1L,Aluno-761,2013,10,M,2022,Publica,2023,,,Topazio,8.06,3.0,Avaliador-19,Avaliador-4,Avaliador-2,9.0,9.7,7.52,8.4,8.7,8.0,,,8.12,5.0,Fase 2,-1,Topazio,,8.333333333,,
RA-1057,Fase 1,1L,Aluno-1057,2014,9,F,2023,Publica,2023,,,,,3.0,Avaliador-19,Avaliador-4,Avaliador-2,10.0,10.0,7.52,6.3,6.5,6.0,,,8.34,10.0,Fase 1,0,Topazio,,8.125,,
RA-629,Fase 1,1L,Aluno-629,2013,10,F,2022,Publica,2023,,,Topazio,8.11,3.0,Avaliador-19,Avaliador-4,Avaliador-2,10.0,9.4,7.52,7.5,7.0,8.0,,,7.95,5.0,Fase 2,-1,Topazio,,7.916666667,,
RA-832,Fase 1,1L,Aluno-832,2013,10,M,2022,Publica,2023,,,Topazio,8.179,3.0,Avaliador-19,Avaliador-4,Avaliador-2,10.0,9.5,7.52,8.5,9.2,7.7,,,8.283333333,5.0,Fase 2,-1,Topazio,,7.708333333,,
RA-594,Fase 1,1L,Aluno-594,2012,11,M,2022,Publica,2023,,,Ametista,7.392,3.0,Avaliador-19,Avaliador-4,Avaliador-2,8.5,7.1,6.27,5.8,6.2,5.3,,,7.336666667,5.0,Fase 2,-1,Agata,,6.875,,
RA-617,Fase 1,1L,Aluno-617,2011,11,F,2021,Publica,2023,,Ametista,Ametista,7.107,3.0,Avaliador-19,Avaliador-4,Avaliador-2,0.0,9.0,7.52,6.9,5.5,8.2,,,8.116666667,5.0,Fase 2,-1,Agata,,7.708333333,,
RA-767,Fase 1,1L,Aluno-767,2012,11,M,2021,Publica,2023,,Ametista,Ametista,7.511,3.0,Avaliador-19,Avaliador-4,Avaliador-2,10.0,8.3,7.52,6.3,6.5,6.0,,,7.446666667,5.0,Fase 2,-1,Ametista,,7.291666667,,
RA-1058,Fase 1,1L,Aluno-1058,2014,9,F,2023,Publica,2023,,,,,3.0,Avaliador-19,Avaliador-4,Avaliador-2,10.0,8.7,3.14,5.4,4.0,6.7,,,7.62,10.0,Fase 1,0,Ametista,,7.083333333,,
RA-747,Fase 1,1L,Aluno-747,2011,11,F,2022,Publica,2023,,,Ametista,7.676,3.0,Avaliador-19,Avaliador-4,Avaliador-2,10.0,8.0,3.14,3.1,1.2,5.0,,,6.94,5.0,Fase 2,-1,Agata,,6.041666667,,
RA-827,Fase 1,1M,Aluno-827,2012,11,F,2022,Publica,2023,,,Ametista,7.412,3.0,Avaliador-15,Avaliador-5,Avaliador-2,7.9,8.1,3.14,8.1,7.7,8.5,,,8.73,5.0,Fase 2,-1,Ametista,,8.28125,,
RA-1059,Fase 1,1M,Aluno-1059,2013,10,M,2023,Publica,2023,,,,,3.0,Avaliador-15,Avaliador-5,Avaliador-2,10.0,9.8,2.52,7.6,6.2,9.0,,,8.673333333,5.0,Fase 2,-1,Ametista,,7.96875,,
RA-612,Fase 1,1M,Aluno-612,2012,11,F,2021,Bolsista,2023,,Topazio,Ametista,7.594,3.0,Avaliador-15,Avaliador-5,Avaliador-2,9.0,9.7,3.77,9.7,9.3,10.0,,,9.286666667,5.0,Fase 2,-1,Topazio,,9.0625,,
RA-1060,Fase 1,1M,Aluno-1060,2012,10,M,2023,Publica,2023,,,,,3.0,Avaliador-15,Avaliador-5,Avaliador-2,9.0,8.6,3.14,5.7,4.3,7.0,,,8.673333333,5.0,Fase 2,-1,Ametista,,7.96875,,
RA-665,Fase 1,1M,Aluno-665,2011,11,F,2022,Publica,2023,,,Agata,6.996,3.0,Avaliador-15,Avaliador-5,Avaliador-2,9.5,4.9,2.52,5.2,5.0,5.3,,,8.226666667,5.0,Fase 2,-1,Agata,,8.28125,,
RA-829,Fase 1,1M,Aluno-829,2014,9,F,2022,Publica,2023,,,Ametista,8.003,3.0,Avaliador-15,Avaliador-5,Avaliador-2,9.0,9.4,3.14,8.4,7.5,9.2,,,9.23,10.0,Fase 1,0,Topazio,,9.21875,,
RA-1061,Fase 1,1M,Aluno-1061,2013,10,M,2023,Publica,2023,,,,,3.0,Avaliador-15,Avaliador-5,Avaliador-2,9.5,9.7,3.14,9.3,8.8,9.7,,,8.836666667,5.0,Fase 2,-1,Topazio,,8.75,,
RA-1062,Fase 1,1M,Aluno-1062,2014,9,M,2023,Publica,2023,,,,,3.0,Avaliador-15,Avaliador-5,Avaliador-2,7.4,7.7,3.77,6.2,4.8,7.5,,,8.503333333,10.0,Fase 1,0,Ametista,,8.59375,,
RA-615,Fase 1,1M,Aluno-615,2013,10,F,2020,Publica,2023,Topazio,Topazio,Topazio,8.086,3.0,Avaliador-15,Avaliador-5,Avaliador-2,10.0,9.7,3.14,7.6,6.8,8.3,,,8.616666667,5.0,Fase 2,-1,Ametista,,8.28125,,
RA-833,Fase 1,1M,Aluno-833,2013,10,M,2022,Publica,2023,,,Ametista,7.791,3.0,Avaliador-15,Avaliador-5,Avaliador-2,10.0,9.5,3.77,7.4,7.3,7.5,,,8.56,5.0,Fase 2,-1,Ametista,,8.4375,,
RA-630,Fase 1,1M,Aluno-630,2013,10,M,2022,Publica,2023,,,Topazio,8.064,3.0,Avaliador-15,Avaliador-5,Avaliador-2,9.0,8.6,3.77,5.7,4.2,7.2,,,8.673333333,5.0,Fase 2,-1,Ametista,,8.28125,,
RA-752,Fase 1,1N,Aluno-752,2011,11,F,2022,Publica,2023,,,Topazio,8.197,3.0,Avaliador-15,Avaliador-5,Avaliador-2,9.5,9.9,7.52,6.4,4.8,8.0,,,9.23,5.0,Fase 2,-1,Topazio,,7.65625,,
RA-777,Fase 1,1N,Aluno-777,2014,9,F,2022,Publica,2023,,,Ametista,7.096,3.0,Avaliador-15,Avaliador-5,Avaliador-2,0.0,9.3,7.52,6.3,5.3,7.3,,,8.84,10.0,Fase 1,0,Ametista,,8.28125,,
RA-1063,Fase 1,1N,Aluno-1063,2012,11,M,2023,Bolsista,2023,,,,,3.0,Avaliador-15,Avaliador-5,Avaliador-2,9.5,9.5,7.52,5.9,4.7,7.0,,,7.89,5.0,Fase 2,-1,Ametista,,6.40625,,
RA-764,Fase 1,1N,Aluno-764,2014,9,M,2022,Publica,2023,,,Ametista,8.004,3.0,Avaliador-15,Avaliador-5,Avaliador-2,0.0,9.2,7.52,7.8,6.0,9.5,,,8.56,10.0,Fase 1,0,Ametista,,8.28125,,
RA-1064,Fase 1,1N,Aluno-1064,2013,10,M,2023,Publica,2023,,,,,3.0,Avaliador-15,Avaliador-5,Avaliador-2,8.5,9.8,7.52,8.6,8.3,8.8,,,8.84,5.0,Fase 2,-1,Topazio,,9.375,,
RA-1065,Fase 1,1N,Aluno-1065,2013,10,F,2023,Publica,2023,,,,,3.0,Avaliador-15,Avaliador-5,Avaliador-2,8.5,9.6,7.52,7.0,7.7,6.3,,,8.84,5.0,Fase 2,-1,Topazio,,8.4375,,
RA-772,Fase 1,1N,Aluno-772,2011,12,M,2021,Publica,2023,,Quartzo,Agata,6.994,3.0,Avaliador-15,Avaliador-5,Avaliador-2,0.0,7.2,7.52,4.8,5.2,4.3,,,8.003333333,5.0,Fase 3,-2,Quartzo,,6.875,,
RA-781,Fase 1,1N,Aluno-781,2013,10,F,2021,Publica,2023,,Topazio,Ametista,7.786,3.0,Avaliador-15,Avaliador-5,Avaliador-2,7.5,9.8,7.52,7.9,7.0,8.8,,,9.116666667,5.0,Fase 2,-1,Topazio,,8.4375,,
RA-1066,Fase 1,1N,Aluno-1066,2013,10,F,2023,Publica,2023,,,,,3.0,Avaliador-15,Avaliador-5,Avaliador-2,8.5,6.6,7.52,6.2,4.2,8.2,,,8.783333333,5.0,Fase 2,-1,Ametista,,8.4375,,
RA-1067,Fase 1,1N,Aluno-1067,2013,10,M,2023,Publica,2023,,,,,3.0,Avaliador-15,Avaliador-5,Avaliador-2,0.0,7.9,7.52,5.4,4.5,6.3,,,9.006666667,5.0,Fase 2,-1,Agata,,8.28125,,
RA-834,Fase 1,1N,Aluno-834,2013,10,M,2022,Publica,2023,,,Topazio,8.136,3.0,Avaliador-15,Avaliador-5,Avaliador-2,9.0,9.9,6.27,9.2,9.0,9.3,,,9.283333333,5.0,Fase 2,-1,Topazio,,9.6875,,
RA-722,Fase 1,1N,Aluno-722,2013,10,F,2021,Publica,2023,,Topazio,Ametista,7.41,3.0,Avaliador-15,Avaliador-5,Avaliador-2,8.5,9.6,2.52,6.4,4.5,8.2,,,8.67,5.0,Fase 2,-1,Ametista,,8.125,,
RA-1068,Fase 1,1P,Aluno-1068,2013,10,M,2023,Publica,2023,,,,,3.0,Avaliador-15,Avaliador-5,Avaliador-2,8.5,9.3,6.89,9.0,8.3,9.7,,,9.283333333,5.0,Fase 2,-1,Topazio,,9.166666667,,
RA-796,Fase 1,1P,Aluno-796,2012,11,F,2022,Publica,2023,,,Ametista,7.232,3.0,Avaliador-15,Avaliador-5,Avaliador-2,9.0,9.8,6.27,5.5,5.0,6.0,,,8.336666667,5.0,Fase 2,-1,Ametista,,7.083333333,,
RA-1069,Fase 1,1P,Aluno-1069,2012,11,M,2023,Publica,2023,,,,,3.0,Avaliador-15,Avaliador-5,Avaliador-2,9.0,7.8,7.52,7.1,7.5,6.7,,,8.226666667,5.0,Fase 2,-1,Ametista,,8.125,,
RA-797,Fase 1,1P,Aluno-797,2012,11,M,2021,Publica,2023,,Agata,Ametista,7.217,3.0,Avaliador-15,Avaliador-5,Avaliador-2,8.5,8.6,7.52,7.5,7.0,8.0,,,7.233333333,5.0,Fase 2,-1,Ametista,,6.041666667,,
RA-647,Fase 1,1P,Aluno-647,2012,10,F,2022,Bolsista,2023,,,Agata,6.606,3.0,Avaliador-15,Avaliador-5,Avaliador-2,7.3,8.7,6.27,5.2,4.7,5.7,,,8.446666667,5.0,Fase 2,-1,Ametista,,7.708333333,,
RA-814,Fase 1,1P,Aluno-814,2013,10,M,2022,Publica,2023,,,Ametista,7.592,3.0,Avaliador-15,Avaliador-5,Avaliador-2,9.5,9.6,6.89,8.2,7.8,8.5,,,9.226666667,5.0,Fase 2,-1,Topazio,,8.333333333,,
RA-652,Fase 1,1P,Aluno-652,2013,10,F,2022,Publica,2023,,,Topazio,8.151,3.0,Avaliador-15,Avaliador-5,Avaliador-2,9.0,9.4,6.89,7.0,6.2,7.8,,,8.446666667,5.0,Fase 2,-1,Ametista,,8.125,,
RA-816,Fase 1,1P,Aluno-816,2013,10,F,2022,Publica,2023,,,Topazio,8.513,3.0,Avaliador-15,Avaliador-5,Avaliador-2,7.5,9.8,7.52,8.9,7.8,10.0,,,9.283333333,5.0,Fase 2,-1,Topazio,,9.583333333,,
RA-640,Fase 1,1P,Aluno-640,2011,12,F,2022,Publica,2023,,,Agata,6.73,3.0,Avaliador-15,Avaliador-5,Avaliador-2,0.0,7.3,7.52,4.9,4.0,5.8,,,8.446666667,5.0,Fase 3,-2,Agata,,7.291666667,,
RA-810,Fase 1,1P,Aluno-810,2014,9,M,2021,Publica,2023,,Ametista,Ametista,7.887,3.0,Avaliador-15,Avaliador-5,Avaliador-2,8.0,8.5,7.52,6.9,6.3,7.5,,,7.836666667,10.0,Fase 1,0,Ametista,,5.833333333,,
RA-643,Fase 1,1P,Aluno-643,2012,11,M,2022,Publica,2023,,,Agata,6.763,3.0,Avaliador-15,Avaliador-5,Avaliador-2,9.5,8.2,7.52,7.1,7.0,7.2,,,7.613333333,5.0,Fase 2,-1,Ametista,,6.041666667,,
RA-819,Fase 1,1P,Aluno-819,2014,9,M,2022,Publica,2023,,,Ametista,7.741,3.0,Avaliador-15,Avaliador-5,Avaliador-2,0.0,8.3,7.52,9.5,9.7,9.3,,,8.893333333,10.0,Fase 1,0,Ametista,,8.541666667,,
RA-1070,Fase 1,1P,Aluno-1070,2012,11,M,2023,Publica,2023,,,,,3.0,Avaliador-15,Avaliador-5,Avaliador-2,9.0,7.8,3.14,5.8,5.3,6.3,,,8.67,5.0,Fase 2,-1,Agata,,7.708333333,,
RA-813,Fase 1,1R,Aluno-813,2014,9,M,2022,Publica,2023,,,Ametista,7.093,3.0,Avaliador-15,Avaliador-5,Avaliador-2,9.5,8.4,7.52,3.9,2.3,5.5,,,8.06,10.0,Fase 1,0,Ametista,,8.125,,
RA-636,Fase 1,1R,Aluno-636,2012,11,M,2022,Publica,2023,,,Ametista,7.189,3.0,Avaliador-15,Avaliador-5,Avaliador-2,0.0,8.3,5.64,9.0,9.2,8.7,,,7.446666667,5.0,Fase 2,-1,Agata,,8.333333333,,
RA-798,Fase 1,1R,Aluno-798,2012,11,M,2022,Bolsista,2023,,,Ametista,7.049,3.0,Avaliador-15,Avaliador-5,Avaliador-2,9.0,8.1,7.52,6.1,4.3,7.8,,,6.95,5.0,Fase 2,-1,Ametista,,6.458333333,,
RA-799,Fase 1,1R,Aluno-799,2012,10,F,2022,Publica,2023,,,Ametista,7.676,3.0,Avaliador-15,Avaliador-5,Avaliador-2,9.5,9.6,5.64,8.3,7.8,8.8,,,8.17,5.0,Fase 2,-1,Topazio,,8.333333333,,
RA-815,Fase 1,1R,Aluno-815,2013,10,M,2022,Publica,2023,,,Agata,6.81,3.0,Avaliador-15,Avaliador-5,Avaliador-2,0.0,8.6,5.02,6.5,7.0,6.0,,,7.063333333,5.0,Fase 2,-1,Agata,,6.875,,
RA-637,Fase 1,1R,Aluno-637,2012,11,F,2021,Publica,2023,,Topazio,Ametista,7.039,3.0,Avaliador-15,Avaliador-5,Avaliador-2,8.0,9.5,7.52,8.5,8.7,8.2,,,8.17,5.0,Fase 2,-1,Topazio,,8.333333333,,
RA-638,Fase 1,1R,Aluno-638,2013,10,F,2020,Publica,2023,Topazio,Ametista,Ametista,7.059,3.0,Avaliador-15,Avaliador-5,Avaliador-2,9.0,9.4,7.52,6.5,6.8,6.2,,,7.946666667,5.0,Fase 2,-1,Ametista,,8.333333333,,
RA-801,Fase 1,1R,Aluno-801,2013,9,M,2022,Publica,2023,,,Agata,6.644,3.0,Avaliador-15,Avaliador-5,Avaliador-2,0.0,7.5,7.52,7.6,6.8,8.3,,,7.12,10.0,Fase 1,0,Agata,,6.875,,
RA-802,Fase 1,1R,Aluno-802,2013,10,M,2021,Publica,2023,,Ametista,Ametista,7.831,3.0,Avaliador-15,Avaliador-5,Avaliador-2,8.0,9.3,7.52,9.4,9.3,9.5,,,7.506666667,5.0,Fase 2,-1,Topazio,,8.333333333,,
RA-1071,Fase 1,1R,Aluno-1071,2012,11,M,2023,Publica,2023,,,,,3.0,Avaliador-15,Avaliador-5,Avaliador-2,9.0,8.6,7.52,3.5,1.7,5.3,,,6.396666667,5.0,Fase 2,-1,Agata,,5.625,,
RA-817,Fase 1,1R,Aluno-817,2014,9,F,2022,Publica,2023,,,Ametista,7.819,3.0,Avaliador-15,Avaliador-5,Avaliador-2,9.5,8.8,6.89,5.4,5.0,5.7,,,7.89,10.0,Fase 1,0,Ametista,,8.125,,
RA-818,Fase 1,1R,Aluno-818,2015,8,M,2022,Publica,2023,,,Ametista,7.483,3.0,Avaliador-15,Avaliador-5,Avaliador-2,10.0,8.4,7.52,6.2,5.5,6.8,,,7.613333333,10.0,Alfa,1,Ametista,,8.125,,
RA-804,Fase 1,1R,Aluno-804,2012,11,M,2022,Publica,2023,,,Agata,6.848,3.0,Avaliador-15,Avaliador-5,Avaliador-2,10.0,8.6,6.27,6.9,6.2,7.5,,,7.173333333,5.0,Fase 2,-1,Ametista,,5.833333333,,
RA-645,Fase 1,1R,Aluno-645,2012,11,F,2022,Publica,2023,,,Agata,6.086,3.0,Avaliador-15,Avaliador-5,Avaliador-2,9.0,8.5,6.27,7.3,6.5,8.0,,,8.116666667,5.0,Fase 2,-1,Ametista,,8.125,,
RA-479,Fase 2,2A,Aluno-479,2012,11,M,2020,Bolsista,2023,Topazio,Topazio,Topazio,8.465,3.0,Avaliador-15,Avaliador-5,Avaliador-2,9.0,10.0,2.52,9.7,9.3,10.0,,,9.6375,10.0,Fase 2,0,Topazio,,9.791666667,,
RA-493,Fase 2,2A,Aluno-493,2013,10,F,2020,Publica,2023,Topazio,Topazio,Topazio,8.306,3.0,Avaliador-15,Avaliador-5,Avaliador-2,9.5,9.6,2.52,6.0,4.7,7.2,,,8.84,10.0,Fase 2,0,Ametista,,8.541666667,,
RA-1072,Fase 2,2A,Aluno-1072,2011,11,M,2023,Publica,2023,,,,,3.0,Avaliador-15,Avaliador-5,Avaliador-2,9.0,8.6,5.0,6.7,5.2,8.2,,,8.7125,10.0,Fase 2,0,Topazio,,8.125,,
RA-536,Fase 2,2A,Aluno-536,2012,10,F,2020,Publica,2023,Topazio,Ametista,Ametista,7.106,3.0,Avaliador-15,Avaliador-5,Avaliador-2,8.0,9.3,2.52,5.9,5.0,6.8,,,9.17,10.0,Fase 2,0,Ametista,,8.333333333,,
RA-1073,Fase 2,2A,Aluno-1073,2011,12,F,2023,Publica,2023,,,,,3.0,Avaliador-15,Avaliador-5,Avaliador-2,0.0,8.8,2.52,6.2,4.8,7.5,,,9.045,5.0,Fase 3,-1,Agata,,8.333333333,,
RA-494,Fase 2,2A,Aluno-494,2011,12,F,2022,Privada,2023,,,Agata,6.407,3.0,Avaliador-15,Avaliador-5,Avaliador-2,6.9,9.0,2.52,6.8,6.3,7.3,,,8.71,5.0,Fase 3,-1,Ametista,,7.708333333,,
RA-496,Fase 2,2A,Aluno-496,2011,12,M,2018,Privada,2023,Quartzo,Quartzo,Agata,6.683,3.0,Avaliador-15,Avaliador-5,Avaliador-2,0.0,7.1,5.0,8.3,7.5,9.0,,,8.71,5.0,Fase 3,-1,Agata,,7.916666667,,
RA-497,Fase 2,2A,Aluno-497,2009,14,F,2016,Bolsista,2023,Quartzo,Quartzo,Agata,6.323,3.0,Avaliador-15,Avaliador-5,Avaliador-2,5.3,8.7,2.52,3.5,1.7,5.3,,,6.885,5.0,Fase 4,-2,Quartzo,,6.25,,
RA-1074,Fase 2,2A,Aluno-1074,2010,12,F,2023,Publica,2023,,,,,3.0,Avaliador-15,Avaliador-5,Avaliador-2,0.0,9.8,2.52,6.0,8.0,4.0,,,7.8775,5.0,Fase 3,-1,Agata,,7.083333333,,
RA-486,Fase 2,2A,Aluno-486,2012,11,F,2020,Privada,2023,Topazio,Topazio,Ametista,7.621,3.0,Avaliador-15,Avaliador-5,Avaliador-2,8.4,6.4,2.52,6.2,3.3,9.0,,,8.7525,10.0,Fase 2,0,Ametista,,7.5,,
RA-1075,Fase 2,2A,Aluno-1075,2010,12,F,2023,Publica,2023,,,,,3.0,Avaliador-15,Avaliador-5,Avaliador-2,0.0,9.6,5.0,5.5,5.0,6.0,,,9.0025,5.0,Fase 3,-1,Agata,,7.708333333,,
RA-578,Fase 2,2A,Aluno-578,2012,11,M,2019,Bolsista,2023,Ametista,Topazio,Topazio,8.814,3.0,Avaliador-15,Avaliador-5,Avaliador-2,9.0,10.0,2.52,9.7,9.8,9.5,,,9.7625,10.0,Fase 2,0,Topazio,,9.791666667,,
RA-513,Fase 2,2A,Aluno-513,2013,10,M,2021,Privada,2023,,Topazio,Topazio,8.229,3.0,Avaliador-15,Avaliador-5,Avaliador-2,9.5,9.7,2.52,7.5,7.2,7.8,,,9.0075,10.0,Fase 2,0,Topazio,,8.541666667,,
RA-487,Fase 2,2A,Aluno-487,2012,11,F,2019,Bolsista,2023,Topazio,Topazio,Topazio,8.417,3.0,Avaliador-15,Avaliador-5,Avaliador-2,8.5,9.9,5.0,9.5,9.2,9.7,,,9.26,10.0,Fase 2,0,Topazio,,9.166666667,,
RA-1076,Fase 2,2A,Aluno-1076,2011,12,F,2023,Publica,2023,,,,,3.0,Avaliador-15,Avaliador-5,Avaliador-2,9.0,9.7,2.52,8.5,9.0,8.0,,,8.8775,5.0,Fase 3,-1,Ametista,,8.333333333,,
RA-490,Fase 2,2A,Aluno-490,2012,11,F,2022,Privada,2023,,,Ametista,7.576,3.0,Avaliador-15,Avaliador-5,Avaliador-2,7.9,7.9,2.52,5.8,2.8,8.7,,,9.0075,10.0,Fase 2,0,Ametista,,8.541666667,,
RA-491,Fase 2,2A,Aluno-491,2011,11,M,2022,Publica,2023,,,Ametista,7.461,3.0,Avaliador-15,Avaliador-5,Avaliador-2,9.5,9.6,2.52,5.0,3.3,6.7,,,8.3375,10.0,Fase 2,0,Ametista,,7.708333333,,
RA-1077,Fase 2,2B,Aluno-1077,2012,11,M,2023,Publica,2023,,,,,3.0,Avaliador-15,Avaliador-5,Avaliador-2,0.0,9.7,2.52,7.3,6.8,7.8,,,8.4225,10.0,Fase 2,0,Ametista,,8.75,,
RA-484,Fase 2,2B,Aluno-484,2011,12,M,2022,Publica,2023,,,Agata,6.71,3.0,Avaliador-15,Avaliador-5,Avaliador-2,6.4,7.5,2.52,3.6,3.2,4.0,,,6.8,5.0,Fase 3,-1,Quartzo,,5.416666667,,
RA-508,Fase 2,2B,Aluno-508,2012,10,M,2022,Publica,2023,,,Agata,6.575,3.0,Avaliador-15,Avaliador-5,Avaliador-2,6.4,8.6,2.52,7.5,6.2,8.7,,,8.6725,10.0,Fase 2,0,Ametista,,8.333333333,,
RA-495,Fase 2,2B,Aluno-495,2011,12,M,2022,Privada,2023,,,Ametista,7.857,3.0,Avaliador-15,Avaliador-5,Avaliador-2,9.0,8.4,2.52,7.4,6.0,8.8,,,8.755,5.0,Fase 3,-1,Ametista,,8.541666667,,
RA-1078,Fase 2,2B,Aluno-1078,2009,14,M,2023,Publica,2023,,,,,3.0,Avaliador-15,Avaliador-5,Avaliador-2,5.3,6.8,2.52,6.4,4.3,8.5,,,8.2975,5.0,Fase 4,-2,Agata,,8.958333333,,
RA-340,Fase 2,2B,Aluno-340,2011,12,M,2017,Publica,2023,Ametista,Agata,Ametista,7.721,3.0,Avaliador-15,Avaliador-5,Avaliador-2,0.0,9.6,2.52,8.9,9.0,8.7,,,8.505,5.0,Fase 3,-1,Ametista,,9.166666667,,
RA-1079,Fase 2,2B,Aluno-1079,2010,12,M,2023,Publica,2023,,,,,3.0,Avaliador-15,Avaliador-5,Avaliador-2,9.0,8.1,2.52,7.6,7.3,7.8,,,7.13,5.0,Fase 3,-1,Agata,,7.083333333,,
RA-1080,Fase 2,2B,Aluno-1080,2011,12,M,2023,Publica,2023,,,,,3.0,Avaliador-15,Avaliador-5,Avaliador-2,7.9,10.0,5.0,1.5,0.0,3.0,,,8.13,5.0,Fase 3,-1,Agata,,8.541666667,,
RA-1081,Fase 2,2B,Aluno-1081,2009,14,F,2023,Publica,2023,,,,,3.0,Avaliador-15,Avaliador-5,Avaliador-2,10.0,10.0,2.52,6.5,8.0,5.0,,,8.59,5.0,Fase 4,-2,Ametista,,8.958333333,,
RA-1082,Fase 2,2B,Aluno-1082,2011,12,F,2023,Publica,2023,,,,,3.0,Avaliador-15,Avaliador-5,Avaliador-2,9.5,9.5,2.52,5.0,3.5,6.5,,,8.4225,5.0,Fase 3,-1,Ametista,,8.75,,
RA-1083,Fase 2,2B,Aluno-1083,2013,10,F,2023,Publica,2023,,,,,3.0,Avaliador-15,Avaliador-5,Avaliador-2,6.8,10.0,5.0,7.5,7.0,8.0,,,8.38,10.0,Fase 2,0,Topazio,,8.75,,
RA-531,Fase 2,2B,Aluno-531,2012,11,M,2022,Publica,2023,,,Ametista,8.057,3.0,Avaliador-15,Avaliador-5,Avaliador-2,9.5,10.0,2.52,7.7,6.3,9.0,,,8.59,10.0,Fase 2,0,Topazio,,8.75,,
RA-1084,Fase 2,2B,Aluno-1084,2012,11,F,2023,Publica,2023,,,,,3.0,Avaliador-15,Avaliador-5,Avaliador-2,8.4,10.0,2.52,6.8,5.0,8.5,,,8.38,10.0,Fase 2,0,Ametista,,8.75,,
RA-516,Fase 2,2B,Aluno-516,2013,10,M,2019,Bolsista,2023,Topazio,Topazio,Topazio,8.903,3.0,Avaliador-15,Avaliador-5,Avaliador-2,10.0,9.8,2.52,9.3,9.0,9.5,,,8.7175,10.0,Fase 2,0,Topazio,,8.75,,
RA-348,Fase 2,2B,Aluno-348,2010,13,M,2022,Publica,2023,,,Quartzo,5.864,3.0,Avaliador-15,Avaliador-5,Avaliador-2,10.0,8.7,2.52,4.4,2.0,6.7,,,8.0075,5.0,Fase 3,-1,Agata,,8.541666667,,
RA-1085,Fase 2,2C,Aluno-1085,2011,12,F,2023,Publica,2023,,,,,3.0,Avaliador-15,Avaliador-5,Avaliador-2,0.0,9.8,2.52,6.7,6.0,7.3,,,8.13,5.0,Fase 3,-1,Agata,,8.958333333,,
RA-1086,Fase 2,2C,Aluno-1086,2011,12,F,2023,Publica,2023,,,,,3.0,Avaliador-15,Avaliador-5,Avaliador-2,8.5,9.4,2.52,5.7,6.0,5.3,,,8.755,5.0,Fase 3,-1,Ametista,,8.75,,
RA-1087,Fase 2,2C,Aluno-1087,2011,12,F,2023,Publica,2023,,,,,3.0,Avaliador-15,Avaliador-5,Avaliador-2,10.0,9.5,2.52,5.4,3.7,7.0,,,8.0475,5.0,Fase 3,-1,Ametista,,8.75,,
RA-509,Fase 2,2C,Aluno-509,2010,12,F,2018,Publica,2023,Ametista,Agata,Ametista,7.808,3.0,Avaliador-15,Avaliador-5,Avaliador-2,8.5,8.1,2.52,8.6,8.2,9.0,,,8.84,5.0,Fase 3,-1,Ametista,,8.958333333,,
RA-499,Fase 2,2C,Aluno-499,2012,11,M,2020,Publica,2023,Agata,Ametista,Ametista,7.826,3.0,Avaliador-15,Avaliador-5,Avaliador-2,7.9,10.0,2.52,6.6,5.3,7.8,,,8.2975,10.0,Fase 2,0,Ametista,,8.75,,
RA-500,Fase 2,2C,Aluno-500,2012,11,F,2020,Publica,2023,Topazio,Topazio,Topazio,8.232,3.0,Avaliador-15,Avaliador-5,Avaliador-2,9.5,10.0,2.52,7.9,8.5,7.2,,,8.7975,10.0,Fase 2,0,Topazio,,8.958333333,,
RA-1088,Fase 2,2C,Aluno-1088,2010,13,M,2023,Publica,2023,,,,,3.0,Avaliador-15,Avaliador-5,Avaliador-2,9.5,9.8,2.52,6.8,6.0,7.5,,,7.9225,5.0,Fase 3,-1,Ametista,,8.75,,
RA-1089,Fase 2,2C,Aluno-1089,2012,11,F,2023,Publica,2023,,,,,3.0,Avaliador-15,Avaliador-5,Avaliador-2,9.0,9.5,2.52,7.0,6.0,8.0,,,8.3375,10.0,Fase 2,0,Ametista,,8.75,,
RA-1090,Fase 2,2C,Aluno-1090,2010,13,M,2023,Publica,2023,,,,,3.0,Avaliador-15,Avaliador-5,Avaliador-2,9.0,9.6,2.52,9.0,8.7,9.3,,,7.88,5.0,Fase 3,-1,Ametista,,8.958333333,,
RA-503,Fase 2,2C,Aluno-503,2012,11,M,2020,Publica,2023,Topazio,Topazio,Ametista,7.95,3.0,Avaliador-15,Avaliador-5,Avaliador-2,9.5,10.0,2.52,8.7,8.7,8.7,,,8.255,10.0,Fase 2,0,Topazio,,8.75,,
RA-1091,Fase 2,2C,Aluno-1091,2011,12,M,2023,Publica,2023,,,,,3.0,Avaliador-15,Avaliador-5,Avaliador-2,8.5,9.0,2.52,9.5,9.3,9.7,,,9.1725,5.0,Fase 3,-1,Topazio,,8.958333333,,
RA-1092,Fase 2,2C,Aluno-1092,2011,12,M,2023,Publica,2023,,,,,3.0,Avaliador-15,Avaliador-5,Avaliador-2,7.8,9.8,2.52,6.9,6.0,7.8,,,8.2975,5.0,Fase 3,-1,Ametista,,8.75,,
RA-1093,Fase 2,2C,Aluno-1093,2012,11,M,2023,Publica,2023,,,,,3.0,Avaliador-15,Avaliador-5,Avaliador-2,7.0,9.3,2.52,9.2,9.3,9.0,,,8.2975,10.0,Fase 2,0,Topazio,,8.958333333,,
RA-1094,Fase 2,2C,Aluno-1094,2011,11,F,2023,Publica,2023,,,,,3.0,Avaliador-15,Avaliador-5,Avaliador-2,7.8,9.5,2.52,8.5,7.8,9.2,,,8.3375,10.0,Fase 2,0,Topazio,,8.75,,
RA-1095,Fase 2,2C,Aluno-1095,2010,13,M,2023,Publica,2023,,,,,3.0,Avaliador-15,Avaliador-5,Avaliador-2,0.0,9.8,2.52,5.3,5.8,4.7,,,8.005,5.0,Fase 3,-1,Agata,,8.75,,
RA-324,Fase 2,2D,Aluno-324,2012,11,F,2022,Publica,2023,,,Topazio,8.27,3.0,Avaliador-15,Avaliador-5,Avaliador-2,5.8,9.0,2.52,8.4,8.0,8.7,,,7.5875,10.0,Fase 2,0,Ametista,,8.125,,
RA-350,Fase 2,2D,Aluno-350,2011,12,F,2022,Publica,2023,,,Topazio,8.206,3.0,Avaliador-15,Avaliador-5,Avaliador-2,10.0,9.7,2.52,9.0,8.8,9.2,,,7.92,5.0,Fase 3,-1,Ametista,,8.958333333,,
RA-517,Fase 2,2D,Aluno-517,2010,13,F,2017,Publica,2023,Ametista,Agata,Ametista,7.604,3.0,Avaliador-15,Avaliador-5,Avaliador-2,4.1,9.0,2.52,6.6,4.5,8.7,,,6.7125,5.0,Fase 3,-1,Agata,,6.875,,
RA-325,Fase 2,2D,Aluno-325,2012,11,M,2022,Publica,2023,,,Ametista,7.619,3.0,Avaliador-15,Avaliador-5,Avaliador-2,0.0,7.1,5.0,5.6,3.8,7.3,,,7.0025,10.0,Fase 2,0,Agata,,8.125,,
RA-518,Fase 2,2D,Aluno-518,2012,11,M,2022,Publica,2023,,,Ametista,7.661,3.0,Avaliador-15,Avaliador-5,Avaliador-2,8.5,8.5,5.0,6.7,5.5,7.8,,,6.9175,10.0,Fase 2,0,Ametista,,8.125,,
RA-530,Fase 2,2D,Aluno-530,2012,11,M,2019,Publica,2023,Topazio,Topazio,Topazio,8.338,3.0,Avaliador-15,Avaliador-5,Avaliador-2,10.0,8.8,5.0,5.7,5.8,5.5,,,7.46,10.0,Fase 2,0,Ametista,,7.708333333,,
RA-524,Fase 2,2D,Aluno-524,2011,12,M,2019,Publica,2023,Ametista,Ametista,Agata,6.947,3.0,Avaliador-15,Avaliador-5,Avaliador-2,6.4,9.2,2.52,8.9,9.0,8.8,,,7.42,5.0,Fase 3,-1,Ametista,,8.333333333,,
RA-1096,Fase 2,2D,Aluno-1096,2012,10,F,2023,Publica,2023,,,,,3.0,Avaliador-15,Avaliador-5,Avaliador-2,9.5,9.9,2.52,9.6,9.5,9.7,,,8.0875,10.0,Fase 2,0,Topazio,,8.958333333,,
RA-526,Fase 2,2D,Aluno-526,2010,13,M,2022,Publica,2023,,,Topazio,8.079,3.0,Avaliador-15,Avaliador-5,Avaliador-2,9.5,9.8,5.0,8.8,8.3,9.3,,,7.7525,5.0,Fase 3,-1,Topazio,,8.75,,
RA-528,Fase 2,2D,Aluno-528,2011,12,M,2021,Publica,2023,,Ametista,Quartzo,5.335,3.0,Avaliador-15,Avaliador-5,Avaliador-2,9.0,8.5,5.0,8.2,7.5,8.8,,,7.92,5.0,Fase 3,-1,Ametista,,8.75,,
RA-534,Fase 2,2D,Aluno-534,2010,13,M,2021,Publica,2023,,Ametista,Ametista,7.131,3.0,Avaliador-15,Avaliador-5,Avaliador-2,0.0,8.1,2.52,5.4,3.7,7.0,,,7.92,5.0,Fase 3,-1,Quartzo,,8.125,,
RA-1097,Fase 2,2D,Aluno-1097,2009,14,M,2023,Publica,2023,,,,,3.0,Avaliador-15,Avaliador-5,Avaliador-2,9.5,8.6,5.0,5.4,4.3,6.5,,,6.96,5.0,Fase 4,-2,Agata,,8.125,,
RA-1098,Fase 2,2D,Aluno-1098,2010,13,F,2023,Publica,2023,,,,,3.0,Avaliador-15,Avaliador-5,Avaliador-2,9.5,9.5,2.52,6.4,6.3,6.5,,,7.92,5.0,Fase 3,-1,Ametista,,8.125,,
RA-506,Fase 2,2D,Aluno-506,2010,13,M,2020,Publica,2023,Ametista,Agata,Ametista,7.132,3.0,Avaliador-15,Avaliador-5,Avaliador-2,9.5,8.1,5.0,8.5,7.3,9.7,,,7.92,5.0,Fase 3,-1,Ametista,,8.958333333,,
RA-1099,Fase 2,2F,Aluno-1099,2010,13,F,2023,Publica,2023,,,,,3.0,Avaliador-15,Avaliador-5,Avaliador-2,9.0,9.6,2.52,5.2,5.7,4.7,,,8.34,5.0,Fase 3,-1,Ametista,,8.333333333,,
RA-1100,Fase 2,2F,Aluno-1100,2012,11,M,2023,Publica,2023,,,,,3.0,Avaliador-15,Avaliador-5,Avaliador-2,10.0,9.2,5.0,7.1,6.3,7.8,,,8.283333333,10.0,Fase 2,0,Topazio,,8.541666667,,
RA-1101,Fase 2,2F,Aluno-1101,2013,10,M,2023,Publica,2023,,,,,3.0,Avaliador-15,Avaliador-5,Avaliador-2,0.0,7.2,5.0,5.3,4.2,6.3,,,8.116666667,10.0,Fase 2,0,Agata,,8.333333333,,
RA-1102,Fase 2,2F,Aluno-1102,2012,11,M,2023,Publica,2023,,,,,3.0,Avaliador-15,Avaliador-5,Avaliador-2,9.5,9.5,5.0,7.5,5.7,9.2,,,7.56,10.0,Fase 2,0,Topazio,,7.708333333,,
RA-363,Fase 2,2F,Aluno-363,2010,13,M,2022,Publica,2023,,,Agata,6.644,3.0,Avaliador-15,Avaliador-5,Avaliador-2,0.0,9.9,2.52,6.8,6.8,6.8,,,8.673333333,5.0,Fase 3,-1,Agata,,8.541666667,,
RA-1103,Fase 2,2F,Aluno-1103,2012,10,M,2023,Publica,2023,,,,,3.0,Avaliador-15,Avaliador-5,Avaliador-2,9.0,8.7,5.0,5.0,4.5,5.5,,,8.006666667,10.0,Fase 2,0,Ametista,,8.333333333,,
RA-539,Fase 2,2F,Aluno-539,2011,12,F,2022,Publica,2023,,,Ametista,7.665,3.0,Avaliador-15,Avaliador-5,Avaliador-2,9.5,8.6,2.52,8.5,7.2,9.7,,,8.84,5.0,Fase 3,-1,Ametista,,9.166666667,,
RA-540,Fase 2,2F,Aluno-540,2012,11,F,2019,Publica,2023,Topazio,Topazio,Ametista,7.303,3.0,Avaliador-15,Avaliador-5,Avaliador-2,8.5,8.8,5.0,7.1,6.5,7.7,,,8.95,10.0,Fase 2,0,Topazio,,8.958333333,,
RA-574,Fase 2,2F,Aluno-574,2012,11,M,2022,Publica,2023,,,Agata,6.86,3.0,Avaliador-15,Avaliador-5,Avaliador-2,6.9,8.2,5.0,8.1,7.7,8.5,,,8.173333333,10.0,Fase 2,0,Ametista,,7.916666667,,
RA-369,Fase 2,2F,Aluno-369,2011,12,M,2022,Publica,2023,,,Agata,6.973,3.0,Avaliador-15,Avaliador-5,Avaliador-2,10.0,4.1,5.0,4.0,5.0,3.0,,,7.726666667,5.0,Fase 3,-1,Agata,,8.541666667,,
RA-375,Fase 2,2F,Aluno-375,2011,12,M,2019,Publica,2023,Topazio,Topazio,Ametista,7.831,3.0,Avaliador-15,Avaliador-5,Avaliador-2,0.0,9.9,5.0,7.9,6.8,9.0,,,8.283333333,5.0,Fase 3,-1,Ametista,,8.541666667,,
RA-376,Fase 2,2F,Aluno-376,2010,13,F,2019,Publica,2023,Ametista,Agata,Agata,6.957,3.0,Avaliador-15,Avaliador-5,Avaliador-2,8.5,9.6,2.52,5.9,4.3,7.5,,,8.226666667,5.0,Fase 3,-1,Ametista,,7.916666667,,
RA-535,Fase 2,2G,Aluno-535,2012,11,F,2019,Publica,2023,Topazio,Ametista,Agata,6.953,3.0,Avaliador-15,Avaliador-5,Avaliador-2,9.0,9.4,5.0,5.6,4.7,6.5,,,8.95,10.0,Fase 2,0,Topazio,,8.125,,
RA-547,Fase 2,2G,Aluno-547,2011,12,F,2019,Publica,2023,Agata,Agata,Ametista,7.745,3.0,Avaliador-15,Avaliador-5,Avaliador-2,0.0,9.1,2.52,6.2,5.0,7.3,,,8.95,5.0,Fase 3,-1,Agata,,8.75,,
RA-548,Fase 2,2G,Aluno-548,2010,12,M,2019,Publica,2023,Ametista,Ametista,Ametista,7.292,3.0,Avaliador-15,Avaliador-5,Avaliador-2,9.0,9.1,2.52,7.4,6.2,8.5,,,8.283333333,5.0,Fase 3,-1,Ametista,,8.333333333,,
RA-538,Fase 2,2G,Aluno-538,2009,13,M,2022,Publica,2023,,,Agata,6.309,3.0,Avaliador-15,Avaliador-5,Avaliador-2,7.4,8.6,2.52,4.7,3.5,5.8,,,7.39,5.0,Fase 3,-1,Agata,,7.916666667,,
RA-365,Fase 2,2G,Aluno-365,2012,10,F,2022,Publica,2023,,,Topazio,8.063,3.0,Avaliador-15,Avaliador-5,Avaliador-2,10.0,9.9,2.52,8.7,8.2,9.2,,,8.953333333,10.0,Fase 2,0,Topazio,,8.958333333,,
RA-559,Fase 2,2G,Aluno-559,2011,12,M,2021,Publica,2023,,Ametista,Ametista,7.634,3.0,Avaliador-15,Avaliador-5,Avaliador-2,10.0,9.4,5.0,7.4,6.5,8.2,,,8.506666667,5.0,Fase 3,-1,Ametista,,8.958333333,,
RA-1104,Fase 2,2G,Aluno-1104,2010,13,F,2023,Publica,2023,,,,,3.0,Avaliador-15,Avaliador-5,Avaliador-2,5.7,10.0,2.52,6.4,5.5,7.3,,,9.063333333,5.0,Fase 3,-1,Ametista,,8.541666667,,
RA-563,Fase 2,2G,Aluno-563,2011,11,F,2020,Publica,2023,Topazio,Ametista,Topazio,8.22,3.0,Avaliador-15,Avaliador-5,Avaliador-2,6.4,9.7,2.52,6.2,6.0,6.3,,,8.726666667,10.0,Fase 2,0,Ametista,,8.75,,
RA-573,Fase 2,2G,Aluno-573,2011,12,M,2020,Publica,2023,Ametista,Topazio,Topazio,8.261,3.0,Avaliador-15,Avaliador-5,Avaliador-2,9.5,9.8,5.0,6.6,5.7,7.5,,,8.45,5.0,Fase 3,-1,Ametista,,8.541666667,,
RA-551,Fase 2,2G,Aluno-551,2010,12,F,2018,Publica,2023,Ametista,Ametista,Agata,6.853,3.0,Avaliador-15,Avaliador-5,Avaliador-2,10.0,8.6,2.52,5.4,4.5,6.2,,,8.393333333,5.0,Fase 3,-1,Ametista,,8.541666667,,
RA-566,Fase 2,2G,Aluno-566,2010,12,F,2022,Publica,2023,,,Ametista,7.729,3.0,Avaliador-15,Avaliador-5,Avaliador-2,9.0,8.8,2.52,8.4,8.8,8.0,,,8.673333333,5.0,Fase 3,-1,Ametista,,8.958333333,,
RA-555,Fase 2,2G,Aluno-555,2010,13,M,2019,Publica,2023,Ametista,Ametista,Quartzo,5.949,3.0,Avaliador-15,Avaliador-5,Avaliador-2,7.4,8.1,2.52,3.9,1.5,6.2,,,6.946666667,5.0,Fase 3,-1,Quartzo,,6.25,,
RA-373,Fase 2,2G,Aluno-373,2011,12,M,2022,Publica,2023,,,Ametista,7.503,3.0,Avaliador-15,Avaliador-5,Avaliador-2,0.0,9.7,2.52,8.4,7.7,9.0,,,7.84,5.0,Fase 3,-1,Agata,,8.75,,
RA-1105,Fase 2,2G,Aluno-1105,2010,13,F,2023,Publica,2023,,,,,3.0,Avaliador-15,Avaliador-5,Avaliador-2,0.0,9.0,2.52,6.0,5.0,7.0,,,8.673333333,5.0,Fase 3,-1,Agata,,8.125,,
RA-546,Fase 2,2H,Aluno-546,2011,12,F,2021,Publica,2023,,Quartzo,Agata,6.77,3.0,Avaliador-15,Avaliador-5,Avaliador-2,0.0,7.2,2.52,5.7,3.5,7.8,,,9.173333333,5.0,Fase 3,-1,Agata,,8.75,,
RA-557,Fase 2,2H,Aluno-557,2012,11,M,2019,Publica,2023,Ametista,Topazio,Topazio,8.334,3.0,Avaliador-15,Avaliador-5,Avaliador-2,10.0,8.2,5.0,8.9,8.0,9.7,,,9.62,10.0,Fase 2,0,Topazio,,9.375,,
RA-1106,Fase 2,2H,Aluno-1106,2011,12,M,2023,Publica,2023,,,,,3.0,Avaliador-15,Avaliador-5,Avaliador-2,8.5,9.3,5.0,5.1,5.2,5.0,,,8.003333333,5.0,Fase 3,-1,Ametista,,8.333333333,,
RA-558,Fase 2,2H,Aluno-558,2008,15,M,2022,Publica,2023,,,Quartzo,5.539,3.0,Avaliador-15,Avaliador-5,Avaliador-2,7.8,9.4,5.0,6.0,5.7,6.3,,,6.78,2.5,Fase 5,-3,Agata,,6.458333333,,
RA-560,Fase 2,2H,Aluno-560,2011,12,M,2020,Publica,2023,Agata,Quartzo,Quartzo,4.949,3.0,Avaliador-15,Avaliador-5,Avaliador-2,0.0,8.4,2.52,4.0,2.3,5.7,,,6.0,5.0,Fase 3,-1,Quartzo,,5.0,,
RA-1107,Fase 2,2H,Aluno-1107,2010,12,F,2023,Publica,2023,,,,,3.0,Avaliador-15,Avaliador-5,Avaliador-2,9.0,9.4,5.0,7.5,8.0,7.0,,,8.783333333,5.0,Fase 3,-1,Ametista,,8.958333333,,
RA-1108,Fase 2,2H,Aluno-1108,2010,12,M,2023,Publica,2023,,,,,3.0,Avaliador-15,Avaliador-5,Avaliador-2,0.0,9.3,5.0,4.7,3.7,5.7,,,8.283333333,5.0,Fase 3,-1,Agata,,8.541666667,,
RA-542,Fase 2,2H,Aluno-542,2011,12,F,2019,Publica,2023,Ametista,Agata,Ametista,7.221,3.0,Avaliador-15,Avaliador-5,Avaliador-2,9.5,9.7,5.0,6.3,5.2,7.3,,,9.006666667,5.0,Fase 3,-1,Ametista,,8.75,,
RA-543,Fase 2,2H,Aluno-543,2012,11,F,2022,Publica,2023,,,Ametista,7.05,3.0,Avaliador-15,Avaliador-5,Avaliador-2,7.8,9.8,2.52,6.5,5.5,7.5,,,9.006666667,10.0,Fase 2,0,Ametista,,8.75,,
RA-556,Fase 2,2H,Aluno-556,2011,12,F,2018,Publica,2023,Topazio,Ametista,Ametista,7.181,3.0,Avaliador-15,Avaliador-5,Avaliador-2,8.5,9.6,2.52,7.2,6.5,7.8,,,9.396666667,5.0,Fase 3,-1,Ametista,,9.166666667,,
RA-1109,Fase 2,2H,Aluno-1109,2009,14,M,2023,Publica,2023,,,,,3.0,Avaliador-15,Avaliador-5,Avaliador-2,10.0,6.4,5.0,3.4,3.5,3.3,,,7.836666667,5.0,Fase 4,-2,Agata,,7.5,,
RA-389,Fase 2,2H,Aluno-389,2011,12,M,2019,Publica,2023,Ametista,Agata,Ametista,7.184,3.0,Avaliador-15,Avaliador-5,Avaliador-2,0.0,8.2,2.52,8.2,6.8,9.5,,,8.95,5.0,Fase 3,-1,Agata,,8.75,,
RA-1110,Fase 2,2H,Aluno-1110,2011,12,F,2023,Publica,2023,,,,,3.0,Avaliador-15,Avaliador-5,Avaliador-2,4.6,9.2,5.0,6.8,6.5,7.0,,,8.73,5.0,Fase 3,-1,Ametista,,8.541666667,,
RA-568,Fase 2,2I,Aluno-568,2008,15,M,2018,Publica,2023,Ametista,Ametista,Ametista,7.306,3.0,Avaliador-15,Avaliador-5,Avaliador-2,7.0,7.9,5.0,7.6,8.5,6.7,,,8.01,2.5,Fase 5,-3,Agata,,8.125,,
RA-562,Fase 2,2I,Aluno-562,2011,12,F,2021,Publica,2023,,Ametista,Ametista,7.855,3.0,Avaliador-15,Avaliador-5,Avaliador-2,0.0,8.5,2.52,8.7,7.7,9.7,,,8.893333333,5.0,Fase 3,-1,Agata,,8.541666667,,
RA-1111,Fase 2,2I,Aluno-1111,2012,11,F,2023,Publica,2023,,,,,3.0,Avaliador-15,Avaliador-5,Avaliador-2,0.0,8.9,2.52,5.4,4.8,6.0,,,8.173333333,10.0,Fase 2,0,Agata,,8.125,,
RA-1112,Fase 2,2I,Aluno-1112,2011,12,M,2023,Publica,2023,,,,,3.0,Avaliador-15,Avaliador-5,Avaliador-2,9.5,7.9,2.52,6.3,5.2,7.3,,,8.616666667,5.0,Fase 3,-1,Ametista,,8.333333333,,
RA-525,Fase 2,2I,Aluno-525,2011,12,F,2021,Publica,2023,,Agata,Ametista,8.013,3.0,Avaliador-15,Avaliador-5,Avaliador-2,8.0,8.6,2.52,9.2,8.8,9.5,,,9.566666667,5.0,Fase 3,-1,Ametista,,8.958333333,,
RA-357,Fase 2,2I,Aluno-357,2010,13,M,2022,Publica,2023,,,Ametista,7.836,3.0,Avaliador-15,Avaliador-5,Avaliador-2,8.5,9.6,7.52,8.7,8.7,8.7,,,8.23,5.0,Fase 3,-1,Topazio,,8.75,,
RA-583,Fase 2,2I,Aluno-583,2010,13,F,2019,Publica,2023,Ametista,Ametista,Ametista,7.456,3.0,Avaliador-15,Avaliador-5,Avaliador-2,9.0,9.4,7.52,6.3,5.5,7.0,,,8.616666667,5.0,Fase 3,-1,Ametista,,8.333333333,,
RA-584,Fase 2,2I,Aluno-584,2012,11,F,2019,Publica,2023,Topazio,Ametista,Agata,6.714,3.0,Avaliador-15,Avaliador-5,Avaliador-2,9.5,9.0,2.52,5.8,5.0,6.5,,,8.56,10.0,Fase 2,0,Ametista,,8.333333333,,
RA-586,Fase 2,2K,Aluno-586,2012,10,F,2021,Bolsista,2023,,Topazio,Ametista,7.988,3.0,Avaliador-15,Avaliador-5,Avaliador-2,8.0,10.0,2.52,8.4,7.5,9.2,,,9.343333333,10.0,Fase 2,0,Topazio,,8.333333333,,
RA-1113,Fase 2,2K,Aluno-1113,2011,12,M,2023,Publica,2023,,,,,3.0,Avaliador-15,Avaliador-5,Avaliador-2,0.0,6.0,7.52,5.0,5.0,5.0,,,7.173333333,5.0,Fase 3,-1,Quartzo,,7.5,,
RA-413,Fase 2,2K,Aluno-413,2010,13,F,2022,Publica,2023,,,Agata,6.408,3.0,Avaliador-15,Avaliador-5,Avaliador-2,7.9,8.9,2.52,6.3,5.8,6.7,,,7.503333333,5.0,Fase 3,-1,Agata,,7.291666667,,
RA-599,Fase 2,2K,Aluno-599,2012,10,M,2022,Publica,2023,,,Topazio,8.2,3.0,Avaliador-15,Avaliador-5,Avaliador-2,10.0,9.5,2.52,8.5,8.2,8.7,,,9.286666667,10.0,Fase 2,0,Topazio,,8.333333333,,
RA-1114,Fase 2,2K,Aluno-1114,2011,11,F,2023,Publica,2023,,,,,3.0,Avaliador-15,Avaliador-5,Avaliador-2,8.5,9.8,2.52,4.9,4.3,5.5,,,8.56,10.0,Fase 2,0,Ametista,,8.125,,
RA-401,Fase 2,2K,Aluno-401,2010,12,F,2021,Publica,2023,,Quartzo,Agata,6.645,3.0,Avaliador-15,Avaliador-5,Avaliador-2,4.0,8.1,2.52,7.3,6.3,8.3,,,7.116666667,5.0,Fase 3,-1,Agata,,7.083333333,,
RA-1115,Fase 2,2K,Aluno-1115,2012,11,F,2023,Publica,2023,,,,,3.0,Avaliador-15,Avaliador-5,Avaliador-2,0.0,8.3,7.52,4.0,6.0,2.0,,,7.56,10.0,Fase 2,0,Agata,,7.5,,
RA-1116,Fase 2,2K,Aluno-1116,2009,13,M,2023,Publica,2023,,,,,3.0,Avaliador-15,Avaliador-5,Avaliador-2,9.5,9.2,5.0,4.9,3.8,6.0,,,7.39,5.0,Fase 3,-1,Agata,,7.083333333,,
RA-604,Fase 2,2K,Aluno-604,2012,11,F,2021,Publica,2023,,Ametista,Ametista,8.018,3.0,Avaliador-15,Avaliador-5,Avaliador-2,9.0,9.3,7.52,7.5,6.0,9.0,,,8.616666667,10.0,Fase 2,0,Topazio,,8.125,,
RA-605,Fase 2,2K,Aluno-605,2010,12,F,2021,Publica,2023,,Ametista,Ametista,7.276,3.0,Avaliador-15,Avaliador-5,Avaliador-2,9.0,9.5,7.52,6.8,4.8,8.8,,,7.84,5.0,Fase 3,-1,Ametista,,7.291666667,,
RA-668,Fase 2,2K,Aluno-668,2011,12,M,2022,Publica,2023,,,Quartzo,4.365,3.0,Avaliador-15,Avaliador-5,Avaliador-2,6.3,6.3,7.52,3.4,2.7,4.0,,,7.616666667,5.0,Fase 3,-1,Agata,,6.875,,
RA-1117,Fase 2,2K,Aluno-1117,2012,11,F,2023,Publica,2023,,,,,3.0,Avaliador-15,Avaliador-5,Avaliador-2,9.0,9.6,7.52,7.3,6.0,8.5,,,7.946666667,10.0,Fase 2,0,Topazio,,7.708333333,,
RA-1118,Fase 2,2K,Aluno-1118,2010,12,F,2023,Publica,2023,,,,,3.0,Avaliador-15,Avaliador-5,Avaliador-2,5.3,8.8,7.52,6.0,4.8,7.2,,,8.28,5.0,Fase 3,-1,Ametista,,7.708333333,,
RA-610,Fase 2,2K,Aluno-610,2013,10,F,2022,Publica,2023,,,Topazio,8.18,3.0,Avaliador-15,Avaliador-5,Avaliador-2,10.0,10.0,2.52,7.0,6.3,7.7,,,8.896666667,10.0,Fase 2,0,Topazio,,8.541666667,,
RA-409,Fase 2,2K,Aluno-409,2011,12,F,2022,Publica,2023,,,Topazio,8.15,3.0,Avaliador-15,Avaliador-5,Avaliador-2,8.4,9.5,2.52,8.0,6.2,9.7,,,8.73,5.0,Fase 3,-1,Ametista,,7.916666667,,
RA-466,Fase 2,2L,Aluno-466,2009,14,M,2022,Publica,2023,,,Agata,6.826,3.0,Avaliador-32,Avaliador-5,Avaliador-2,9.5,7.6,6.89,4.5,2.5,6.5,,,7.056666667,5.0,Fase 4,-2,Agata,,6.25,,
RA-760,Fase 2,2L,Aluno-760,2011,12,M,2021,Publica,2023,,Ametista,Topazio,8.172,3.0,Avaliador-32,Avaliador-5,Avaliador-2,0.0,8.8,7.52,6.3,5.8,6.8,,,7.84,5.0,Fase 3,-1,Agata,,7.083333333,,
RA-404,Fase 2,2L,Aluno-404,2010,13,F,2020,Publica,2023,Ametista,Agata,Agata,6.658,3.0,Avaliador-32,Avaliador-5,Avaliador-2,7.9,8.3,5.02,6.0,4.7,7.2,,,6.89,5.0,Fase 3,-1,Agata,,6.875,,
RA-590,Fase 2,2L,Aluno-590,2012,11,F,2020,Privada,2023,Ametista,Agata,Ametista,7.435,3.0,Avaliador-32,Avaliador-5,Avaliador-2,6.3,9.7,3.77,6.5,5.7,7.3,,,8.34,10.0,Fase 2,0,Ametista,,7.291666667,,
RA-469,Fase 2,2L,Aluno-469,2011,12,F,2022,Publica,2023,,,Ametista,7.624,3.0,Avaliador-32,Avaliador-5,Avaliador-2,7.5,9.3,2.52,7.8,6.8,8.8,,,8.843333333,5.0,Fase 3,-1,Ametista,,7.916666667,,
RA-1119,Fase 2,2L,Aluno-1119,2010,13,F,2023,Publica,2023,,,,,3.0,Avaliador-32,Avaliador-5,Avaliador-2,7.3,9.7,3.77,5.9,3.0,8.8,,,8.453333333,5.0,Fase 3,-1,Ametista,,7.708333333,,
RA-1120,Fase 2,2L,Aluno-1120,2012,11,F,2023,Publica,2023,,,,,3.0,Avaliador-32,Avaliador-5,Avaliador-2,9.5,9.6,7.52,8.3,7.3,9.2,,,9.676666667,10.0,Fase 2,0,Topazio,,8.958333333,,
RA-472,Fase 2,2L,Aluno-472,2010,13,F,2022,Publica,2023,,,Quartzo,5.93,3.0,Avaliador-32,Avaliador-5,Avaliador-2,5.1,7.1,7.52,5.5,3.7,7.2,,,8.223333333,5.0,Fase 3,-1,Agata,,7.708333333,,
RA-1121,Fase 2,2L,Aluno-1121,2012,11,M,2023,Publica,2023,,,,,3.0,Avaliador-32,Avaliador-5,Avaliador-2,0.0,9.9,6.26,8.0,6.5,9.5,,,9.84,10.0,Fase 2,0,Topazio,,8.75,,
RA-1122,Fase 2,2L,Aluno-1122,2012,11,M,2023,Publica,2023,,,,,3.0,Avaliador-32,Avaliador-5,Avaliador-2,0.0,9.3,6.89,6.9,5.2,8.5,,,8.616666667,10.0,Fase 2,0,Ametista,,7.291666667,,
RA-438,Fase 2,2L,Aluno-438,2012,11,M,2022,Publica,2023,,,Ametista,7.764,3.0,Avaliador-32,Avaliador-5,Avaliador-2,6.9,7.5,6.26,5.4,3.5,7.3,,,7.223333333,10.0,Fase 2,0,Agata,,6.458333333,,
RA-408,Fase 2,2L,Aluno-408,2010,13,F,2022,Publica,2023,,,Agata,6.725,3.0,Avaliador-32,Avaliador-5,Avaliador-2,7.9,8.5,3.77,6.8,6.0,7.5,,,8.45,5.0,Fase 3,-1,Ametista,,8.333333333,,
RA-1123,Fase 2,2L,Aluno-1123,2010,12,M,2023,Publica,2023,,,,,3.0,Avaliador-32,Avaliador-5,Avaliador-2,7.3,8.9,7.52,5.3,3.8,6.8,,,7.113333333,5.0,Fase 3,-1,Agata,,7.083333333,,
RA-1124,Fase 2,2M,Aluno-1124,2009,14,F,2023,Publica,2023,,,,,3.0,Avaliador-15,Avaliador-5,Avaliador-2,9.5,8.0,7.52,3.0,1.0,5.0,,,7.786666667,5.0,Fase 4,-2,Agata,,7.083333333,,
RA-623,Fase 2,2M,Aluno-623,2009,14,M,2022,Publica,2023,,,Ametista,7.524,3.0,Avaliador-15,Avaliador-5,Avaliador-2,10.0,9.5,7.52,7.3,5.8,8.8,,,7.446666667,5.0,Fase 4,-2,Ametista,,7.291666667,,
RA-661,Fase 2,2M,Aluno-661,2011,11,M,2022,Publica,2023,,,Ametista,7.593,3.0,Avaliador-15,Avaliador-5,Avaliador-2,0.0,7.7,6.89,6.5,4.3,8.7,,,7.836666667,10.0,Fase 2,0,Agata,,7.5,,
RA-626,Fase 2,2M,Aluno-626,2011,12,M,2021,Publica,2023,,Agata,Quartzo,5.818,3.0,Avaliador-15,Avaliador-5,Avaliador-2,9.0,9.2,4.39,6.5,4.7,8.3,,,7.613333333,5.0,Fase 3,-1,Ametista,,7.291666667,,
RA-433,Fase 2,2M,Aluno-433,2010,13,M,2022,Publica,2023,,,Quartzo,5.557,3.0,Avaliador-15,Avaliador-5,Avaliador-2,8.5,7.2,7.52,4.8,1.8,7.7,,,7.613333333,5.0,Fase 3,-1,Agata,,5.833333333,,
RA-614,Fase 2,2M,Aluno-614,2010,13,M,2021,Publica,2023,,Topazio,Topazio,8.339,3.0,Avaliador-15,Avaliador-5,Avaliador-2,9.0,9.1,7.52,8.6,8.8,8.3,,,8.563333333,5.0,Fase 3,-1,Topazio,,8.333333333,,
RA-434,Fase 2,2M,Aluno-434,2011,12,M,2022,Publica,2023,,,Ametista,7.403,3.0,Avaliador-15,Avaliador-5,Avaliador-2,6.3,8.0,7.52,6.6,5.2,8.0,,,7.613333333,5.0,Fase 3,-1,Ametista,,7.5,,
RA-603,Fase 2,2M,Aluno-603,2011,11,M,2022,Publica,2023,,,Ametista,7.78,3.0,Avaliador-15,Avaliador-5,Avaliador-2,0.0,8.9,2.52,7.0,5.7,8.2,,,7.78,10.0,Fase 2,0,Agata,,7.708333333,,
RA-436,Fase 2,2M,Aluno-436,2011,12,M,2022,Publica,2023,,,Agata,6.687,3.0,Avaliador-15,Avaliador-5,Avaliador-2,7.5,4.7,2.52,3.4,3.7,3.0,,,7.613333333,5.0,Fase 3,-1,Quartzo,,6.875,,
RA-616,Fase 2,2M,Aluno-616,2010,13,M,2019,Publica,2023,Agata,Ametista,Ametista,7.303,3.0,Avaliador-15,Avaliador-5,Avaliador-2,0.0,6.6,5.02,6.8,5.5,8.0,,,6.783333333,5.0,Fase 3,-1,Quartzo,,5.833333333,,
RA-437,Fase 2,2M,Aluno-437,2009,14,M,2022,Publica,2023,,,Agata,6.875,3.0,Avaliador-15,Avaliador-5,Avaliador-2,8.0,8.4,7.52,4.7,2.5,6.8,,,7.78,5.0,Fase 4,-2,Agata,,7.291666667,,
RA-1125,Fase 2,2M,Aluno-1125,2012,11,F,2023,Publica,2023,,,,,3.0,Avaliador-15,Avaliador-5,Avaliador-2,4.7,7.9,7.52,4.0,1.0,7.0,,,6.95,10.0,Fase 2,0,Agata,,6.666666667,,
RA-619,Fase 2,2M,Aluno-619,2011,11,F,2021,Publica,2023,,Ametista,Ametista,7.693,3.0,Avaliador-15,Avaliador-5,Avaliador-2,9.0,7.1,3.77,9.0,8.5,9.5,,,8.116666667,10.0,Fase 2,0,Ametista,,7.708333333,,
RA-620,Fase 2,2M,Aluno-620,2010,13,M,2021,Publica,2023,,Ametista,Agata,6.018,3.0,Avaliador-15,Avaliador-5,Avaliador-2,6.8,8.4,7.52,6.2,5.2,7.2,,,7.503333333,5.0,Fase 3,-1,Ametista,,6.875,,
RA-1126,Fase 2,2M,Aluno-1126,2011,12,F,2023,Publica,2023,,,,,3.0,Avaliador-15,Avaliador-5,Avaliador-2,0.0,5.2,3.77,,,,,,7.06,5.0,Fase 3,-1,,,7.291666667,,
RA-1127,Fase 2,2N,Aluno-1127,2012,11,F,2023,Publica,2023,,,,,3.0,Avaliador-15,Avaliador-5,Avaliador-2,8.5,9.9,5.02,6.9,5.0,8.7,,,9.01,10.0,Fase 2,0,Topazio,,8.125,,
RA-1128,Fase 2,2N,Aluno-1128,2011,12,M,2023,Publica,2023,,,,,3.0,Avaliador-15,Avaliador-5,Avaliador-2,9.5,7.3,5.02,3.5,3.0,4.0,,,7.503333333,5.0,Fase 3,-1,Agata,,7.916666667,,
RA-1129,Fase 2,2N,Aluno-1129,2012,11,M,2023,Publica,2023,,,,,3.0,Avaliador-15,Avaliador-5,Avaliador-2,0.0,9.2,6.27,7.8,6.8,8.7,,,7.503333333,10.0,Fase 2,0,Ametista,,7.916666667,,
RA-1130,Fase 2,2N,Aluno-1130,2012,11,M,2023,Publica,2023,,,,,3.0,Avaliador-15,Avaliador-5,Avaliador-2,8.5,8.4,7.52,7.3,6.3,8.2,,,7.503333333,10.0,Fase 2,0,Topazio,,7.708333333,,
RA-1131,Fase 2,2N,Aluno-1131,2011,12,F,2023,Publica,2023,,,,,3.0,Avaliador-15,Avaliador-5,Avaliador-2,7.9,9.9,5.02,9.1,8.3,9.8,,,9.286666667,5.0,Fase 3,-1,Topazio,,8.75,,
RA-1132,Fase 2,2N,Aluno-1132,2011,12,M,2023,Publica,2023,,,,,3.0,Avaliador-15,Avaliador-5,Avaliador-2,10.0,6.3,6.27,5.8,5.2,6.3,,,7.503333333,5.0,Fase 3,-1,Agata,,7.916666667,,
RA-1133,Fase 2,2N,Aluno-1133,2013,10,F,2023,Publica,2023,,,,,3.0,Avaliador-15,Avaliador-5,Avaliador-2,9.5,10.0,6.27,6.5,5.0,8.0,,,9.343333333,10.0,Fase 2,0,Topazio,,8.541666667,,
RA-1134,Fase 2,2N,Aluno-1134,2011,11,M,2023,Publica,2023,,,,,3.0,Avaliador-15,Avaliador-5,Avaliador-2,8.0,9.7,3.76,6.8,5.5,8.0,,,7.56,10.0,Fase 2,0,Ametista,,7.916666667,,
RA-618,Fase 2,2N,Aluno-618,2009,14,M,2020,Publica,2023,Ametista,Ametista,Ametista,7.18,3.0,Avaliador-15,Avaliador-5,Avaliador-2,0.0,9.2,5.02,6.2,4.5,7.8,,,7.95,5.0,Fase 4,-2,Agata,,8.125,,
RA-631,Fase 2,2N,Aluno-631,2010,13,M,2022,Publica,2023,,,Agata,6.928,3.0,Avaliador-15,Avaliador-5,Avaliador-2,0.0,6.4,6.27,7.0,6.0,8.0,,,6.78,5.0,Fase 3,-1,Quartzo,,7.916666667,,
RA-646,Fase 2,2P,Aluno-646,2009,13,M,2019,Publica,2023,Ametista,Ametista,Topazio,8.181,3.0,Avaliador-15,Avaliador-5,Avaliador-2,10.0,8.9,7.52,8.4,8.2,8.5,,,8.783333333,5.0,Fase 3,-1,Topazio,,8.958333333,,
RA-451,Fase 2,2P,Aluno-451,2009,14,F,2019,Publica,2023,Ametista,Quartzo,Agata,6.434,3.0,Avaliador-15,Avaliador-5,Avaliador-2,8.5,9.5,4.39,8.9,7.8,10.0,,,9.896666667,5.0,Fase 4,-2,Topazio,,9.375,,
RA-1135,Fase 2,2P,Aluno-1135,2011,11,M,2023,Publica,2023,,,,,3.0,Avaliador-15,Avaliador-5,Avaliador-2,0.0,9.4,7.52,7.2,4.8,9.5,,,7.896666667,10.0,Fase 2,0,Ametista,,8.125,,
RA-649,Fase 2,2P,Aluno-649,2010,13,F,2019,Publica,2023,Agata,Ametista,Ametista,7.302,3.0,Avaliador-15,Avaliador-5,Avaliador-2,9.0,9.3,3.77,6.5,3.8,9.2,,,8.836666667,5.0,Fase 3,-1,Ametista,,8.75,,
RA-651,Fase 2,2P,Aluno-651,2012,11,F,2022,Publica,2023,,,Ametista,7.866,3.0,Avaliador-15,Avaliador-5,Avaliador-2,0.0,8.2,3.77,9.3,9.8,8.7,,,7.95,10.0,Fase 2,0,Ametista,,8.75,,
RA-1136,Fase 2,2P,Aluno-1136,2009,13,F,2023,Publica,2023,,,,,3.0,Avaliador-15,Avaliador-5,Avaliador-2,6.8,8.1,2.52,6.6,4.8,8.3,,,7.723333333,5.0,Fase 3,-1,Agata,,8.333333333,,
RA-653,Fase 2,2P,Aluno-653,2011,12,F,2022,Publica,2023,,,Topazio,8.101,3.0,Avaliador-15,Avaliador-5,Avaliador-2,0.0,9.8,6.27,7.9,7.7,8.0,,,9.06,5.0,Fase 3,-1,Ametista,,9.166666667,,
RA-456,Fase 2,2P,Aluno-456,2010,12,F,2022,Publica,2023,,,Ametista,7.193,3.0,Avaliador-15,Avaliador-5,Avaliador-2,0.0,8.3,4.39,9.9,9.7,10.0,,,9.953333333,5.0,Fase 3,-1,Ametista,,9.583333333,,
RA-655,Fase 2,2P,Aluno-655,2010,13,F,2019,Publica,2023,Ametista,Ametista,Ametista,7.785,3.0,Avaliador-15,Avaliador-5,Avaliador-2,7.4,9.9,7.52,8.3,7.2,9.3,,,8.896666667,5.0,Fase 3,-1,Topazio,,9.166666667,,
RA-656,Fase 2,2P,Aluno-656,2011,12,F,2020,Publica,2023,Topazio,Ametista,Agata,6.652,3.0,Avaliador-15,Avaliador-5,Avaliador-2,0.0,8.9,7.52,7.3,5.8,8.8,,,7.173333333,5.0,Fase 3,-1,Agata,,8.541666667,,
RA-657,Fase 2,2P,Aluno-657,2010,12,F,2021,Publica,2023,,Ametista,Topazio,8.093,3.0,Avaliador-15,Avaliador-5,Avaliador-2,8.5,10.0,7.52,8.2,7.0,9.3,,,8.73,5.0,Fase 3,-1,Topazio,,8.75,,
RA-644,Fase 2,2P,Aluno-644,2011,12,F,2021,Publica,2023,,Ametista,Ametista,7.83,3.0,Avaliador-15,Avaliador-5,Avaliador-2,10.0,5.6,7.52,5.9,4.0,7.7,,,7.503333333,5.0,Fase 3,-1,Agata,,8.541666667,,
RA-461,Fase 2,2P,Aluno-461,2010,12,F,2018,Publica,2023,Ametista,Ametista,Quartzo,5.451,3.0,Avaliador-15,Avaliador-5,Avaliador-2,7.3,7.9,3.77,7.4,5.7,9.0,,,8.616666667,5.0,Fase 3,-1,Ametista,,8.541666667,,
RA-632,Fase 2,2R,Aluno-632,2012,11,F,2022,Publica,2023,,,Agata,6.996,3.0,Avaliador-32,Avaliador-5,Avaliador-2,4.7,9.1,5.64,7.4,6.8,8.0,,,8.563333333,10.0,Fase 2,0,Ametista,,8.333333333,,
RA-633,Fase 2,2R,Aluno-633,2011,12,F,2020,Publica,2023,Ametista,Agata,Ametista,7.476,3.0,Avaliador-32,Avaliador-5,Avaliador-2,1.7,8.1,6.27,7.2,5.3,9.0,,,7.286666667,5.0,Fase 3,-1,Agata,,8.541666667,,
RA-1137,Fase 2,2R,Aluno-1137,2013,10,F,2023,Publica,2023,,,,,3.0,Avaliador-32,Avaliador-5,Avaliador-2,9.5,9.8,6.27,6.5,6.0,7.0,,,9.843333333,10.0,Fase 2,0,Topazio,,9.375,,
RA-1138,Fase 2,2R,Aluno-1138,2011,12,F,2023,Publica,2023,,,,,3.0,Avaliador-32,Avaliador-5,Avaliador-2,9.0,9.2,6.27,9.3,9.0,9.5,,,8.566666667,5.0,Fase 3,-1,Topazio,,9.166666667,,
RA-1139,Fase 2,2R,Aluno-1139,2012,11,M,2023,Publica,2023,,,,,3.0,Avaliador-32,Avaliador-5,Avaliador-2,8.5,9.1,5.64,5.3,6.3,4.3,,,7.79,10.0,Fase 2,0,Ametista,,8.125,,
RA-1140,Fase 2,2R,Aluno-1140,2012,11,F,2023,Publica,2023,,,,,3.0,Avaliador-32,Avaliador-5,Avaliador-2,4.7,8.7,7.52,7.3,8.5,6.0,,,7.62,10.0,Fase 2,0,Ametista,,7.708333333,,
RA-445,Fase 2,2R,Aluno-445,2010,13,M,2022,Publica,2023,,,Agata,6.924,3.0,Avaliador-32,Avaliador-5,Avaliador-2,8.0,8.8,6.89,8.4,7.7,9.0,,,8.176666667,5.0,Fase 3,-1,Ametista,,8.541666667,,
RA-1141,Fase 2,2R,Aluno-1141,2011,12,F,2023,Publica,2023,,,,,3.0,Avaliador-32,Avaliador-5,Avaliador-2,9.0,8.8,7.52,5.9,5.5,6.2,,,7.113333333,5.0,Fase 3,-1,Ametista,,7.708333333,,
RA-639,Fase 2,2R,Aluno-639,2012,11,F,2021,Publica,2023,,Ametista,Agata,6.613,3.0,Avaliador-32,Avaliador-5,Avaliador-2,7.4,8.1,6.27,6.3,4.8,7.8,,,7.62,10.0,Fase 2,0,Ametista,,8.125,,
RA-1142,Fase 2,2R,Aluno-1142,2012,11,F,2023,Publica,2023,,,,,3.0,Avaliador-32,Avaliador-5,Avaliador-2,9.0,10.0,7.52,10.0,10.0,10.0,,,8.343333333,10.0,Fase 2,0,Topazio,,8.541666667,,
RA-642,Fase 2,2R,Aluno-642,2012,11,F,2021,Publica,2023,,Topazio,Ametista,7.75,3.0,Avaliador-32,Avaliador-5,Avaliador-2,9.5,9.2,6.27,6.5,5.7,7.2,,,9.173333333,10.0,Fase 2,0,Topazio,,8.75,,
RA-658,Fase 2,2U,Aluno-658,2012,10,F,2022,Publica,2023,,,Ametista,7.407,3.0,Avaliador-32,Avaliador-5,Avaliador-2,9.5,9.5,7.52,6.1,5.3,6.8,,,9.173333333,10.0,Fase 2,0,Topazio,,7.916666667,,
RA-588,Fase 2,2U,Aluno-588,2013,10,F,2021,Bolsista,2023,,Topazio,Topazio,8.622,3.0,Avaliador-32,Avaliador-5,Avaliador-2,8.0,9.6,2.52,7.8,7.5,8.0,,,9.673333333,10.0,Fase 2,0,Topazio,,8.958333333,,
RA-662,Fase 2,2U,Aluno-662,2011,12,F,2022,Publica,2023,,,Ametista,7.044,3.0,Avaliador-32,Avaliador-5,Avaliador-2,6.8,7.6,6.27,6.7,4.3,9.0,,,6.72,5.0,Fase 3,-1,Agata,,7.291666667,,
RA-403,Fase 2,2U,Aluno-403,2010,13,M,2020,Publica,2023,Ametista,Ametista,Ametista,7.455,3.0,Avaliador-32,Avaliador-5,Avaliador-2,8.5,8.8,6.27,7.8,6.8,8.8,,,8.45,5.0,Fase 3,-1,Ametista,,7.291666667,,
RA-591,Fase 2,2U,Aluno-591,2011,12,M,2021,Publica,2023,,Ametista,Ametista,7.507,3.0,Avaliador-32,Avaliador-5,Avaliador-2,9.0,8.5,6.27,6.9,6.2,7.5,,,7.333333333,5.0,Fase 3,-1,Ametista,,5.833333333,,
RA-592,Fase 2,2U,Aluno-592,2012,11,F,2020,Privada,2023,Ametista,Ametista,Ametista,7.381,3.0,Avaliador-32,Avaliador-5,Avaliador-2,6.2,9.2,3.77,7.6,5.5,9.7,,,8.95,10.0,Fase 2,0,Ametista,,7.916666667,,
RA-602,Fase 2,2U,Aluno-602,2011,12,M,2019,Publica,2023,Ametista,Ametista,Ametista,8.041,3.0,Avaliador-32,Avaliador-5,Avaliador-2,10.0,9.6,7.52,8.1,7.3,8.8,,,9.51,5.0,Fase 3,-1,Topazio,,8.75,,
RA-666,Fase 2,2U,Aluno-666,2012,11,M,2022,Publica,2023,,,Ametista,7.929,3.0,Avaliador-32,Avaliador-5,Avaliador-2,9.5,9.1,7.52,7.1,6.7,7.5,,,9.62,10.0,Fase 2,0,Topazio,,8.541666667,,
RA-667,Fase 2,2U,Aluno-667,2011,12,M,2021,Publica,2023,,Ametista,Quartzo,5.844,3.0,Avaliador-32,Avaliador-5,Avaliador-2,9.0,6.9,6.89,5.2,3.0,7.3,,,7.836666667,5.0,Fase 3,-1,Agata,,7.083333333,,
RA-422,Fase 2,2U,Aluno-422,2010,13,M,2022,Publica,2023,,,Agata,6.746,3.0,Avaliador-32,Avaliador-5,Avaliador-2,0.0,7.8,7.52,4.4,3.0,5.7,,,6.106666667,5.0,Fase 3,-1,Quartzo,,6.666666667,,
RA-595,Fase 2,2U,Aluno-595,2010,13,M,2018,Publica,2023,Agata,Ametista,Quartzo,5.18,3.0,Avaliador-32,Avaliador-5,Avaliador-2,0.0,7.0,7.52,3.3,3.2,3.3,,,5.55,5.0,Fase 3,-1,Quartzo,,6.666666667,,
RA-423,Fase 2,2U,Aluno-423,2010,13,F,2022,Publica,2023,,,Agata,6.647,3.0,Avaliador-32,Avaliador-5,Avaliador-2,8.0,8.7,6.89,3.4,2.3,4.5,,,7.45,5.0,Fase 3,-1,Agata,,7.083333333,,
RA-669,Fase 2,2U,Aluno-669,2011,11,M,2022,Publica,2023,,,Ametista,7.475,3.0,Avaliador-32,Avaliador-5,Avaliador-2,8.5,7.8,7.52,5.0,3.3,6.7,,,7.06,10.0,Fase 2,0,Ametista,,7.708333333,,
RA-670,Fase 2,2U,Aluno-670,2012,11,F,2022,Publica,2023,,,Ametista,7.451,3.0,Avaliador-32,Avaliador-5,Avaliador-2,9.5,8.7,7.52,7.0,5.8,8.2,,,9.343333333,10.0,Fase 2,0,Topazio,,8.958333333,,
RA-609,Fase 2,2U,Aluno-609,2011,12,M,2019,Publica,2023,Ametista,Agata,Agata,6.794,3.0,Avaliador-32,Avaliador-5,Avaliador-2,9.5,6.4,7.52,5.3,3.2,7.3,,,6.216666667,5.0,Fase 3,-1,Agata,,6.875,,
RA-326,Fase 3,3A,Aluno-326,2010,13,F,2022,Privada,2023,,,Topazio,8.22,4.0,Avaliador-32,Avaliador-6,Avaliador-4,9.6,9.4,3.14,8.2,8.3,7.5,8.8,,9.76,10.0,Fase 3,0,Topazio,,9.0625,,
RA-179,Fase 3,3A,Aluno-179,2010,12,M,2022,Publica,2023,,,Ametista,7.993,4.0,Avaliador-32,Avaliador-6,Avaliador-4,8.8,9.4,7.52,6.4,8.7,6.3,4.3,,8.9225,10.0,Fase 3,0,Topazio,,8.59375,,
RA-1143,Fase 3,3A,Aluno-1143,2008,15,F,2023,Publica,2023,,,,,4.0,Avaliador-32,Avaliador-6,Avaliador-4,8.8,7.0,6.26,5.3,6.0,6.3,3.5,,6.2075,5.0,Fase 5,-2,Agata,,7.5,,
RA-330,Fase 3,3A,Aluno-330,2008,15,F,2018,Publica,2023,Agata,Agata,Agata,6.446,4.0,Avaliador-32,Avaliador-6,Avaliador-4,9.6,7.2,6.89,3.3,3.8,3.8,2.3,,5.8275,5.0,Fase 5,-2,Agata,,6.71875,,
RA-332,Fase 3,3A,Aluno-332,2009,14,M,2017,Bolsista,2023,Ametista,Ametista,Ametista,7.883,4.0,Avaliador-32,Avaliador-6,Avaliador-4,9.2,8.4,8.76,6.8,6.3,7.7,6.5,,9.175,5.0,Fase 4,-1,Topazio,,8.28125,,
RA-199,Fase 3,3A,Aluno-199,2009,14,M,2022,Privada,2023,,,Ametista,7.564,4.0,Avaliador-32,Avaliador-6,Avaliador-4,9.2,7.6,7.51,8.5,8.2,8.2,9.2,,8.505,5.0,Fase 4,-1,Ametista,,7.96875,,
RA-1144,Fase 3,3B,Aluno-1144,2010,13,F,2023,Publica,2023,,,,,4.0,Avaliador-21,Avaliador-6,Avaliador-4,0.0,9.4,5.02,8.0,7.0,8.2,8.8,,8.0025,10.0,Fase 3,0,Ametista,,8.28125,,
RA-352,Fase 3,3B,Aluno-352,2011,12,M,2019,Publica,2023,Ametista,Ametista,Ametista,7.834,4.0,Avaliador-21,Avaliador-6,Avaliador-4,9.2,8.1,6.26,7.2,8.2,6.0,7.5,,7.17,10.0,Fase 3,0,Ametista,,7.96875,,
RA-1145,Fase 3,3B,Aluno-1145,2012,11,F,2023,Publica,2023,,,,,4.0,Avaliador-21,Avaliador-6,Avaliador-4,0.0,9.5,4.39,7.8,7.7,7.7,8.0,,8.63,10.0,Fase 2,1,Ametista,,8.59375,,
RA-1146,Fase 3,3B,Aluno-1146,2008,14,F,2023,Publica,2023,,,,,4.0,Avaliador-21,Avaliador-6,Avaliador-4,9.6,8.8,6.26,3.7,5.0,3.3,2.7,,6.965,5.0,Fase 4,-1,Agata,,7.1875,,
RA-331,Fase 3,3B,Aluno-331,2010,13,F,2019,Publica,2023,Ametista,Ametista,Agata,6.636,4.0,Avaliador-21,Avaliador-6,Avaliador-4,9.6,8.6,2.52,5.2,5.7,4.8,5.2,,6.7975,10.0,Fase 3,0,Ametista,,7.03125,,
RA-227,Fase 3,3B,Aluno-227,2010,12,M,2022,Publica,2023,,,Agata,6.471,4.0,Avaliador-21,Avaliador-6,Avaliador-4,9.6,7.5,5.63,6.9,7.2,6.5,7.0,,7.4625,10.0,Fase 3,0,Ametista,,8.28125,,
RA-247,Fase 3,3B,Aluno-247,2009,13,F,2021,Publica,2023,,Agata,Ametista,7.72,4.0,Avaliador-21,Avaliador-6,Avaliador-4,0.0,8.5,7.52,7.2,6.5,6.7,8.3,,7.5425,10.0,Fase 3,0,Ametista,,8.28125,,
RA-343,Fase 3,3B,Aluno-343,2008,15,M,2020,Publica,2023,Ametista,Quartzo,Agata,6.9,4.0,Avaliador-21,Avaliador-6,Avaliador-4,9.2,7.2,6.26,5.7,4.5,6.7,6.0,,6.9225,5.0,Fase 5,-2,Agata,,7.65625,,
RA-1147,Fase 3,3B,Aluno-1147,2009,14,F,2023,Publica,2023,,,,,4.0,Avaliador-21,Avaliador-6,Avaliador-4,8.3,8.3,6.26,6.7,5.0,7.5,7.5,,7.0075,5.0,Fase 4,-1,Ametista,,7.1875,,
RA-345,Fase 3,3B,Aluno-345,2009,14,M,2021,Publica,2023,,Ametista,Quartzo,5.75,4.0,Avaliador-21,Avaliador-6,Avaliador-4,8.8,6.8,6.26,4.6,5.7,5.7,2.5,,7.1725,5.0,Fase 4,-1,Agata,,8.125,,
RA-336,Fase 3,3B,Aluno-336,2009,14,M,2016,Publica,2023,Ametista,Agata,Agata,6.787,4.0,Avaliador-21,Avaliador-6,Avaliador-4,0.0,7.5,6.89,5.1,6.7,5.2,3.3,,7.255,5.0,Fase 4,-1,Quartzo,,7.34375,,
RA-346,Fase 3,3B,Aluno-346,2012,11,M,2022,Publica,2023,,,Topazio,8.143,4.0,Avaliador-21,Avaliador-6,Avaliador-4,0.0,9.4,8.14,6.2,6.7,5.5,6.5,,7.84,10.0,Fase 2,1,Ametista,,7.96875,,
RA-1148,Fase 3,3B,Aluno-1148,2011,11,F,2023,Publica,2023,,,,,4.0,Avaliador-21,Avaliador-6,Avaliador-4,7.9,8.6,3.77,5.7,5.7,5.3,6.2,,7.2125,10.0,Fase 2,1,Ametista,,7.5,,
RA-1149,Fase 3,3C,Aluno-1149,2009,14,F,2023,Publica,2023,,,,,4.0,Avaliador-21,Avaliador-6,Avaliador-4,8.3,9.8,2.52,7.2,6.0,6.8,8.7,,8.1725,5.0,Fase 4,-1,Ametista,,7.96875,,
RA-1150,Fase 3,3C,Aluno-1150,2007,16,M,2023,Publica,2023,,,,,4.0,Avaliador-21,Avaliador-6,Avaliador-4,9.2,9.8,2.52,6.7,7.0,6.5,6.5,,7.835,2.5,Fase 6,-3,Ametista,,7.96875,,
RA-1151,Fase 3,3C,Aluno-1151,2011,12,F,2023,Publica,2023,,,,,4.0,Avaliador-21,Avaliador-6,Avaliador-4,7.5,9.5,2.52,8.3,7.3,8.8,8.7,,7.545,10.0,Fase 3,0,Ametista,,7.65625,,
RA-356,Fase 3,3C,Aluno-356,2010,13,M,2019,Publica,2023,Topazio,Topazio,Agata,6.69,4.0,Avaliador-21,Avaliador-6,Avaliador-4,9.2,8.5,2.52,3.4,4.3,4.5,1.3,,6.5025,10.0,Fase 3,0,Agata,,6.09375,,
RA-1152,Fase 3,3C,Aluno-1152,2009,14,M,2023,Publica,2023,,,,,4.0,Avaliador-21,Avaliador-6,Avaliador-4,0.0,9.4,5.0,6.8,6.7,6.0,7.8,,7.585,5.0,Fase 4,-1,Agata,,7.8125,,
RA-221,Fase 3,3C,Aluno-221,2008,15,M,2022,Publica,2023,,,Agata,6.892,4.0,Avaliador-21,Avaliador-6,Avaliador-4,9.6,9.0,5.0,5.0,5.5,4.8,4.8,,7.38,5.0,Fase 5,-2,Agata,,7.1875,,
RA-359,Fase 3,3C,Aluno-359,2010,13,F,2019,Publica,2023,Ametista,Agata,Agata,6.606,4.0,Avaliador-21,Avaliador-6,Avaliador-4,9.6,9.2,2.52,5.8,6.0,6.7,4.7,,8.255,10.0,Fase 3,0,Ametista,,7.65625,,
RA-360,Fase 3,3C,Aluno-360,2010,13,F,2019,Publica,2023,Ametista,Agata,Ametista,7.075,4.0,Avaliador-21,Avaliador-6,Avaliador-4,0.0,7.3,2.52,4.3,5.3,4.8,2.8,,7.4225,10.0,Fase 3,0,Quartzo,,7.34375,,
RA-338,Fase 3,3D,Aluno-338,2010,13,M,2019,Publica,2023,Ametista,Ametista,Agata,6.837,4.0,Avaliador-21,Avaliador-6,Avaliador-4,8.3,9.1,7.52,6.7,8.7,7.0,4.5,,8.38,10.0,Fase 3,0,Topazio,,8.59375,,
RA-339,Fase 3,3D,Aluno-339,2011,12,F,2019,Publica,2023,Topazio,Ametista,Topazio,8.488,4.0,Avaliador-21,Avaliador-6,Avaliador-4,0.0,8.9,7.52,7.1,7.7,5.7,7.8,,8.255,10.0,Fase 3,0,Ametista,,7.8125,,
RA-353,Fase 3,3D,Aluno-353,2011,12,F,2022,Publica,2023,,,Topazio,8.264,4.0,Avaliador-21,Avaliador-6,Avaliador-4,8.8,9.9,2.52,8.4,8.5,7.3,9.5,,8.67,10.0,Fase 3,0,Topazio,,7.8125,,
RA-1153,Fase 3,3D,Aluno-1153,2009,14,F,2023,Publica,2023,,,,,4.0,Avaliador-21,Avaliador-6,Avaliador-4,7.9,10.0,7.52,7.2,6.7,7.8,7.0,,8.63,5.0,Fase 4,-1,Ametista,,7.65625,,
RA-183,Fase 3,3D,Aluno-183,2009,14,F,2022,Publica,2023,,,Ametista,7.3,4.0,Avaliador-21,Avaliador-6,Avaliador-4,7.9,9.7,2.52,7.7,7.0,8.0,8.2,,8.795,5.0,Fase 4,-1,Ametista,,7.96875,,
RA-342,Fase 3,3D,Aluno-342,2008,15,F,2021,Publica,2023,,Quartzo,Agata,6.941,4.0,Avaliador-21,Avaliador-6,Avaliador-4,7.5,8.6,7.52,6.6,6.3,7.8,5.7,,8.505,5.0,Fase 5,-2,Ametista,,7.96875,,
RA-187,Fase 3,3D,Aluno-187,2010,13,F,2019,Bolsista,2023,Ametista,Topazio,Ametista,7.928,4.0,Avaliador-21,Avaliador-6,Avaliador-4,7.5,9.9,2.52,6.9,7.3,8.7,4.7,,8.255,10.0,Fase 3,0,Ametista,,7.96875,,
RA-190,Fase 3,3D,Aluno-190,2009,14,F,2022,Publica,2023,,,Ametista,7.335,4.0,Avaliador-21,Avaliador-6,Avaliador-4,7.9,9.5,2.52,5.7,5.8,5.2,6.0,,7.9575,5.0,Fase 4,-1,Agata,,7.65625,,
RA-347,Fase 3,3D,Aluno-347,2010,13,F,2019,Publica,2023,Topazio,Ametista,Ametista,7.908,4.0,Avaliador-21,Avaliador-6,Avaliador-4,6.7,9.5,2.52,7.3,6.7,6.2,9.0,,7.7925,10.0,Fase 3,0,Ametista,,7.8125,,
RA-234,Fase 3,3D,Aluno-234,2009,13,M,2022,Publica,2023,,,Agata,6.719,4.0,Avaliador-21,Avaliador-6,Avaliador-4,6.7,8.0,2.52,5.6,6.3,5.3,5.3,,5.595,10.0,Fase 3,0,Agata,,4.84375,,
RA-1154,Fase 3,3F,Aluno-1154,2010,13,M,2023,Publica,2023,,,,,4.0,Avaliador-21,Avaliador-6,Avaliador-34,9.6,9.3,5.63,5.1,5.3,5.0,5.0,,7.67,10.0,Fase 3,0,Ametista,,7.65625,,
RA-249,Fase 3,3F,Aluno-249,2008,15,M,2017,Publica,2023,Agata,Agata,Quartzo,5.097,4.0,Avaliador-21,Avaliador-6,Avaliador-34,0.0,8.2,5.0,4.9,6.2,5.3,3.2,,6.545,5.0,Fase 5,-2,Quartzo,,5.15625,,
RA-380,Fase 3,3F,Aluno-380,2009,14,M,2017,Publica,2023,Ametista,Quartzo,Quartzo,4.556,4.0,Avaliador-21,Avaliador-6,Avaliador-34,0.0,6.4,2.52,4.5,7.0,4.0,2.5,,6.5425,5.0,Fase 4,-1,Quartzo,,6.71875,,
RA-250,Fase 3,3F,Aluno-250,2010,13,F,2022,Publica,2023,,,Ametista,7.958,4.0,Avaliador-21,Avaliador-6,Avaliador-34,0.0,9.3,5.63,8.3,7.7,8.8,8.3,,8.625,10.0,Fase 3,0,Ametista,,7.96875,,
RA-367,Fase 3,3F,Aluno-367,2010,12,F,2018,Publica,2023,Topazio,Ametista,Agata,6.95,4.0,Avaliador-21,Avaliador-6,Avaliador-34,8.8,8.7,2.52,5.9,7.0,5.5,5.2,,7.7925,10.0,Fase 3,0,Ametista,,7.8125,,
RA-1155,Fase 3,3F,Aluno-1155,2009,14,F,2023,Publica,2023,,,,,4.0,Avaliador-21,Avaliador-6,Avaliador-34,9.2,9.2,5.63,8.0,6.7,8.2,9.0,,8.2925,5.0,Fase 4,-1,Ametista,,7.5,,
RA-1156,Fase 3,3F,Aluno-1156,2011,12,F,2023,Publica,2023,,,,,4.0,Avaliador-21,Avaliador-6,Avaliador-34,8.3,9.2,2.52,5.3,6.2,6.0,3.7,,7.7925,10.0,Fase 3,0,Ametista,,7.96875,,
RA-368,Fase 3,3F,Aluno-368,2009,14,M,2018,Publica,2023,Ametista,Ametista,Agata,6.969,4.0,Avaliador-21,Avaliador-6,Avaliador-34,0.0,7.7,2.52,6.7,5.0,7.2,7.8,,7.34,5.0,Fase 4,-1,Quartzo,,7.03125,,
RA-387,Fase 3,3F,Aluno-387,2009,14,M,2019,Publica,2023,Agata,Agata,Agata,6.323,4.0,Avaliador-21,Avaliador-6,Avaliador-34,0.0,6.8,2.52,3.0,4.3,2.8,1.8,,7.0075,5.0,Fase 4,-1,Quartzo,,6.875,,
RA-388,Fase 3,3F,Aluno-388,2008,15,F,2019,Publica,2023,Agata,Agata,Agata,6.654,4.0,Avaliador-21,Avaliador-6,Avaliador-34,0.0,7.4,5.63,4.2,6.0,4.3,2.2,,7.835,5.0,Fase 5,-2,Quartzo,,6.875,,
RA-374,Fase 3,3F,Aluno-374,2010,13,F,2021,Privada,2023,,Agata,Ametista,7.747,4.0,Avaliador-21,Avaliador-6,Avaliador-34,8.8,8.3,5.63,5.4,6.3,6.3,3.7,,7.9175,10.0,Fase 3,0,Ametista,,7.65625,,
RA-377,Fase 3,3F,Aluno-377,2010,13,F,2021,Publica,2023,,Quartzo,Agata,6.743,4.0,Avaliador-21,Avaliador-6,Avaliador-34,9.6,7.6,5.0,4.8,6.0,5.7,2.8,,7.6275,10.0,Fase 3,0,Ametista,,7.34375,,
RA-223,Fase 3,3G,Aluno-223,2009,14,F,2022,Publica,2023,,,Quartzo,4.966,4.0,Avaliador-21,Avaliador-6,Avaliador-34,0.0,4.5,7.52,3.8,5.5,4.0,1.8,,7.1725,5.0,Fase 4,-1,Quartzo,,7.5,,
RA-236,Fase 3,3G,Aluno-236,2010,13,F,2022,Publica,2023,,,Ametista,7.11,4.0,Avaliador-21,Avaliador-6,Avaliador-34,10.0,7.5,7.52,4.5,6.3,4.0,3.3,,7.2975,10.0,Fase 3,0,Ametista,,7.1875,,
RA-362,Fase 3,3G,Aluno-362,2010,13,F,2018,Publica,2023,Agata,Quartzo,Ametista,7.413,4.0,Avaliador-21,Avaliador-6,Avaliador-34,0.0,7.5,7.52,5.1,5.7,6.8,2.8,,7.0875,10.0,Fase 3,0,Agata,,7.03125,,
RA-381,Fase 3,3G,Aluno-381,2009,14,M,2018,Publica,2023,Agata,Agata,Agata,6.454,4.0,Avaliador-21,Avaliador-6,Avaliador-34,0.0,8.4,6.89,3.9,5.3,5.3,1.2,,6.84,5.0,Fase 4,-1,Quartzo,,7.34375,,
RA-364,Fase 3,3G,Aluno-364,2011,12,M,2019,Publica,2023,Ametista,Topazio,Topazio,8.75,4.0,Avaliador-21,Avaliador-6,Avaliador-34,8.8,9.0,6.89,5.8,8.0,5.2,4.3,,7.505,10.0,Fase 3,0,Ametista,,7.03125,,
RA-382,Fase 3,3G,Aluno-382,2008,15,M,2017,Publica,2023,Ametista,Agata,Agata,6.777,4.0,Avaliador-21,Avaliador-6,Avaliador-34,0.0,9.4,6.26,5.2,5.0,5.8,4.7,,7.1725,5.0,Fase 5,-2,Agata,,7.5,,
RA-383,Fase 3,3G,Aluno-383,2011,12,M,2019,Publica,2023,Topazio,Ametista,Topazio,8.4,4.0,Avaliador-21,Avaliador-6,Avaliador-34,9.2,8.8,3.14,6.5,6.3,6.2,7.0,,7.5,10.0,Fase 3,0,Ametista,,7.5,,
RA-384,Fase 3,3G,Aluno-384,2010,13,F,2017,Publica,2023,Ametista,Ametista,Ametista,7.558,4.0,Avaliador-21,Avaliador-6,Avaliador-34,0.0,9.1,2.52,7.3,6.3,7.2,8.3,,7.335,10.0,Fase 3,0,Agata,,7.65625,,
RA-1157,Fase 3,3G,Aluno-1157,2009,14,M,2023,Publica,2023,,,,,4.0,Avaliador-21,Avaliador-6,Avaliador-34,9.2,8.8,6.26,5.7,5.0,6.3,5.7,,7.0025,5.0,Fase 4,-1,Ametista,,7.5,,
RA-386,Fase 3,3G,Aluno-386,2009,14,M,2019,Publica,2023,Agata,Agata,Agata,6.104,4.0,Avaliador-21,Avaliador-6,Avaliador-34,9.2,7.0,2.52,3.3,5.0,3.7,1.2,,6.6325,5.0,Fase 4,-1,Quartzo,,7.03125,,
RA-260,Fase 3,3G,Aluno-260,2009,13,F,2019,Publica,2023,Topazio,Ametista,Ametista,7.44,4.0,Avaliador-21,Avaliador-6,Avaliador-34,9.2,9.9,7.52,6.1,6.3,5.2,6.7,,7.4175,10.0,Fase 3,0,Topazio,,7.34375,,
RA-390,Fase 3,3G,Aluno-390,2010,12,F,2022,Publica,2023,,,Agata,6.776,4.0,Avaliador-21,Avaliador-6,Avaliador-34,7.9,8.8,2.52,4.8,5.7,5.8,3.0,,7.005,10.0,Fase 3,0,Agata,,7.34375,,
RA-1158,Fase 3,3G,Aluno-1158,2009,14,F,2023,Publica,2023,,,,,4.0,Avaliador-21,Avaliador-6,Avaliador-34,7.5,8.6,2.52,4.3,5.3,5.0,2.7,,7.34,5.0,Fase 4,-1,Agata,,7.5,,
RA-391,Fase 3,3I,Aluno-391,2010,13,F,2022,Publica,2023,,,Ametista,7.117,4.0,Avaliador-21,Avaliador-6,Avaliador-4,7.9,7.5,2.52,3.5,4.2,5.0,1.3,,7.585,10.0,Fase 3,0,Agata,,7.5,,
RA-1159,Fase 3,3I,Aluno-1159,2010,12,F,2023,Publica,2023,,,,,4.0,Avaliador-21,Avaliador-6,Avaliador-4,5.8,6.6,2.52,3.1,5.2,1.5,2.5,,7.1325,10.0,Fase 3,0,Quartzo,,7.1875,,
RA-392,Fase 3,3I,Aluno-392,2008,15,M,2022,Publica,2023,,,Agata,6.418,4.0,Avaliador-21,Avaliador-6,Avaliador-4,9.6,9.5,2.52,4.6,6.2,4.7,2.8,,7.17,5.0,Fase 5,-2,Agata,,6.09375,,
RA-1160,Fase 3,3I,Aluno-1160,2010,13,M,2023,Publica,2023,,,,,4.0,Avaliador-21,Avaliador-6,Avaliador-4,9.6,8.7,2.52,2.7,4.8,2.7,0.7,,7.2575,10.0,Fase 3,0,Agata,,6.875,,
RA-1161,Fase 3,3I,Aluno-1161,2010,13,F,2023,Publica,2023,,,,,4.0,Avaliador-21,Avaliador-6,Avaliador-4,6.3,8.1,2.52,6.3,7.3,6.5,5.2,,8.63,10.0,Fase 3,0,Ametista,,8.28125,,
RA-395,Fase 3,3I,Aluno-395,2011,12,F,2018,Publica,2023,Ametista,Topazio,Ametista,7.683,4.0,Avaliador-21,Avaliador-6,Avaliador-4,9.2,8.6,2.52,6.0,6.7,5.3,6.0,,7.9175,10.0,Fase 3,0,Ametista,,7.96875,,
RA-450,Fase 3,3K,Aluno-450,2009,14,M,2021,Publica,2023,,Agata,Ametista,7.843,4.0,Avaliador-21,Avaliador-6,Avaliador-4,9.6,8.4,2.52,5.4,7.0,6.5,2.7,,7.9175,5.0,Fase 4,-1,Agata,,7.65625,,
RA-463,Fase 3,3K,Aluno-463,2010,13,F,2020,Publica,2023,Quartzo,Quartzo,Agata,6.41,4.0,Avaliador-21,Avaliador-6,Avaliador-4,9.2,5.4,2.52,4.0,6.3,4.3,1.3,,7.795,10.0,Fase 3,0,Agata,,7.8125,,
RA-298,Fase 3,3K,Aluno-298,2009,14,M,2019,Publica,2023,Ametista,Agata,Agata,6.409,4.0,Avaliador-21,Avaliador-6,Avaliador-4,9.6,8.6,2.52,5.5,7.7,4.5,4.2,,7.7525,5.0,Fase 4,-1,Agata,,7.5,,
RA-464,Fase 3,3K,Aluno-464,2009,14,F,2022,Publica,2023,,,Agata,6.745,4.0,Avaliador-21,Avaliador-6,Avaliador-4,9.2,7.7,2.52,3.0,4.8,3.7,0.5,,7.38,5.0,Fase 4,-1,Agata,,7.96875,,
RA-465,Fase 3,3K,Aluno-465,2011,12,M,2019,Publica,2023,Topazio,Ametista,Ametista,8.012,4.0,Avaliador-21,Avaliador-6,Avaliador-4,7.5,9.4,2.52,8.5,8.3,8.2,9.0,,8.17,10.0,Fase 3,0,Topazio,,7.96875,,
RA-442,Fase 3,3K,Aluno-442,2011,12,F,2022,Publica,2023,,,Topazio,8.226,4.0,Avaliador-21,Avaliador-6,Avaliador-4,0.0,7.6,7.52,5.8,6.7,6.5,4.3,,8.1275,10.0,Fase 3,0,Agata,,7.5,,
RA-300,Fase 3,3K,Aluno-300,2008,15,M,2022,Publica,2023,,,Quartzo,5.557,4.0,Avaliador-21,Avaliador-6,Avaliador-4,5.0,7.5,2.52,4.5,4.5,5.3,3.8,,6.5875,5.0,Fase 5,-2,Quartzo,,6.40625,,
RA-467,Fase 3,3K,Aluno-467,2009,14,F,2022,Publica,2023,,,Agata,6.38,4.0,Avaliador-21,Avaliador-6,Avaliador-4,6.3,9.2,3.14,5.2,6.0,6.0,3.7,,7.5425,5.0,Fase 4,-1,Agata,,7.1875,,
RA-468,Fase 3,3K,Aluno-468,2009,14,M,2022,Publica,2023,,,Agata,6.313,4.0,Avaliador-21,Avaliador-6,Avaliador-4,8.3,6.0,6.27,3.4,4.8,3.0,2.3,,6.715,5.0,Fase 4,-1,Quartzo,,7.34375,,
RA-1162,Fase 3,3K,Aluno-1162,2009,13,F,2023,Publica,2023,,,,,4.0,Avaliador-21,Avaliador-6,Avaliador-4,8.3,8.5,3.77,6.0,7.3,5.5,5.2,,7.7525,10.0,Fase 3,0,Ametista,,7.8125,,
RA-470,Fase 3,3K,Aluno-470,2009,14,F,2019,Publica,2023,Ametista,Ametista,Ametista,7.378,4.0,Avaliador-21,Avaliador-6,Avaliador-4,8.8,9.2,5.0,4.9,6.0,4.3,4.5,,7.71,5.0,Fase 4,-1,Agata,,7.5,,
RA-474,Fase 3,3K,Aluno-474,2009,14,M,2019,Publica,2023,Ametista,Ametista,Agata,6.446,4.0,Avaliador-21,Avaliador-6,Avaliador-4,0.0,7.8,5.0,3.3,4.8,3.8,1.2,,6.7575,5.0,Fase 4,-1,Quartzo,,7.1875,,
RA-476,Fase 3,3K,Aluno-476,2010,13,F,2019,Publica,2023,Agata,Ametista,Agata,6.931,4.0,Avaliador-21,Avaliador-6,Avaliador-4,7.9,7.0,2.52,4.1,5.0,4.5,2.7,,7.505,10.0,Fase 3,0,Agata,,7.34375,,
RA-478,Fase 3,3K,Aluno-478,2010,12,F,2019,Publica,2023,Ametista,Ametista,Agata,6.709,4.0,Avaliador-21,Avaliador-6,Avaliador-4,6.7,7.3,2.52,4.4,4.3,4.7,4.3,,7.2975,10.0,Fase 3,0,Agata,,7.1875,,
RA-410,Fase 3,3K,Aluno-410,2008,14,M,2018,Publica,2023,Quartzo,Quartzo,Quartzo,5.675,4.0,Avaliador-21,Avaliador-6,Avaliador-4,8.8,5.8,7.52,4.9,5.0,4.8,4.8,,6.0425,5.0,Fase 4,-1,Agata,,6.71875,,
RA-411,Fase 3,3L,Aluno-411,2010,13,F,2019,Privada,2023,Ametista,Ametista,Ametista,7.232,4.0,Avaliador-21,Avaliador-6,Avaliador-4,6.2,9.0,7.52,6.6,5.7,6.7,7.3,,7.5425,10.0,Fase 3,0,Ametista,,7.8125,,
RA-412,Fase 3,3L,Aluno-412,2010,13,F,2018,Publica,2023,Agata,Agata,Ametista,7.556,4.0,Avaliador-21,Avaliador-6,Avaliador-4,8.8,8.9,2.52,6.2,5.8,5.2,7.7,,7.585,10.0,Fase 3,0,Ametista,,7.03125,,
RA-400,Fase 3,3L,Aluno-400,2008,14,M,2018,Publica,2023,Agata,Quartzo,Agata,6.042,4.0,Avaliador-21,Avaliador-6,Avaliador-4,9.2,9.0,2.52,4.1,4.8,4.7,2.8,,7.375,5.0,Fase 4,-1,Agata,,7.65625,,
RA-414,Fase 3,3L,Aluno-414,2010,13,F,2021,Publica,2023,,Agata,Ametista,7.284,4.0,Avaliador-21,Avaliador-6,Avaliador-4,0.0,9.5,7.52,6.5,6.0,7.0,6.5,,7.585,10.0,Fase 3,0,Ametista,,7.8125,,
RA-415,Fase 3,3L,Aluno-415,2011,12,F,2019,Publica,2023,Topazio,Ametista,Ametista,7.695,4.0,Avaliador-21,Avaliador-6,Avaliador-4,7.1,8.2,7.52,3.7,2.8,4.0,4.3,,7.8325,10.0,Fase 3,0,Ametista,,7.8125,,
RA-1163,Fase 3,3L,Aluno-1163,2009,14,M,2023,Publica,2023,,,,,4.0,Avaliador-21,Avaliador-6,Avaliador-4,8.8,9.3,7.52,7.2,7.0,6.7,8.0,,7.75,5.0,Fase 4,-1,Ametista,,7.65625,,
RA-273,Fase 3,3L,Aluno-273,2008,14,F,2018,Publica,2023,Ametista,Ametista,Quartzo,5.679,4.0,Avaliador-21,Avaliador-6,Avaliador-4,7.9,7.4,2.52,5.0,5.3,6.8,3.0,,7.6275,5.0,Fase 4,-1,Agata,,7.8125,,
RA-471,Fase 3,3L,Aluno-471,2009,13,F,2020,Publica,2023,Agata,Agata,Agata,6.535,4.0,Avaliador-21,Avaliador-6,Avaliador-4,0.0,9.0,6.27,5.0,6.3,4.0,4.8,,8.125,10.0,Fase 3,0,Agata,,7.96875,,
RA-416,Fase 3,3L,Aluno-416,2010,13,M,2018,Bolsista,2023,Ametista,Ametista,Ametista,7.913,4.0,Avaliador-21,Avaliador-6,Avaliador-4,9.2,9.8,2.52,7.6,7.0,7.0,8.8,,8.3375,10.0,Fase 3,0,Topazio,,8.28125,,
RA-417,Fase 3,3L,Aluno-417,2009,13,F,2022,Publica,2023,,,Topazio,8.428,4.0,Avaliador-21,Avaliador-6,Avaliador-4,5.4,9.7,7.52,7.8,6.7,8.3,8.3,,8.2125,10.0,Fase 3,0,Topazio,,8.28125,,
RA-305,Fase 3,3L,Aluno-305,2008,15,M,2019,Publica,2023,Ametista,Agata,Agata,6.058,4.0,Avaliador-21,Avaliador-6,Avaliador-4,0.0,8.9,7.52,5.2,5.2,4.8,5.7,,7.75,5.0,Fase 5,-2,Agata,,7.65625,,
RA-418,Fase 3,3L,Aluno-418,2012,11,F,2020,Bolsista,2023,Topazio,Topazio,Topazio,8.175,4.0,Avaliador-21,Avaliador-6,Avaliador-4,8.8,10.0,2.52,8.1,6.7,8.3,9.3,,8.045,10.0,Fase 2,1,Topazio,,8.125,,
RA-419,Fase 3,3L,Aluno-419,2010,13,F,2019,Bolsista,2023,Ametista,Ametista,Ametista,7.359,4.0,Avaliador-21,Avaliador-6,Avaliador-4,6.7,9.5,2.52,7.6,7.0,7.3,8.5,,7.875,10.0,Fase 3,0,Ametista,,8.125,,
RA-421,Fase 3,3L,Aluno-421,2011,12,M,2021,Publica,2023,,Topazio,Topazio,8.717,4.0,Avaliador-21,Avaliador-6,Avaliador-4,9.2,9.9,2.52,7.3,8.0,6.2,7.8,,8.17,10.0,Fase 3,0,Topazio,,7.8125,,
RA-407,Fase 3,3L,Aluno-407,2009,14,M,2022,Publica,2023,,,Ametista,7.195,4.0,Avaliador-21,Avaliador-6,Avaliador-4,9.6,8.6,7.52,7.3,7.3,7.2,7.3,,7.5,5.0,Fase 4,-1,Ametista,,7.8125,,
RA-425,Fase 3,3L,Aluno-425,2010,13,M,2022,Publica,2023,,,Topazio,8.117,4.0,Avaliador-21,Avaliador-6,Avaliador-4,9.2,9.9,2.52,7.5,6.7,7.3,8.5,,8.3775,10.0,Fase 3,0,Topazio,,7.8125,,
RA-426,Fase 3,3M,Aluno-426,2008,14,F,2022,Publica,2023,,,Agata,6.35,4.0,Avaliador-21,Avaliador-6,Avaliador-4,5.4,7.6,5.0,5.0,4.7,5.2,5.0,,7.5425,5.0,Fase 4,-1,Agata,,7.65625,,
RA-430,Fase 3,3M,Aluno-430,2009,14,M,2022,Publica,2023,,,Ametista,7.585,4.0,Avaliador-21,Avaliador-6,Avaliador-4,9.2,9.3,2.52,6.4,7.3,5.5,6.5,,7.75,5.0,Fase 4,-1,Ametista,,7.8125,,
RA-1164,Fase 3,3M,Aluno-1164,2010,13,M,2023,Publica,2023,,,,,4.0,Avaliador-21,Avaliador-6,Avaliador-4,9.2,7.5,2.52,4.8,7.0,7.5,0.0,,7.545,10.0,Fase 3,0,Agata,,7.65625,,
RA-1165,Fase 3,3M,Aluno-1165,2011,12,F,2023,Publica,2023,,,,,4.0,Avaliador-21,Avaliador-6,Avaliador-4,9.2,9.1,5.0,7.3,7.0,6.0,9.0,,7.2925,10.0,Fase 3,0,Ametista,,7.1875,,
RA-432,Fase 3,3M,Aluno-432,2008,15,F,2019,Publica,2023,Quartzo,Quartzo,Agata,6.34,4.0,Avaliador-21,Avaliador-6,Avaliador-4,8.8,9.0,2.52,5.2,5.0,6.3,4.2,,8.0425,5.0,Fase 5,-2,Agata,,7.8125,,
RA-303,Fase 3,3M,Aluno-303,2008,15,M,2019,Publica,2023,Ametista,Agata,Agata,6.03,4.0,Avaliador-21,Avaliador-6,Avaliador-4,0.0,7.3,7.52,5.1,5.7,5.2,4.5,,7.05,5.0,Fase 5,-2,Quartzo,,7.65625,,
RA-420,Fase 3,3M,Aluno-420,2011,12,F,2019,Bolsista,2023,Topazio,Ametista,Ametista,7.461,4.0,Avaliador-21,Avaliador-6,Avaliador-4,8.3,9.3,2.52,5.3,5.7,5.8,4.3,,7.96,10.0,Fase 3,0,Ametista,,7.65625,,
RA-1166,Fase 3,3M,Aluno-1166,2008,15,F,2023,Publica,2023,,,,,4.0,Avaliador-21,Avaliador-6,Avaliador-4,8.3,9.6,7.52,4.8,5.3,2.8,6.2,,7.9175,5.0,Fase 5,-2,Ametista,,7.65625,,
RA-1167,Fase 3,3M,Aluno-1167,2007,16,M,2023,Publica,2023,,,,,4.0,Avaliador-21,Avaliador-6,Avaliador-4,8.8,7.6,2.52,3.8,6.0,3.7,1.8,,7.9625,2.5,Fase 6,-3,Agata,,7.65625,,
RA-424,Fase 3,3M,Aluno-424,2010,13,F,2022,Publica,2023,,,Ametista,7.94,4.0,Avaliador-21,Avaliador-6,Avaliador-4,8.8,9.9,2.52,6.4,5.0,6.7,7.5,,7.7925,10.0,Fase 3,0,Ametista,,7.8125,,
RA-398,Fase 3,3N,Aluno-398,2012,11,F,2022,Publica,2023,,,Ametista,7.742,4.0,Avaliador-21,Avaliador-6,Avaliador-34,6.7,8.1,2.52,6.5,9.3,5.8,4.5,,7.7925,10.0,Fase 2,1,Ametista,,7.5,,
RA-399,Fase 3,3N,Aluno-399,2010,13,F,2022,Publica,2023,,,Agata,6.58,4.0,Avaliador-21,Avaliador-6,Avaliador-34,7.9,8.2,2.52,4.7,5.0,4.2,4.8,,8.165,10.0,Fase 3,0,Ametista,,7.5,,
RA-428,Fase 3,3N,Aluno-428,2009,13,M,2022,Publica,2023,,,Ametista,7.683,4.0,Avaliador-21,Avaliador-6,Avaliador-34,8.3,9.5,2.52,7.2,9.3,4.7,7.7,,8.0425,10.0,Fase 3,0,Ametista,,7.8125,,
RA-315,Fase 3,3N,Aluno-315,2009,14,F,2022,Publica,2023,,,Quartzo,5.672,4.0,Avaliador-21,Avaliador-6,Avaliador-34,0.0,6.8,5.0,6.3,5.7,6.8,6.3,,7.8375,5.0,Fase 4,-1,Quartzo,,7.96875,,
RA-402,Fase 3,3N,Aluno-402,2010,13,F,2019,Publica,2023,Agata,Agata,Quartzo,5.261,4.0,Avaliador-21,Avaliador-6,Avaliador-34,9.2,7.3,2.52,4.2,4.7,4.0,4.0,,6.88,10.0,Fase 3,0,Agata,,7.8125,,
RA-1168,Fase 3,3N,Aluno-1168,2010,13,F,2023,Publica,2023,,,,,4.0,Avaliador-21,Avaliador-6,Avaliador-34,0.0,8.8,2.52,3.5,5.0,2.0,3.5,,7.045,10.0,Fase 3,0,Quartzo,,7.65625,,
RA-613,Fase 3,3N,Aluno-613,2009,14,M,2020,Publica,2023,Ametista,Ametista,Topazio,8.121,4.0,Avaliador-21,Avaliador-6,Avaliador-34,9.2,9.4,5.0,4.8,4.3,6.2,3.8,,7.2125,5.0,Fase 4,-1,Agata,,6.71875,,
RA-304,Fase 3,3N,Aluno-304,2007,15,M,2020,Publica,2023,Ametista,Agata,Agata,6.355,4.0,Avaliador-21,Avaliador-6,Avaliador-34,0.0,8.8,5.0,5.7,7.0,3.7,6.3,,7.835,5.0,Fase 5,-2,Agata,,7.8125,,
RA-457,Fase 3,3N,Aluno-457,2010,13,F,2022,Publica,2023,,,Ametista,7.68,4.0,Avaliador-21,Avaliador-6,Avaliador-34,7.5,8.6,7.52,8.1,6.7,8.5,9.0,,8.045,10.0,Fase 3,0,Topazio,,8.125,,
RA-307,Fase 3,3N,Aluno-307,2008,15,M,2022,Publica,2023,,,Quartzo,4.733,4.0,Avaliador-21,Avaliador-6,Avaliador-34,0.0,6.5,7.52,6.3,6.3,7.3,5.2,,7.46,5.0,Fase 5,-2,Agata,,7.5,,
RA-283,Fase 3,3N,Aluno-283,2008,15,M,2020,Publica,2023,Agata,Agata,Ametista,7.131,4.0,Avaliador-21,Avaliador-6,Avaliador-34,8.3,9.5,7.52,6.8,6.8,4.8,8.8,,7.5025,5.0,Fase 5,-2,Ametista,,7.03125,,
RA-459,Fase 3,3N,Aluno-459,2010,13,M,2019,Publica,2023,Ametista,Ametista,Ametista,7.28,4.0,Avaliador-21,Avaliador-6,Avaliador-34,6.7,9.3,7.52,8.3,8.3,9.2,7.5,,7.88,10.0,Fase 3,0,Topazio,,7.1875,,
RA-440,Fase 3,3P,Aluno-440,2011,12,M,2022,Publica,2023,,,Ametista,7.329,4.0,Avaliador-32,Avaliador-6,Avaliador-34,0.0,8.2,7.52,6.2,7.3,7.0,4.2,,7.835,10.0,Fase 3,0,Agata,,7.96875,,
RA-443,Fase 3,3P,Aluno-443,2009,14,F,2019,Publica,2023,Ametista,Ametista,Ametista,7.482,4.0,Avaliador-32,Avaliador-6,Avaliador-34,7.1,7.5,2.52,7.6,7.0,8.7,7.0,,8.125,5.0,Fase 4,-1,Agata,,7.96875,,
RA-454,Fase 3,3P,Aluno-454,2008,15,M,2018,Publica,2023,Quartzo,Agata,Quartzo,5.561,4.0,Avaliador-32,Avaliador-6,Avaliador-34,0.0,7.5,5.0,2.6,4.2,1.2,2.5,,5.54,5.0,Fase 5,-2,Quartzo,,4.6875,,
RA-444,Fase 3,3P,Aluno-444,2011,11,M,2018,Publica,2023,Agata,Ametista,Agata,6.665,4.0,Avaliador-32,Avaliador-6,Avaliador-34,0.0,7.9,5.0,4.7,4.7,5.8,3.7,,6.4575,10.0,Fase 2,1,Quartzo,,6.40625,,
RA-170,Fase 3,3P,Aluno-170,2008,15,F,2018,Bolsista,2023,Ametista,Ametista,Agata,7.007,4.0,Avaliador-32,Avaliador-6,Avaliador-34,8.8,8.9,2.52,7.2,6.3,8.7,6.5,,7.6725,5.0,Fase 5,-2,Ametista,,6.875,,
RA-1169,Fase 3,3P,Aluno-1169,2009,14,F,2023,Publica,2023,,,,,4.0,Avaliador-32,Avaliador-6,Avaliador-34,7.5,9.5,5.0,6.3,6.8,7.3,4.8,,8.0025,5.0,Fase 4,-1,Ametista,,7.03125,,
RA-458,Fase 3,3P,Aluno-458,2009,14,M,2019,Publica,2023,Ametista,Quartzo,Agata,6.512,4.0,Avaliador-32,Avaliador-6,Avaliador-34,9.6,6.9,7.52,3.8,4.3,4.8,2.2,,6.2475,5.0,Fase 4,-1,Agata,,7.1875,,
RA-1170,Fase 3,3P,Aluno-1170,2009,14,M,2023,Publica,2023,,,,,4.0,Avaliador-32,Avaliador-6,Avaliador-34,8.8,7.7,7.52,5.9,6.0,6.8,4.8,,6.5775,5.0,Fase 4,-1,Agata,,7.1875,,
RA-1171,Fase 3,3P,Aluno-1171,2009,14,M,2023,Publica,2023,,,,,4.0,Avaliador-32,Avaliador-6,Avaliador-34,7.9,8.4,5.0,8.7,7.3,9.0,9.7,,8.88,5.0,Fase 4,-1,Ametista,,8.75,,
RA-449,Fase 3,3P,Aluno-449,2010,12,F,2022,Publica,2023,,,Agata,6.143,4.0,Avaliador-32,Avaliador-6,Avaliador-34,7.1,7.2,7.52,7.0,5.5,7.7,7.7,,6.8425,10.0,Fase 3,0,Ametista,,7.34375,,
RA-462,Fase 3,3P,Aluno-462,2008,15,F,2022,Publica,2023,,,Agata,6.626,4.0,Avaliador-32,Avaliador-6,Avaliador-34,10.0,8.1,5.0,2.7,4.0,2.8,1.3,,6.5825,5.0,Fase 5,-2,Agata,,7.5,,
RA-176,Fase 4,4A,Aluno-176,2009,14,F,2018,Bolsista,2023,Topazio,Ametista,Topazio,8.427,4.0,Avaliador-21,Avaliador-6,Avaliador-23,9.6,9.5,2.52,8.0,7.3,7.3,9.3,,9.0025,10.0,Fase 4,0,Topazio,,8.125,,
RA-178,Fase 4,4A,Aluno-178,2009,14,F,2016,Bolsista,2023,Ametista,Ametista,Agata,7.025,4.0,Avaliador-21,Avaliador-6,Avaliador-23,7.9,8.7,2.52,5.9,6.3,5.8,5.5,,8.42,10.0,Fase 4,0,Ametista,,7.65625,,
RA-193,Fase 4,4A,Aluno-193,2010,13,M,2016,Bolsista,2023,Topazio,Topazio,Topazio,8.155,4.0,Avaliador-21,Avaliador-6,Avaliador-23,8.3,9.4,2.52,6.5,6.0,6.3,7.3,,8.17,10.0,Fase 3,1,Ametista,,8.125,,
RA-1172,Fase 4,4A,Aluno-1172,2007,16,F,2023,Publica,2023,,,,,4.0,Avaliador-21,Avaliador-6,Avaliador-23,8.3,7.8,2.52,6.7,6.0,5.7,8.3,,8.46,5.0,Fase 6,-2,Ametista,,8.59375,,
RA-180,Fase 4,4A,Aluno-180,2010,13,M,2018,Bolsista,2023,Topazio,Topazio,Topazio,8.442,4.0,Avaliador-21,Avaliador-6,Avaliador-23,9.2,9.4,2.52,8.0,8.3,7.3,8.5,,8.92,10.0,Fase 3,1,Topazio,,8.4375,,
RA-181,Fase 4,4A,Aluno-181,2009,14,F,2019,Bolsista,2023,Topazio,Ametista,Topazio,8.623,4.0,Avaliador-21,Avaliador-6,Avaliador-23,9.6,8.3,2.52,6.8,8.3,6.5,5.5,,8.2525,10.0,Fase 4,0,Ametista,,7.96875,,
RA-195,Fase 4,4A,Aluno-195,2009,14,F,2017,Bolsista,2023,Ametista,Ametista,Ametista,8.017,4.0,Avaliador-21,Avaliador-6,Avaliador-23,7.1,9.2,2.52,6.0,6.3,6.2,5.5,,8.79,10.0,Fase 4,0,Ametista,,8.4375,,
RA-196,Fase 4,4A,Aluno-196,2010,13,M,2018,Bolsista,2023,Ametista,Topazio,Topazio,8.124,4.0,Avaliador-21,Avaliador-6,Avaliador-23,7.9,9.0,2.52,6.2,7.0,6.0,5.7,,8.2125,10.0,Fase 3,1,Ametista,,8.28125,,
RA-211,Fase 4,4A,Aluno-211,2009,14,M,2021,Bolsista,2023,,Topazio,Topazio,8.465,4.0,Avaliador-21,Avaliador-6,Avaliador-23,9.6,9.4,2.52,7.1,7.7,8.0,5.7,,8.71,10.0,Fase 4,0,Topazio,,7.65625,,
RA-197,Fase 4,4A,Aluno-197,2009,13,F,2021,Bolsista,2023,,Topazio,Topazio,8.218,4.0,Avaliador-21,Avaliador-6,Avaliador-23,8.3,9.8,2.52,7.2,7.0,7.3,7.2,,8.46,10.0,Fase 3,1,Ametista,,7.96875,,
RA-229,Fase 4,4A,Aluno-229,2010,13,M,2022,Bolsista,2023,,,Topazio,8.62,4.0,Avaliador-21,Avaliador-6,Avaliador-23,9.2,9.8,2.52,7.8,8.0,8.2,7.3,,8.42,10.0,Fase 3,1,Topazio,,8.28125,,
RA-186,Fase 4,4A,Aluno-186,2009,14,F,2019,Privada,2023,Ametista,Ametista,Ametista,7.832,4.0,Avaliador-21,Avaliador-6,Avaliador-23,7.5,9.7,2.52,6.9,6.8,7.0,7.0,,8.46,10.0,Fase 4,0,Ametista,,7.96875,,
RA-189,Fase 4,4A,Aluno-189,2008,14,M,2018,Bolsista,2023,Ametista,Ametista,Ametista,7.629,4.0,Avaliador-21,Avaliador-6,Avaliador-23,7.9,9.4,2.52,6.5,6.3,6.5,6.7,,8.3775,10.0,Fase 4,0,Ametista,,8.28125,,
RA-191,Fase 4,4A,Aluno-191,2009,14,M,2019,Bolsista,2023,Topazio,Topazio,Topazio,8.74,4.0,Avaliador-21,Avaliador-6,Avaliador-23,0.0,9.7,2.52,7.8,8.7,7.0,7.8,,8.4625,10.0,Fase 4,0,Ametista,,8.125,,
RA-1173,Fase 4,4A,Aluno-1173,2009,14,M,2023,Publica,2023,,,,,4.0,Avaliador-21,Avaliador-6,Avaliador-23,8.8,9.7,2.52,6.0,7.0,5.0,6.0,,8.1225,10.0,Fase 4,0,Ametista,,7.8125,,
RA-217,Fase 4,4B,Aluno-217,2007,15,F,2021,Publica,2023,,Ametista,Ametista,7.397,4.0,Avaliador-21,Avaliador-6,Avaliador-23,8.3,8.6,2.52,5.6,6.7,5.3,4.8,,8.5025,5.0,Fase 5,-1,Agata,,8.4375,,
RA-1174,Fase 4,4B,Aluno-1174,2008,15,F,2023,Publica,2023,,,,,4.0,Avaliador-21,Avaliador-6,Avaliador-23,9.2,8.7,2.52,6.8,6.5,7.2,6.8,,8.3375,5.0,Fase 5,-1,Ametista,,8.90625,,
RA-192,Fase 4,4B,Aluno-192,2007,16,M,2021,Privada,2023,,Quartzo,Quartzo,4.932,4.0,Avaliador-21,Avaliador-6,Avaliador-23,8.8,6.2,5.0,6.5,6.0,5.8,7.8,,7.3775,5.0,Fase 6,-2,Agata,,7.1875,,
RA-184,Fase 4,4B,Aluno-184,2010,13,M,2019,Publica,2023,Ametista,Ametista,Ametista,7.28,4.0,Avaliador-21,Avaliador-6,Avaliador-23,7.9,9.5,7.52,7.1,7.3,6.3,7.8,,8.5025,10.0,Fase 3,1,Topazio,,8.59375,,
RA-200,Fase 4,4B,Aluno-200,2007,16,M,2018,Bolsista,2023,Quartzo,Quartzo,Quartzo,5.705,4.0,Avaliador-21,Avaliador-6,Avaliador-23,9.6,4.5,2.52,4.3,4.3,4.2,4.5,,7.17,5.0,Fase 6,-2,Quartzo,,7.5,,
RA-1175,Fase 4,4B,Aluno-1175,2006,17,F,2023,Publica,2023,,,,,4.0,Avaliador-21,Avaliador-6,Avaliador-23,8.3,5.3,2.52,6.3,6.3,6.3,6.2,,7.6275,2.5,Fase 7,-3,Quartzo,,7.65625,,
RA-204,Fase 4,4B,Aluno-204,2009,14,F,2019,Publica,2023,Ametista,Ametista,Agata,6.943,4.0,Avaliador-21,Avaliador-6,Avaliador-23,8.8,7.9,2.52,7.1,4.7,8.0,8.5,,8.045,10.0,Fase 4,0,Ametista,,8.28125,,
RA-1176,Fase 4,4B,Aluno-1176,2010,13,M,2023,Publica,2023,,,,,4.0,Avaliador-21,Avaliador-6,Avaliador-23,8.3,9.3,7.52,8.2,8.0,7.8,8.7,,9.17,10.0,Fase 3,1,Topazio,,9.6875,,
RA-1177,Fase 4,4B,Aluno-1177,2008,14,F,2023,Publica,2023,,,,,4.0,Avaliador-21,Avaliador-6,Avaliador-23,10.0,9.9,2.52,7.2,7.0,6.7,8.0,,8.88,10.0,Fase 4,0,Topazio,,8.90625,,
RA-215,Fase 4,4C,Aluno-215,2009,14,F,2021,Publica,2023,,Agata,Ametista,7.172,4.0,Avaliador-21,Avaliador-6,Avaliador-23,8.8,6.6,2.52,6.9,5.7,6.7,8.3,,7.7125,10.0,Fase 4,0,Ametista,,7.96875,,
RA-1178,Fase 4,4C,Aluno-1178,2007,16,M,2023,Publica,2023,,,,,4.0,Avaliador-21,Avaliador-6,Avaliador-23,8.8,9.3,2.52,5.7,6.3,4.5,6.3,,8.2125,5.0,Fase 6,-2,Ametista,,7.96875,,
RA-149,Fase 4,4C,Aluno-149,2007,16,F,2022,Publica,2023,,,Agata,6.323,4.0,Avaliador-21,Avaliador-6,Avaliador-23,8.8,4.2,2.52,4.7,5.7,3.5,5.0,,7.2925,5.0,Fase 6,-2,Quartzo,,7.5,,
RA-1179,Fase 4,4C,Aluno-1179,2008,15,M,2023,Publica,2023,,,,,4.0,Avaliador-21,Avaliador-6,Avaliador-23,9.6,8.1,4.38,5.0,6.7,3.7,4.5,,7.17,5.0,Fase 5,-1,Agata,,6.875,,
RA-218,Fase 4,4C,Aluno-218,2008,15,F,2022,Publica,2023,,,Agata,6.1,4.0,Avaliador-21,Avaliador-6,Avaliador-23,0.0,6.7,2.52,6.7,5.7,7.0,7.5,,7.88,5.0,Fase 5,-1,Quartzo,,7.96875,,
RA-220,Fase 4,4C,Aluno-220,2009,14,F,2022,Publica,2023,,,Agata,7.028,4.0,Avaliador-21,Avaliador-6,Avaliador-23,8.8,7.6,2.52,6.1,6.3,5.8,6.3,,7.5475,10.0,Fase 4,0,Ametista,,7.1875,,
RA-202,Fase 4,4C,Aluno-202,2008,15,F,2017,Publica,2023,Ametista,Ametista,Quartzo,5.201,4.0,Avaliador-21,Avaliador-6,Avaliador-23,8.8,7.9,2.52,5.9,6.3,4.8,6.7,,8.005,5.0,Fase 5,-1,Agata,,7.96875,,
RA-1180,Fase 4,4C,Aluno-1180,2008,15,M,2023,Publica,2023,,,,,4.0,Avaliador-21,Avaliador-6,Avaliador-23,8.3,9.5,5.0,5.4,6.0,4.8,5.3,,7.7125,5.0,Fase 5,-1,Ametista,,7.1875,,
RA-1181,Fase 4,4C,Aluno-1181,2009,14,F,2023,Publica,2023,,,,,4.0,Avaliador-21,Avaliador-6,Avaliador-23,8.8,8.3,2.52,4.8,5.7,4.3,4.5,,7.3375,10.0,Fase 4,0,Agata,,7.5,,
RA-1182,Fase 4,4C,Aluno-1182,2007,16,F,2023,Publica,2023,,,,,4.0,Avaliador-21,Avaliador-6,Avaliador-23,7.5,6.3,2.52,4.2,5.3,2.0,5.2,,7.2125,5.0,Fase 6,-2,Quartzo,,6.71875,,
RA-205,Fase 4,4C,Aluno-205,2008,15,M,2020,Publica,2023,Ametista,Ametista,Quartzo,5.372,4.0,Avaliador-21,Avaliador-6,Avaliador-23,9.6,7.6,4.38,6.6,7.0,5.5,7.3,,7.09,5.0,Fase 5,-1,Agata,,7.03125,,
RA-1183,Fase 4,4C,Aluno-1183,2007,15,M,2023,Publica,2023,,,,,4.0,Avaliador-21,Avaliador-6,Avaliador-23,7.5,8.7,2.52,5.3,6.0,4.0,6.0,,6.7575,5.0,Fase 5,-1,Agata,,6.09375,,
RA-237,Fase 4,4F,Aluno-237,2008,15,F,2022,Bolsista,2023,,,Topazio,8.084,4.0,Avaliador-21,Avaliador-6,Avaliador-23,8.3,9.5,2.52,6.7,7.7,7.0,5.5,,8.96,5.0,Fase 5,-1,Ametista,,8.125,,
RA-147,Fase 4,4F,Aluno-147,2008,15,F,2022,Publica,2023,,,Ametista,7.541,4.0,Avaliador-21,Avaliador-6,Avaliador-23,0.0,7.0,5.63,4.5,5.0,6.0,2.5,,7.46,5.0,Fase 5,-1,Quartzo,,6.875,,
RA-240,Fase 4,4F,Aluno-240,2009,14,F,2017,Bolsista,2023,Ametista,Ametista,Agata,6.943,4.0,Avaliador-21,Avaliador-6,Avaliador-23,7.1,6.7,2.52,4.8,7.0,3.3,4.2,,6.9175,10.0,Fase 4,0,Agata,,6.875,,
RA-1184,Fase 4,4F,Aluno-1184,2007,16,M,2023,Publica,2023,,,,,4.0,Avaliador-21,Avaliador-6,Avaliador-23,8.3,8.3,5.0,7.3,8.0,5.5,8.5,,8.045,5.0,Fase 6,-2,Ametista,,8.125,,
RA-241,Fase 4,4F,Aluno-241,2008,15,M,2016,Bolsista,2023,Ametista,Topazio,Topazio,8.468,4.0,Avaliador-21,Avaliador-6,Avaliador-23,0.0,9.9,2.52,7.5,9.3,7.0,6.2,,9.545,5.0,Fase 5,-1,Ametista,,8.75,,
RA-242,Fase 4,4F,Aluno-242,2009,14,M,2018,Bolsista,2023,Ametista,Ametista,Topazio,8.673,4.0,Avaliador-21,Avaliador-6,Avaliador-23,7.1,9.7,2.52,7.9,9.3,7.3,7.2,,9.3775,10.0,Fase 4,0,Topazio,,8.59375,,
RA-138,Fase 4,4F,Aluno-138,2007,16,M,2016,Publica,2023,Ametista,Agata,Agata,6.738,4.0,Avaliador-21,Avaliador-6,Avaliador-23,10.0,7.9,6.26,4.3,4.0,3.7,5.2,,7.4175,5.0,Fase 6,-2,Agata,,7.34375,,
RA-244,Fase 4,4F,Aluno-244,2010,13,F,2018,Bolsista,2023,Topazio,Topazio,Topazio,8.51,4.0,Avaliador-21,Avaliador-6,Avaliador-23,0.0,8.8,2.52,7.3,7.0,8.0,6.8,,8.8325,10.0,Fase 3,1,Ametista,,8.125,,
RA-245,Fase 4,4F,Aluno-245,2008,15,M,2016,Bolsista,2023,Ametista,Topazio,Topazio,8.656,4.0,Avaliador-21,Avaliador-6,Avaliador-23,0.0,10.0,2.52,8.1,9.3,7.8,7.3,,9.5875,5.0,Fase 5,-1,Ametista,,8.75,,
RA-246,Fase 4,4F,Aluno-246,2009,14,M,2022,Privada,2023,,,Topazio,8.639,4.0,Avaliador-21,Avaliador-6,Avaliador-23,8.8,9.9,4.39,6.8,7.7,7.0,5.8,,8.9175,10.0,Fase 4,0,Topazio,,8.125,,
RA-141,Fase 4,4F,Aluno-141,2008,15,M,2017,Publica,2023,Agata,Agata,Ametista,7.118,4.0,Avaliador-21,Avaliador-6,Avaliador-23,9.6,8.4,5.63,4.5,6.0,5.3,2.3,,7.0425,5.0,Fase 5,-1,Agata,,7.03125,,
RA-239,Fase 4,4G,Aluno-239,2007,16,F,2021,Publica,2023,,Quartzo,Quartzo,4.572,4.0,Avaliador-21,Avaliador-6,Avaliador-23,0.0,8.4,5.0,7.0,6.0,7.2,7.7,,7.6275,5.0,Fase 6,-2,Agata,,8.125,,
RA-1185,Fase 4,4G,Aluno-1185,2010,13,F,2023,Publica,2023,,,,,4.0,Avaliador-21,Avaliador-6,Avaliador-23,7.5,9.1,5.0,7.5,6.7,6.3,9.5,,8.3775,10.0,Fase 3,1,Topazio,,7.8125,,
RA-262,Fase 4,4G,Aluno-262,2007,16,M,2021,Privada,2023,,Quartzo,Quartzo,4.786,4.0,Avaliador-21,Avaliador-6,Avaliador-23,0.0,3.7,5.0,3.8,5.0,3.3,3.0,,6.05,5.0,Fase 6,-2,Quartzo,,7.03125,,
RA-1186,Fase 4,4G,Aluno-1186,2007,16,F,2023,Publica,2023,,,,,4.0,Avaliador-21,Avaliador-6,Avaliador-23,8.8,9.8,6.89,5.5,6.7,5.2,4.5,,7.3825,5.0,Fase 6,-2,Ametista,,6.875,,
RA-397,Fase 4,4G,Aluno-397,2008,15,F,2017,Publica,2023,Quartzo,Quartzo,Quartzo,5.852,4.0,Avaliador-21,Avaliador-6,Avaliador-23,7.5,7.9,2.52,4.6,6.7,5.0,2.0,,7.465,5.0,Fase 5,-1,Agata,,7.1875,,
RA-1187,Fase 4,4G,Aluno-1187,2010,13,F,2023,Publica,2023,,,,,4.0,Avaliador-21,Avaliador-6,Avaliador-23,8.8,6.9,2.52,5.3,4.7,5.0,6.2,,6.715,10.0,Fase 3,1,Agata,,7.34375,,
RA-145,Fase 4,4H,Aluno-145,2006,17,M,2017,Publica,2023,Agata,Agata,Quartzo,5.846,4.0,Avaliador-21,Avaliador-6,Avaliador-23,7.9,9.0,,6.2,5.3,6.0,7.2,,7.4625,2.5,Fase 7,-3,,,7.96875,,
RA-1188,Fase 4,4H,Aluno-1188,2008,15,F,2023,Publica,2023,,,,,4.0,Avaliador-21,Avaliador-6,Avaliador-23,9.6,9.4,,6.4,6.5,7.5,5.2,,7.5875,5.0,Fase 5,-1,,,7.8125,,
RA-265,Fase 4,4H,Aluno-265,2009,14,M,2019,Publica,2023,Ametista,Ametista,Ametista,7.926,4.0,Avaliador-21,Avaliador-6,Avaliador-23,8.3,8.7,,7.0,7.3,6.8,6.8,,7.88,10.0,Fase 4,0,,,7.96875,,
RA-254,Fase 4,4H,Aluno-254,2008,15,M,2019,Publica,2023,Ametista,Ametista,Agata,6.715,4.0,Avaliador-21,Avaliador-6,Avaliador-23,9.6,8.8,,5.9,5.7,5.7,6.2,,7.71,5.0,Fase 5,-1,,,7.8125,,
RA-267,Fase 4,4H,Aluno-267,2007,16,F,2016,Publica,2023,Agata,Quartzo,Agata,6.012,4.0,Avaliador-21,Avaliador-6,Avaliador-23,7.9,7.7,,2.7,2.7,4.0,1.3,,6.505,5.0,Fase 6,-2,,,4.6875,,
RA-1189,Fase 4,4H,Aluno-1189,2008,15,F,2023,Publica,2023,,,,,4.0,Avaliador-21,Avaliador-6,Avaliador-23,8.8,9.0,,6.1,6.3,5.7,6.2,,7.3775,5.0,Fase 5,-1,,,7.8125,,
RA-295,Fase 4,4L,Aluno-295,2008,15,F,2022,Publica,2023,,,Ametista,7.305,4.0,Avaliador-21,Avaliador-6,Avaliador-23,8.8,8.8,2.52,7.7,7.3,7.2,8.7,,9.005,5.0,Fase 5,-1,Ametista,,9.0625,,
RA-269,Fase 4,4L,Aluno-269,2009,14,M,2022,Publica,2023,,,Topazio,8.231,4.0,Avaliador-21,Avaliador-6,Avaliador-23,9.6,9.0,2.52,7.4,8.0,7.3,7.0,,8.7975,10.0,Fase 4,0,Topazio,,8.59375,,
RA-313,Fase 4,4L,Aluno-313,2008,14,F,2022,Publica,2023,,,Quartzo,5.8,4.0,Avaliador-21,Avaliador-6,Avaliador-23,9.2,8.7,2.52,3.9,4.0,2.8,5.0,,7.75,10.0,Fase 4,0,Ametista,,7.65625,,
RA-1190,Fase 4,4L,Aluno-1190,2009,14,M,2023,Publica,2023,,,,,4.0,Avaliador-21,Avaliador-6,Avaliador-23,0.0,9.2,5.0,4.2,3.0,4.2,5.5,,7.045,10.0,Fase 4,0,Agata,,7.34375,,
RA-301,Fase 4,4L,Aluno-301,2009,14,F,2019,Publica,2023,Ametista,Ametista,Agata,6.802,4.0,Avaliador-21,Avaliador-6,Avaliador-23,9.2,5.4,7.52,5.2,4.7,6.5,4.5,,6.465,10.0,Fase 4,0,Agata,,6.71875,,
RA-286,Fase 4,4L,Aluno-286,2007,15,F,2022,Publica,2023,,,Quartzo,5.424,4.0,Avaliador-21,Avaliador-6,Avaliador-23,0.0,7.5,5.0,4.7,3.7,5.0,5.3,,7.3375,5.0,Fase 5,-1,Quartzo,,8.125,,
RA-1191,Fase 4,4L,Aluno-1191,2009,14,M,2023,Publica,2023,,,,,4.0,Avaliador-21,Avaliador-6,Avaliador-23,7.5,7.2,5.0,3.7,2.3,2.5,6.2,,6.26,10.0,Fase 4,0,Agata,,5.0,,
RA-1192,Fase 4,4L,Aluno-1192,2007,15,F,2023,Publica,2023,,,,,4.0,Avaliador-21,Avaliador-6,Avaliador-23,7.9,8.7,2.52,5.8,4.7,6.0,6.8,,7.6675,5.0,Fase 5,-1,Agata,,7.96875,,
RA-174,Fase 4,4L,Aluno-174,2007,16,F,2019,Publica,2023,Agata,Agata,Agata,6.075,4.0,Avaliador-21,Avaliador-6,Avaliador-23,7.9,5.6,5.0,5.1,3.7,7.3,4.3,,7.2125,5.0,Fase 6,-2,Agata,,7.5,,
RA-1193,Fase 4,4L,Aluno-1193,2009,14,F,2023,Publica,2023,,,,,4.0,Avaliador-21,Avaliador-6,Avaliador-23,0.0,7.8,5.0,4.1,3.7,3.5,5.0,,7.13,10.0,Fase 4,0,Agata,,7.1875,,
RA-308,Fase 4,4L,Aluno-308,2009,14,M,2019,Publica,2023,Ametista,Ametista,Agata,6.93,4.0,Avaliador-21,Avaliador-6,Avaliador-23,5.4,6.8,5.0,4.9,4.7,5.2,4.7,,7.5025,10.0,Fase 4,0,Agata,,7.03125,,
RA-152,Fase 4,4M,Aluno-152,2006,16,F,2022,Publica,2023,,,Agata,6.712,4.0,Avaliador-21,Avaliador-6,Avaliador-23,7.9,7.7,2.52,4.5,4.0,5.0,4.5,,7.71,5.0,Fase 6,-2,Agata,,7.8125,,
RA-270,Fase 4,4M,Aluno-270,2009,14,F,2019,Bolsista,2023,Ametista,Topazio,Topazio,8.226,4.0,Avaliador-21,Avaliador-6,Avaliador-23,9.2,9.0,2.52,6.6,7.7,6.2,5.8,,9.1275,10.0,Fase 4,0,Ametista,,8.75,,
RA-271,Fase 4,4M,Aluno-271,2007,16,F,2022,Publica,2023,,,Ametista,7.255,4.0,Avaliador-21,Avaliador-6,Avaliador-23,0.0,9.3,2.52,5.9,4.3,7.0,6.3,,7.7125,5.0,Fase 6,-2,Agata,,8.125,,
RA-299,Fase 4,4M,Aluno-299,2009,14,F,2019,Bolsista,2023,Topazio,Ametista,Ametista,7.278,4.0,Avaliador-21,Avaliador-6,Avaliador-23,0.0,9.6,2.52,6.1,5.0,7.2,6.2,,8.005,10.0,Fase 4,0,Agata,,7.96875,,
RA-316,Fase 4,4M,Aluno-316,2008,14,F,2022,Publica,2023,,,Ametista,7.889,4.0,Avaliador-21,Avaliador-6,Avaliador-23,10.0,9.5,7.52,5.7,6.3,5.7,5.0,,8.96,10.0,Fase 4,0,Topazio,,8.59375,,
RA-318,Fase 4,4M,Aluno-318,2008,15,F,2019,Publica,2023,Agata,Ametista,Agata,6.527,4.0,Avaliador-21,Avaliador-6,Avaliador-23,7.9,8.1,6.26,4.9,5.0,5.0,4.7,,7.71,5.0,Fase 5,-1,Agata,,7.96875,,
RA-274,Fase 4,4M,Aluno-274,2011,12,F,2019,Bolsista,2023,Ametista,Topazio,Ametista,7.946,4.0,Avaliador-21,Avaliador-6,Avaliador-23,7.5,9.5,5.63,7.5,7.0,7.7,7.8,,8.295,10.0,Fase 3,1,Topazio,,7.65625,,
RA-320,Fase 4,4M,Aluno-320,2008,14,F,2022,Publica,2023,,,Ametista,7.897,4.0,Avaliador-21,Avaliador-6,Avaliador-23,9.2,9.9,7.52,5.5,5.7,6.0,4.7,,8.96,10.0,Fase 4,0,Topazio,,8.59375,,
RA-277,Fase 4,4M,Aluno-277,2008,15,M,2021,Publica,2023,,Ametista,Ametista,7.411,4.0,Avaliador-21,Avaliador-6,Avaliador-23,8.3,9.9,7.52,5.5,5.7,6.0,4.8,,8.7525,5.0,Fase 5,-1,Ametista,,8.125,,
RA-278,Fase 4,4M,Aluno-278,2010,13,M,2018,Publica,2023,Ametista,Topazio,Ametista,7.741,4.0,Avaliador-21,Avaliador-6,Avaliador-23,0.0,9.8,5.63,5.6,6.0,5.3,5.5,,8.3775,10.0,Fase 3,1,Ametista,,8.75,,
RA-291,Fase 4,4M,Aluno-291,2009,14,M,2022,Bolsista,2023,,,Topazio,8.122,4.0,Avaliador-21,Avaliador-6,Avaliador-23,8.8,8.6,7.52,7.1,8.0,6.5,6.7,,9.21,10.0,Fase 4,0,Topazio,,8.90625,,
RA-306,Fase 4,4M,Aluno-306,2008,15,F,2021,Publica,2023,,Ametista,Agata,6.427,4.0,Avaliador-21,Avaliador-6,Avaliador-23,0.0,7.9,6.26,4.0,4.7,4.5,2.8,,7.46,5.0,Fase 5,-1,Quartzo,,7.34375,,
RA-279,Fase 4,4M,Aluno-279,2009,14,M,2019,Publica,2023,Topazio,Topazio,Topazio,8.815,4.0,Avaliador-21,Avaliador-6,Avaliador-23,8.8,10.0,6.27,8.9,9.0,8.5,9.3,,9.2125,10.0,Fase 4,0,Topazio,,8.75,,
RA-280,Fase 4,4M,Aluno-280,2009,14,F,2021,Bolsista,2023,,Topazio,Ametista,8.046,4.0,Avaliador-21,Avaliador-6,Avaliador-23,6.7,9.5,7.52,6.5,6.3,7.7,5.5,,8.7125,10.0,Fase 4,0,Topazio,,8.28125,,
RA-276,Fase 4,4M,Aluno-276,2008,14,F,2017,Bolsista,2023,Agata,Quartzo,Quartzo,5.527,4.0,Avaliador-21,Avaliador-6,Avaliador-23,6.3,8.5,2.52,5.5,3.7,4.7,8.0,,6.585,10.0,Fase 4,0,Agata,,7.03125,,
RA-285,Fase 4,4N,Aluno-285,2006,17,F,2020,Publica,2023,Ametista,Quartzo,Quartzo,5.063,4.0,Avaliador-21,Avaliador-6,Avaliador-23,8.3,4.6,2.52,4.7,4.0,6.0,4.0,,7.13,2.5,Fase 7,-3,Quartzo,,7.65625,,
RA-1194,Fase 4,4N,Aluno-1194,2010,13,M,2023,Publica,2023,,,,,4.0,Avaliador-21,Avaliador-6,Avaliador-23,8.8,9.0,5.0,6.1,6.0,4.2,8.0,,7.6675,10.0,Fase 3,1,Ametista,,7.5,,
RA-287,Fase 4,4N,Aluno-287,2005,18,F,2022,Publica,2023,,,Quartzo,3.7,4.0,Avaliador-21,Avaliador-6,Avaliador-23,0.0,4.8,2.52,3.9,3.0,2.3,6.5,,5.375,2.5,Fase 8,-4,Quartzo,,4.21875,,
RA-319,Fase 4,4N,Aluno-319,2009,14,M,2022,Outros,2023,,,Ametista,7.448,4.0,Avaliador-21,Avaliador-6,Avaliador-23,9.6,9.2,5.0,7.2,5.7,5.8,10.0,,8.88,10.0,Fase 4,0,Topazio,,8.59375,,
RA-321,Fase 4,4N,Aluno-321,2010,13,F,2022,Publica,2023,,,Ametista,7.792,4.0,Avaliador-21,Avaliador-6,Avaliador-23,8.3,9.4,2.52,6.2,6.0,5.8,6.7,,8.42,10.0,Fase 3,1,Ametista,,8.125,,
RA-1195,Fase 4,4N,Aluno-1195,2006,17,F,2022,Publica,2023,,,,,4.0,Avaliador-21,Avaliador-6,Avaliador-23,0.0,8.3,2.52,5.4,4.3,4.7,7.3,,8.0025,2.5,Fase 7,-3,Quartzo,,8.28125,,
RA-159,Fase 4,4N,Aluno-159,2007,16,F,2021,Publica,2023,,Ametista,Agata,6.49,4.0,Avaliador-21,Avaliador-6,Avaliador-23,7.9,8.1,2.52,6.3,5.0,6.0,7.8,,7.8775,5.0,Fase 6,-2,Agata,,8.125,,
RA-322,Fase 4,4N,Aluno-322,2009,14,F,2022,Publica,2023,,,Agata,6.859,4.0,Avaliador-21,Avaliador-6,Avaliador-23,6.7,8.3,2.52,5.3,4.0,5.5,6.3,,8.045,10.0,Fase 4,0,Ametista,,7.96875,,
RA-251,Fase 4,4N,Aluno-251,2007,15,M,2018,Publica,2023,Ametista,Ametista,Agata,7.022,4.0,Avaliador-21,Avaliador-6,Avaliador-23,9.6,8.0,2.52,5.3,5.0,5.5,5.3,,7.835,5.0,Fase 5,-1,Agata,,7.34375,,
RA-116,Fase 5,5A,Aluno-116,2006,17,F,2019,Publica,2023,Ametista,Agata,Agata,6.854,4.0,Avaliador-24,Avaliador-7,Avaliador-23,6.7,7.6,5.0,4.7,2.3,5.0,6.8,,7.5475,5.0,Fase 7,-2,Agata,,7.96875,,
RA-103,Fase 5,5A,Aluno-103,2009,14,F,2020,Bolsista,2023,Agata,Ametista,Topazio,8.107,4.0,Avaliador-24,Avaliador-7,Avaliador-23,8.3,9.2,5.0,7.1,7.3,6.3,7.7,,8.09,10.0,Fase 4,1,Topazio,,8.125,,
RA-42,Fase 5,5A,Aluno-42,2007,16,M,2019,Bolsista,2023,Topazio,Ametista,Agata,6.72,4.0,Avaliador-24,Avaliador-7,Avaliador-23,8.8,8.6,5.63,5.7,6.3,4.2,6.7,,6.6675,5.0,Fase 6,-1,Agata,,6.5625,,
RA-121,Fase 5,5A,Aluno-121,2006,16,F,2021,Publica,2023,,Agata,Ametista,7.245,4.0,Avaliador-24,Avaliador-7,Avaliador-23,6.3,8.8,5.0,6.0,5.0,5.7,7.3,,7.4625,5.0,Fase 6,-1,Agata,,7.34375,,
RA-106,Fase 5,5A,Aluno-106,2007,15,F,2016,Bolsista,2023,Topazio,Ametista,Ametista,7.973,4.0,Avaliador-24,Avaliador-7,Avaliador-23,7.9,9.1,5.0,7.3,6.7,6.8,8.3,,7.5075,10.0,Fase 5,0,Ametista,,7.03125,,
RA-123,Fase 5,5A,Aluno-123,2006,17,M,2017,Bolsista,2023,Ametista,Ametista,Ametista,7.084,4.0,Avaliador-24,Avaliador-7,Avaliador-23,0.0,9.4,5.0,5.7,5.0,5.3,6.7,,6.8375,5.0,Fase 7,-2,Agata,,6.875,,
RA-46,Fase 5,5A,Aluno-46,2005,18,F,2022,Publica,2023,,,Agata,6.048,4.0,Avaliador-24,Avaliador-7,Avaliador-23,7.1,7.4,2.52,4.4,2.8,3.0,7.3,,6.6275,2.5,Fase 8,-3,Quartzo,,6.5625,,
RA-125,Fase 5,5A,Aluno-125,2007,16,F,2022,Privada,2023,,,Ametista,7.619,4.0,Avaliador-24,Avaliador-7,Avaliador-23,9.2,7.7,5.0,5.8,3.3,5.8,8.2,,7.835,5.0,Fase 6,-1,Agata,,8.125,,
RA-110,Fase 5,5A,Aluno-110,2008,15,M,2017,Bolsista,2023,Ametista,Topazio,Topazio,8.15,4.0,Avaliador-24,Avaliador-7,Avaliador-23,8.3,8.6,5.0,7.5,8.3,6.2,8.0,,8.2975,10.0,Fase 5,0,Topazio,,8.75,,
RA-128,Fase 5,5A,Aluno-128,2007,16,M,2019,Privada,2023,Ametista,Agata,Quartzo,5.563,4.0,Avaliador-24,Avaliador-7,Avaliador-23,6.7,7.3,5.0,5.7,6.3,4.0,6.7,,7.5475,5.0,Fase 6,-1,Agata,,7.34375,,
RA-143,Fase 5,5A,Aluno-143,2009,14,M,2019,Bolsista,2023,Topazio,Topazio,Topazio,8.638,4.0,Avaliador-24,Avaliador-7,Avaliador-23,8.3,9.6,2.52,6.5,9.2,5.0,5.2,,8.3375,10.0,Fase 4,1,Ametista,,8.28125,,
RA-111,Fase 5,5A,Aluno-111,2009,14,F,2020,Bolsista,2023,Ametista,Topazio,Topazio,8.646,4.0,Avaliador-24,Avaliador-7,Avaliador-23,7.5,8.7,5.0,6.0,6.0,5.2,6.7,,8.0875,10.0,Fase 4,1,Ametista,,7.65625,,
RA-112,Fase 5,5A,Aluno-112,2007,16,F,2016,Bolsista,2023,Ametista,Ametista,Ametista,7.836,4.0,Avaliador-24,Avaliador-7,Avaliador-23,6.7,8.1,5.0,7.4,7.3,6.5,8.3,,7.9225,5.0,Fase 6,-1,Ametista,,7.96875,,
RA-115,Fase 5,5A,Aluno-115,2006,16,F,2019,Publica,2023,Ametista,Ametista,Quartzo,5.886,4.0,Avaliador-24,Avaliador-7,Avaliador-23,8.8,7.1,5.0,4.2,3.7,3.8,5.2,,7.215,5.0,Fase 6,-1,Agata,,7.34375,,
RA-1196,Fase 5,5B,Aluno-1196,2008,15,M,2023,Privada,2023,,,,,4.0,Avaliador-24,Avaliador-7,Avaliador-23,0.0,8.2,5.0,7.5,8.0,6.2,8.3,,8.045,10.0,Fase 5,0,Ametista,,7.8125,,
RA-52,Fase 5,5B,Aluno-52,2009,14,M,2018,Bolsista,2023,Topazio,Ametista,Ametista,7.861,4.0,Avaliador-24,Avaliador-7,Avaliador-23,10.0,9.8,2.52,6.4,7.7,4.8,6.7,,8.2975,10.0,Fase 4,1,Ametista,,8.125,,
RA-1197,Fase 5,5B,Aluno-1197,2007,16,F,2023,Publica,2023,,,,,4.0,Avaliador-24,Avaliador-7,Avaliador-23,6.7,8.4,5.0,7.3,5.3,7.2,9.3,,7.215,5.0,Fase 6,-1,Agata,,7.03125,,
RA-108,Fase 5,5B,Aluno-108,2005,17,F,2019,Outros,2023,Agata,Agata,Quartzo,5.547,4.0,Avaliador-24,Avaliador-7,Avaliador-23,5.8,7.3,2.52,2.9,2.7,3.2,2.8,,5.59,5.0,Fase 7,-2,Quartzo,,4.375,,
RA-1198,Fase 5,5B,Aluno-1198,2007,16,F,2023,Publica,2023,,,,,4.0,Avaliador-24,Avaliador-7,Avaliador-23,8.3,9.4,6.26,6.7,7.3,3.7,9.0,,7.9625,5.0,Fase 6,-1,Ametista,,7.5,,
RA-127,Fase 5,5B,Aluno-127,2008,15,F,2022,Publica,2023,,,Topazio,8.283,4.0,Avaliador-24,Avaliador-7,Avaliador-23,8.8,7.8,6.26,6.4,4.7,6.3,8.2,,8.6725,10.0,Fase 5,0,Ametista,,8.4375,,
RA-114,Fase 5,5B,Aluno-114,2006,17,M,2022,Publica,2023,,,Quartzo,5.894,4.0,Avaliador-24,Avaliador-7,Avaliador-23,0.0,6.0,3.14,5.6,4.0,4.5,8.3,,7.255,5.0,Fase 7,-2,Quartzo,,7.5,,
RA-146,Fase 5,5C,Aluno-146,2007,16,F,2022,Publica,2023,,,Ametista,7.947,4.0,Avaliador-32,Avaliador-5,Avaliador-23,6.2,9.5,5.0,7.9,7.8,5.8,10.0,,8.2125,5.0,Fase 6,-1,Ametista,,8.4375,,
RA-1199,Fase 5,5C,Aluno-1199,2006,17,M,2023,Publica,2023,,,,,4.0,Avaliador-32,Avaliador-5,Avaliador-23,6.7,9.1,5.0,6.2,6.8,5.0,6.7,,8.0875,5.0,Fase 7,-2,Ametista,,6.875,,
RA-70,Fase 5,5C,Aluno-70,2006,17,F,2017,Publica,2023,Agata,Quartzo,Quartzo,5.712,4.0,Avaliador-32,Avaliador-5,Avaliador-23,9.2,9.2,5.0,4.3,3.0,3.5,6.3,,7.545,5.0,Fase 7,-2,Agata,,7.5,,
RA-107,Fase 5,5C,Aluno-107,2007,15,F,2018,Publica,2023,Topazio,Agata,Agata,6.258,4.0,Avaliador-32,Avaliador-5,Avaliador-23,0.0,8.5,5.0,7.0,6.0,5.2,9.7,,7.5875,10.0,Fase 5,0,Agata,,7.34375,,
RA-1200,Fase 5,5C,Aluno-1200,2007,15,F,2023,Publica,2023,,,,,4.0,Avaliador-32,Avaliador-5,Avaliador-23,0.0,6.4,5.0,4.0,4.3,2.3,5.5,,6.8725,10.0,Fase 5,0,Quartzo,,7.5,,
RA-151,Fase 5,5C,Aluno-151,2006,17,F,2020,Publica,2023,Ametista,Ametista,Ametista,7.563,4.0,Avaliador-32,Avaliador-5,Avaliador-23,0.0,7.8,7.52,7.9,6.8,7.0,10.0,,8.1725,5.0,Fase 7,-2,Agata,,8.59375,,
RA-85,Fase 5,5C,Aluno-85,2007,16,M,2022,Publica,2023,,,Agata,6.243,4.0,Avaliador-32,Avaliador-5,Avaliador-23,8.8,8.9,6.27,5.7,5.8,3.8,7.5,,7.8425,5.0,Fase 6,-1,Ametista,,5.9375,,
RA-1201,Fase 5,5C,Aluno-1201,2008,15,M,2023,Publica,2023,,,,,4.0,Avaliador-32,Avaliador-5,Avaliador-23,9.2,9.6,3.77,7.8,8.3,6.5,8.5,,8.7575,10.0,Fase 5,0,Topazio,,8.59375,,
RA-131,Fase 5,5F,Aluno-131,2007,16,F,2016,Publica,2023,Topazio,Ametista,Ametista,7.174,4.0,Avaliador-24,Avaliador-7,Avaliador-23,8.3,7.8,5.0,2.2,0.0,3.0,3.5,,6.8,5.0,Fase 6,-1,Quartzo,,7.65625,,
RA-132,Fase 5,5F,Aluno-132,2008,15,F,2019,Bolsista,2023,Topazio,Ametista,Topazio,8.355,4.0,Avaliador-24,Avaliador-7,Avaliador-23,7.5,8.7,2.52,6.5,6.3,6.5,6.7,,7.715,10.0,Fase 5,0,Ametista,,7.65625,,
RA-133,Fase 5,5F,Aluno-133,2007,16,F,2016,Publica,2023,Ametista,Quartzo,Agata,6.875,4.0,Avaliador-24,Avaliador-7,Avaliador-23,7.5,7.9,2.52,5.3,5.0,4.3,6.7,,6.505,5.0,Fase 6,-1,Agata,,7.1875,,
RA-104,Fase 5,5F,Aluno-104,2004,19,M,2022,Publica,2023,,,Agata,6.315,4.0,Avaliador-24,Avaliador-7,Avaliador-23,0.0,7.7,2.52,2.6,3.7,1.8,2.3,,5.6275,2.5,Fase 8,-3,Quartzo,,5.625,,
RA-137,Fase 5,5F,Aluno-137,2005,17,F,2016,Bolsista,2023,Quartzo,Agata,Ametista,7.056,4.0,Avaliador-24,Avaliador-7,Avaliador-23,7.1,6.3,2.52,6.0,7.3,4.5,6.2,,6.88,5.0,Fase 7,-2,Quartzo,,6.40625,,
RA-144,Fase 5,5F,Aluno-144,2008,14,F,2017,Bolsista,2023,Agata,Quartzo,Topazio,8.181,4.0,Avaliador-24,Avaliador-7,Avaliador-23,0.0,5.2,2.52,4.4,3.3,2.5,7.3,,6.0,10.0,Fase 4,1,Quartzo,,6.25,,
RA-1202,Fase 5,5F,Aluno-1202,2007,16,F,2023,Publica,2023,,,,,4.0,Avaliador-24,Avaliador-7,Avaliador-23,7.1,7.6,7.52,3.3,4.5,3.3,2.0,,6.67,5.0,Fase 6,-1,Agata,,7.34375,,
RA-90,Fase 5,5L,Aluno-90,2009,14,F,2019,Bolsista,2023,Topazio,Topazio,Topazio,9.442,4.0,Avaliador-24,Avaliador-7,Avaliador-23,10.0,9.6,7.52,7.7,6.7,6.8,9.5,,8.1725,10.0,Fase 4,1,Topazio,,8.59375,,
RA-167,Fase 5,5L,Aluno-167,2006,17,F,2018,Bolsista,2023,Ametista,Ametista,Ametista,7.798,4.0,Avaliador-24,Avaliador-7,Avaliador-23,8.8,9.9,5.0,7.9,8.3,7.2,8.3,,7.8375,5.0,Fase 7,-2,Ametista,,7.96875,,
RA-168,Fase 5,5L,Aluno-168,2007,15,F,2018,Bolsista,2023,Ametista,Ametista,Agata,6.917,4.0,Avaliador-24,Avaliador-7,Avaliador-23,0.0,9.6,6.89,4.7,4.3,3.0,6.7,,6.4225,10.0,Fase 5,0,Agata,,6.5625,,
RA-1203,Fase 5,5L,Aluno-1203,2007,16,F,2023,Publica,2023,,,,,4.0,Avaliador-24,Avaliador-7,Avaliador-23,9.2,10.0,2.52,7.2,6.7,5.8,9.2,,7.8775,5.0,Fase 6,-1,Ametista,,7.96875,,
RA-155,Fase 5,5L,Aluno-155,2006,17,M,2022,Publica,2023,,,Ametista,7.051,4.0,Avaliador-24,Avaliador-7,Avaliador-23,7.9,8.1,5.0,4.4,5.3,2.8,5.2,,6.5875,5.0,Fase 7,-2,Agata,,7.03125,,
RA-94,Fase 5,5L,Aluno-94,2007,16,F,2018,Bolsista,2023,Ametista,Topazio,Topazio,8.921,4.0,Avaliador-24,Avaliador-7,Avaliador-23,7.5,9.6,2.52,7.2,7.7,4.8,9.0,,7.795,5.0,Fase 6,-1,Ametista,,8.75,,
RA-81,Fase 5,5L,Aluno-81,2008,15,F,2017,Bolsista,2023,Ametista,Topazio,Ametista,7.675,4.0,Avaliador-24,Avaliador-7,Avaliador-23,9.6,8.8,2.52,6.3,8.7,4.7,5.5,,7.2125,10.0,Fase 5,0,Ametista,,7.8125,,
RA-302,Fase 5,5L,Aluno-302,2006,17,M,2022,Publica,2023,,,Agata,6.334,4.0,Avaliador-24,Avaliador-7,Avaliador-23,0.0,7.3,5.0,4.3,4.7,2.3,5.8,,6.255,5.0,Fase 7,-2,Quartzo,,7.5,,
RA-171,Fase 5,5L,Aluno-171,2006,17,M,2022,Publica,2023,,,Agata,6.581,4.0,Avaliador-24,Avaliador-7,Avaliador-23,7.5,7.2,5.0,5.2,4.5,4.8,6.2,,6.755,5.0,Fase 7,-2,Agata,,7.1875,,
RA-160,Fase 5,5L,Aluno-160,2007,16,F,2021,Bolsista,2023,,Agata,Agata,6.746,4.0,Avaliador-24,Avaliador-7,Avaliador-23,8.8,8.3,2.52,5.0,3.3,3.8,8.0,,7.46,5.0,Fase 6,-1,Agata,,8.125,,
RA-1204,Fase 5,5L,Aluno-1204,2007,16,M,2023,Publica,2023,,,,,4.0,Avaliador-24,Avaliador-7,Avaliador-23,7.5,8.7,5.0,6.1,5.0,3.7,9.7,,7.2125,5.0,Fase 6,-1,Agata,,7.8125,,
RA-1205,Fase 5,5L,Aluno-1205,2005,18,F,2023,Publica,2023,,,,,4.0,Avaliador-24,Avaliador-7,Avaliador-23,9.2,9.2,6.26,5.0,5.2,3.7,6.2,,7.085,2.5,Fase 8,-3,Agata,,7.5,,
RA-173,Fase 5,5L,Aluno-173,2005,17,M,2019,Bolsista,2023,Ametista,Ametista,Ametista,7.816,4.0,Avaliador-24,Avaliador-7,Avaliador-23,9.2,8.5,6.26,8.1,9.0,6.2,9.2,,7.8775,5.0,Fase 7,-2,Ametista,,8.125,,
RA-166,Fase 5,5L,Aluno-166,2008,15,M,2020,Bolsista,2023,Ametista,Ametista,Topazio,8.253,4.0,Avaliador-24,Avaliador-7,Avaliador-23,7.5,8.9,6.26,8.1,7.0,7.2,10.0,,7.4625,10.0,Fase 5,0,Topazio,,8.4375,,
RA-175,Fase 5,5L,Aluno-175,2007,16,F,2018,Bolsista,2023,Ametista,Ametista,Agata,6.75,4.0,Avaliador-24,Avaliador-7,Avaliador-23,8.8,9.2,2.52,4.8,5.0,5.0,4.5,,7.085,5.0,Fase 6,-1,Agata,,7.1875,,
RA-153,Fase 5,5M,Aluno-153,2008,15,F,2018,Bolsista,2023,Agata,Ametista,Ametista,7.535,4.0,Avaliador-24,Avaliador-7,Avaliador-23,9.2,7.4,2.52,6.4,6.0,5.3,8.0,,7.71,10.0,Fase 5,0,Ametista,,8.125,,
RA-1206,Fase 5,5M,Aluno-1206,2006,17,F,2023,Publica,2023,,,,,4.0,Avaliador-24,Avaliador-7,Avaliador-23,8.8,8.3,2.52,5.6,4.7,3.7,8.3,,7.7125,5.0,Fase 7,-2,Agata,,7.8125,,
RA-157,Fase 5,5M,Aluno-157,2010,13,F,2018,Bolsista,2023,Ametista,Topazio,Topazio,8.317,4.0,Avaliador-24,Avaliador-7,Avaliador-23,7.1,9.9,2.52,6.8,6.0,6.8,7.5,,8.63,10.0,Fase 3,2,Ametista,,8.59375,,
RA-1207,Fase 5,5M,Aluno-1207,2008,15,F,2023,Publica,2023,,,,,4.0,Avaliador-24,Avaliador-7,Avaliador-23,8.8,9.0,5.0,5.5,5.0,4.0,7.5,,7.63,10.0,Fase 5,0,Ametista,,7.8125,,
RA-1208,Fase 5,5M,Aluno-1208,2008,15,M,2023,Publica,2023,,,,,4.0,Avaliador-24,Avaliador-7,Avaliador-23,8.8,8.8,2.52,6.2,5.0,4.8,8.8,,6.2525,10.0,Fase 5,0,Ametista,,6.875,,
RA-1209,Fase 5,5M,Aluno-1209,2007,16,F,2023,Publica,2023,,,,,4.0,Avaliador-24,Avaliador-7,Avaliador-23,7.5,9.4,5.0,7.4,7.7,5.7,8.8,,7.7125,5.0,Fase 6,-1,Ametista,,7.8125,,
RA-158,Fase 5,5M,Aluno-158,2009,14,F,2017,Bolsista,2023,Ametista,Ametista,Ametista,7.302,4.0,Avaliador-24,Avaliador-7,Avaliador-23,7.1,9.0,2.52,6.0,6.0,5.7,6.3,,7.545,10.0,Fase 4,1,Ametista,,8.28125,,
RA-161,Fase 5,5M,Aluno-161,2009,14,F,2018,Bolsista,2023,Ametista,Ametista,Ametista,7.957,4.0,Avaliador-24,Avaliador-7,Avaliador-23,0.0,7.3,2.52,5.8,7.0,4.5,6.0,,7.795,10.0,Fase 4,1,Agata,,8.125,,
RA-164,Fase 5,5M,Aluno-164,2006,16,M,2018,Privada,2023,Agata,Agata,Agata,6.776,4.0,Avaliador-24,Avaliador-7,Avaliador-23,0.0,8.2,2.52,5.8,6.0,4.2,7.3,,6.9625,5.0,Fase 6,-1,Quartzo,,6.875,,
RA-1210,Fase 5,5M,Aluno-1210,2007,16,F,2023,Publica,2023,,,,,4.0,Avaliador-24,Avaliador-7,Avaliador-23,9.6,9.4,5.0,4.7,5.0,2.0,7.0,,8.09,5.0,Fase 6,-1,Ametista,,7.8125,,
RA-165,Fase 5,5M,Aluno-165,2008,15,F,2017,Bolsista,2023,Ametista,Ametista,Topazio,8.063,4.0,Avaliador-24,Avaliador-7,Avaliador-23,6.7,9.2,2.52,7.3,7.3,6.2,8.3,,7.795,10.0,Fase 5,0,Ametista,,8.125,,
RA-1211,Fase 5,5M,Aluno-1211,2007,16,F,2023,Publica,2023,,,,,4.0,Avaliador-24,Avaliador-7,Avaliador-23,7.1,9.1,5.0,6.2,6.3,4.5,7.8,,7.7125,5.0,Fase 6,-1,Ametista,,7.8125,,
RA-1212,Fase 5,5M,Aluno-1212,2007,16,F,2023,Publica,2023,,,,,4.0,Avaliador-24,Avaliador-7,Avaliador-23,8.3,8.9,5.0,4.2,0.0,3.5,9.0,,7.715,5.0,Fase 6,-1,Agata,,7.65625,,
RA-1213,Fase 5,5M,Aluno-1213,2006,17,F,2023,Publica,2023,,,,,4.0,Avaliador-24,Avaliador-7,Avaliador-23,0.0,8.4,2.52,6.0,6.7,4.8,6.5,,7.715,5.0,Fase 7,-2,Quartzo,,7.8125,,
RA-40,Fase 6,6A,Aluno-40,2006,17,F,2016,Bolsista,2023,Ametista,Agata,Ametista,7.203,4.0,Avaliador-24,Avaliador-7,Avaliador-23,7.5,8.2,7.52,5.9,6.2,5.7,5.8,,7.755,5.0,Fase 7,-1,Ametista,,7.96875,,
RA-1214,Fase 6,6A,Aluno-1214,2007,16,M,2023,Publica,2023,,,,,4.0,Avaliador-24,Avaliador-7,Avaliador-23,9.6,9.8,6.89,7.4,8.0,5.0,9.3,,7.6725,10.0,Fase 6,0,Topazio,,7.5,,
RA-71,Fase 6,6A,Aluno-71,2005,18,F,2019,Publica,2023,Agata,Ametista,Quartzo,4.332,4.0,Avaliador-24,Avaliador-7,Avaliador-23,6.7,9.8,6.26,6.6,7.3,5.5,7.0,,7.7125,5.0,Fase 8,-2,Ametista,,7.5,,
RA-53,Fase 6,6A,Aluno-53,2005,18,M,2022,Outros,2023,,,Agata,6.725,4.0,Avaliador-24,Avaliador-7,Avaliador-23,9.2,9.1,5.63,7.7,7.3,6.5,9.2,,7.5875,5.0,Fase 8,-2,Ametista,,7.5,,
RA-43,Fase 6,6A,Aluno-43,2006,17,F,2019,Publica,2023,Ametista,Agata,Quartzo,5.486,4.0,Avaliador-24,Avaliador-7,Avaliador-23,7.9,6.7,5.63,5.0,4.0,5.0,6.0,,7.5875,5.0,Fase 7,-1,Agata,,7.5,,
RA-55,Fase 6,6A,Aluno-55,2006,17,F,2017,Publica,2023,Ametista,Ametista,Agata,6.576,4.0,Avaliador-24,Avaliador-7,Avaliador-23,7.9,8.1,3.14,7.1,8.7,6.5,6.0,,7.545,5.0,Fase 7,-1,Agata,,7.5,,
RA-44,Fase 6,6A,Aluno-44,2005,18,F,2021,Publica,2023,,Ametista,Quartzo,5.542,4.0,Avaliador-24,Avaliador-7,Avaliador-23,0.0,8.5,5.01,6.9,7.3,5.8,7.5,,7.17,5.0,Fase 8,-2,Agata,,7.5,,
RA-1215,Fase 6,6A,Aluno-1215,2007,16,F,2023,Publica,2023,,,,,4.0,Avaliador-24,Avaliador-7,Avaliador-23,7.1,5.6,5.0,4.1,5.0,2.7,4.7,,7.1725,10.0,Fase 6,0,Agata,,7.5,,
RA-45,Fase 6,6A,Aluno-45,2007,16,F,2019,Bolsista,2023,Ametista,Topazio,Ametista,7.591,4.0,Avaliador-24,Avaliador-7,Avaliador-23,7.1,9.6,6.26,7.9,7.8,6.3,9.7,,8.1725,10.0,Fase 6,0,Topazio,,8.28125,,
RA-56,Fase 6,6A,Aluno-56,2007,16,F,2019,Bolsista,2023,Topazio,Topazio,Topazio,8.404,4.0,Avaliador-24,Avaliador-7,Avaliador-23,9.6,9.5,5.0,7.8,7.8,5.5,10.0,,7.8,10.0,Fase 6,0,Topazio,,8.125,,
RA-57,Fase 6,6A,Aluno-57,2006,17,M,2017,Bolsista,2023,Ametista,Ametista,Ametista,7.305,4.0,Avaliador-24,Avaliador-7,Avaliador-23,0.0,8.0,5.63,7.2,7.8,6.8,7.0,,7.755,5.0,Fase 7,-1,Agata,,7.96875,,
RA-58,Fase 6,6A,Aluno-58,2007,16,M,2017,Bolsista,2023,Topazio,Topazio,Topazio,8.136,4.0,Avaliador-24,Avaliador-7,Avaliador-23,0.0,9.7,6.26,8.1,7.8,6.5,10.0,,8.3825,10.0,Fase 6,0,Ametista,,8.4375,,
RA-59,Fase 6,6A,Aluno-59,2005,18,M,2022,Bolsista,2023,,,Ametista,7.642,4.0,Avaliador-24,Avaliador-7,Avaliador-23,7.5,9.6,5.63,7.2,7.7,6.8,7.2,,8.4225,5.0,Fase 8,-2,Ametista,,8.28125,,
RA-1216,Fase 6,6A,Aluno-1216,2004,19,F,2023,Outros,2023,,,,,4.0,Avaliador-24,Avaliador-7,Avaliador-23,9.6,9.0,5.63,7.9,8.7,5.3,9.7,,7.795,5.0,Fase 8,-2,Ametista,,7.5,,
RA-78,Fase 6,6A,Aluno-78,2005,18,F,2018,Bolsista,2023,Ametista,Agata,Ametista,7.04,4.0,Avaliador-24,Avaliador-7,Avaliador-23,0.0,7.7,6.26,6.7,8.5,4.8,6.8,,8.0025,5.0,Fase 8,-2,Agata,,8.28125,,
RA-79,Fase 6,6A,Aluno-79,2006,17,F,2018,Bolsista,2023,Ametista,Agata,Agata,6.847,4.0,Avaliador-24,Avaliador-7,Avaliador-23,5.8,6.2,5.0,7.6,6.0,7.7,9.0,,7.59,5.0,Fase 7,-1,Agata,,7.8125,,
RA-61,Fase 6,6A,Aluno-61,2007,16,M,2021,Publica,2023,,Agata,Ametista,7.533,4.0,Avaliador-24,Avaliador-7,Avaliador-23,8.3,7.0,6.26,6.2,6.7,4.3,7.5,,7.4625,10.0,Fase 6,0,Ametista,,7.96875,,
RA-63,Fase 6,6A,Aluno-63,2006,17,M,2018,Publica,2023,Ametista,Ametista,Topazio,8.282,4.0,Avaliador-24,Avaliador-7,Avaliador-23,6.7,9.0,6.89,8.7,9.3,7.3,9.5,,8.9675,5.0,Fase 7,-1,Topazio,,8.75,,
RA-64,Fase 6,6A,Aluno-64,2006,17,F,2019,Bolsista,2023,Ametista,Topazio,Ametista,7.368,4.0,Avaliador-24,Avaliador-7,Avaliador-23,7.5,9.2,6.89,6.7,7.0,6.0,7.2,,7.9625,5.0,Fase 7,-1,Ametista,,7.34375,,
RA-48,Fase 6,6A,Aluno-48,2007,16,F,2017,Bolsista,2023,Ametista,Ametista,Ametista,8.006,4.0,Avaliador-24,Avaliador-7,Avaliador-23,6.7,8.4,6.26,7.7,8.3,5.7,9.0,,7.6275,10.0,Fase 6,0,Ametista,,7.65625,,
RA-109,Fase 6,6A,Aluno-109,2006,17,M,2021,Bolsista,2023,,Ametista,Topazio,8.512,4.0,Avaliador-24,Avaliador-7,Avaliador-23,8.3,9.9,7.52,8.3,7.0,8.2,9.7,,8.59,5.0,Fase 7,-1,Topazio,,8.75,,
RA-80,Fase 6,6L,Aluno-80,2006,17,F,2017,Bolsista,2023,Ametista,Topazio,Ametista,7.29,4.0,Avaliador-24,Avaliador-7,Avaliador-23,8.3,8.4,6.89,6.3,8.2,5.7,5.0,,7.465,5.0,Fase 7,-1,Ametista,,7.96875,,
RA-91,Fase 6,6L,Aluno-91,2006,17,F,2016,Bolsista,2023,Ametista,Ametista,Agata,6.645,4.0,Avaliador-24,Avaliador-7,Avaliador-23,10.0,7.4,6.89,7.4,9.5,5.0,7.7,,7.4675,5.0,Fase 7,-1,Ametista,,7.8125,,
RA-1217,Fase 6,6L,Aluno-1217,2006,17,F,2023,Publica,2023,,,,,4.0,Avaliador-24,Avaliador-7,Avaliador-23,0.0,7.9,5.63,5.9,7.0,4.0,6.7,,7.38,5.0,Fase 7,-1,Agata,,7.65625,,
RA-92,Fase 6,6L,Aluno-92,2006,17,F,2016,Bolsista,2023,Topazio,Ametista,Agata,6.957,4.0,Avaliador-24,Avaliador-7,Avaliador-23,9.6,9.4,5.63,6.7,8.7,4.8,6.7,,7.045,5.0,Fase 7,-1,Ametista,,7.1875,,
RA-96,Fase 6,6L,Aluno-96,2006,17,M,2021,Bolsista,2023,,Ametista,Ametista,7.54,4.0,Avaliador-24,Avaliador-7,Avaliador-23,9.6,8.9,7.52,6.4,6.8,4.8,7.7,,7.84,5.0,Fase 7,-1,Ametista,,7.65625,,
RA-1218,Fase 6,6L,Aluno-1218,2006,17,M,2023,Publica,2023,,,,,4.0,Avaliador-24,Avaliador-7,Avaliador-23,7.5,9.2,5.0,5.3,6.7,3.5,5.7,,7.1325,5.0,Fase 7,-1,Agata,,7.5,,
RA-1219,Fase 6,6L,Aluno-1219,2007,16,F,2023,Publica,2023,,,,,4.0,Avaliador-24,Avaliador-7,Avaliador-23,8.8,6.5,5.63,6.3,7.2,5.5,6.3,,7.38,10.0,Fase 6,0,Ametista,,7.34375,,
RA-1220,Fase 6,6L,Aluno-1220,2005,17,F,2023,Publica,2023,,,,,4.0,Avaliador-24,Avaliador-7,Avaliador-23,0.0,9.0,5.0,6.8,8.8,5.3,6.3,,7.63,5.0,Fase 7,-1,Agata,,7.8125,,
RA-84,Fase 6,6L,Aluno-84,2005,18,F,2018,Bolsista,2023,Ametista,Ametista,Agata,6.682,4.0,Avaliador-24,Avaliador-7,Avaliador-23,0.0,8.8,2.52,6.0,6.8,5.8,5.5,,7.6725,5.0,Fase 8,-2,Agata,,7.8125,,
RA-99,Fase 6,6L,Aluno-99,2006,17,M,2019,Publica,2023,Agata,Agata,Agata,6.158,4.0,Avaliador-24,Avaliador-7,Avaliador-23,7.9,8.3,5.63,4.5,4.7,4.0,4.8,,7.4225,5.0,Fase 7,-1,Agata,,7.8125,,
RA-87,Fase 6,6L,Aluno-87,2007,16,M,2021,Bolsista,2023,,Ametista,Topazio,8.712,4.0,Avaliador-24,Avaliador-7,Avaliador-23,7.5,10.0,5.63,9.3,9.5,8.7,9.7,,8.385,10.0,Fase 6,0,Topazio,,8.125,,
RA-89,Fase 6,6L,Aluno-89,2006,17,M,2021,Publica,2023,,Quartzo,Ametista,7.323,4.0,Avaliador-24,Avaliador-7,Avaliador-23,8.3,8.1,5.0,5.1,6.3,2.3,6.7,,7.465,5.0,Fase 7,-1,Agata,,7.34375,,
RA-1221,Fase 7,7A,Aluno-1221,2001,22,F,2023,Outros,2023,,,,,4.0,Avaliador-32,Avaliador-7,Avaliador-23,9.2,9.1,6.26,8.7,8.2,8.0,10.0,,8.09,5.0,Fase 8,-1,Topazio,,8.0,,
RA-27,Fase 7,7A,Aluno-27,2006,17,M,2016,Bolsista,2023,Topazio,Ametista,Ametista,7.124,4.0,Avaliador-32,Avaliador-7,Avaliador-23,6.7,7.7,6.89,6.9,7.0,5.8,8.0,,8.8825,10.0,Fase 7,0,Ametista,,8.625,,
RA-1222,Fase 7,7A,Aluno-1222,2003,19,F,2023,Outros,2023,,,,,4.0,Avaliador-32,Avaliador-7,Avaliador-23,7.1,10.0,5.63,6.8,5.0,6.5,9.0,,6.005,5.0,Fase 8,-1,Ametista,,6.875,,
RA-32,Fase 7,7A,Aluno-32,2006,17,F,2018,Bolsista,2023,Ametista,Ametista,Ametista,7.37,4.0,Avaliador-32,Avaliador-7,Avaliador-23,0.0,8.2,3.77,7.9,9.0,5.8,9.0,,6.8775,10.0,Fase 7,0,Agata,,7.375,,
RA-19,Fase 7,7A,Aluno-19,2003,19,F,2022,Outros,2023,,,Ametista,7.665,4.0,Avaliador-32,Avaliador-7,Avaliador-23,7.9,9.4,5.63,7.8,7.7,7.0,8.8,,8.1725,5.0,Fase 8,-1,Ametista,,7.75,,
RA-62,Fase 7,7A,Aluno-62,2005,17,F,2022,Publica,2023,,,Ametista,7.891,4.0,Avaliador-32,Avaliador-7,Avaliador-23,0.0,9.8,6.89,7.5,9.3,6.8,6.3,,8.215,10.0,Fase 7,0,Ametista,,8.25,,
RA-1223,Fase 7,7A,Aluno-1223,2006,17,M,2023,Publica,2023,,,,,4.0,Avaliador-32,Avaliador-7,Avaliador-23,8.8,9.3,5.0,9.0,9.5,8.3,9.3,,7.2925,10.0,Fase 7,0,Topazio,,6.875,,
RA-38,Fase 7,7A,Aluno-38,2005,17,F,2017,Bolsista,2023,Ametista,Ametista,Topazio,8.523,4.0,Avaliador-32,Avaliador-7,Avaliador-23,9.6,9.7,7.52,7.7,8.2,8.8,6.0,,8.8825,10.0,Fase 7,0,Topazio,,8.75,,
RA-1224,Fase 7,7A,Aluno-1224,2003,20,M,2023,Outros,2023,,,,,4.0,Avaliador-32,Avaliador-7,Avaliador-23,8.3,9.4,5.0,8.0,8.2,6.3,9.5,,7.6325,5.0,Fase 8,-1,Ametista,,7.125,,
RA-39,Fase 7,7A,Aluno-39,2006,17,F,2017,Bolsista,2023,Ametista,Ametista,Agata,6.033,4.0,Avaliador-32,Avaliador-7,Avaliador-23,9.6,9.1,7.52,7.8,8.3,7.8,7.2,,8.7575,10.0,Fase 7,0,Topazio,,8.75,,
RA-1225,Fase 7,7E,Aluno-1225,2005,18,F,2023,Outros,2023,,,,,,,,,7.5,,2.52,,,,,,,5.0,Fase 8,-1,,,,,
RA-76,Fase 7,7E,Aluno-76,2007,15,F,2017,Bolsista,2023,Ametista,Topazio,Topazio,9.105,,,,,10.0,,2.52,,,,,,,10.0,Fase 5,2,,,,,
RA-26,Fase 7,7E,Aluno-26,2005,18,M,2022,Bolsista,2023,,,Topazio,8.677,,,,,0.0,,7.52,,,,,,,5.0,Fase 8,-1,,,,,
RA-1226,Fase 7,7E,Aluno-1226,2007,16,F,2023,Bolsista,2023,,,,,,,,,9.2,,7.52,,,,,,,10.0,Fase 6,1,,,,,
RA-93,Fase 7,7E,Aluno-93,2007,16,F,2016,Bolsista,2023,Ametista,Topazio,Topazio,8.941,,,,,7.9,,3.14,,,,,,,10.0,Fase 6,1,,,,,
RA-119,Fase 7,7E,Aluno-119,2008,15,F,2016,Bolsista,2023,Ametista,Agata,Ametista,7.501,,,,,6.7,,2.52,,,,,,,10.0,Fase 5,2,,,,,
RA-1227,Fase 7,7E,Aluno-1227,2006,16,F,2023,Bolsista,2023,,,,,,,,,9.2,,2.52,,,,,,,10.0,Fase 6,1,,,,,
RA-1228,Fase 7,7E,Aluno-1228,2006,17,F,2023,Bolsista,2023,,,,,,,,,7.5,,2.52,,,,,,,10.0,Fase 7,0,,,,,
RA-1229,Fase 7,7E,Aluno-1229,2006,16,F,2023,Bolsista,2023,,,,,,,,,8.3,,7.52,,,,,,,10.0,Fase 6,1,,,,,
RA-98,Fase 7,7E,Aluno-98,2007,15,F,2017,Bolsista,2023,Topazio,Topazio,Topazio,9.354,,,,,7.9,,2.52,,,,,,,10.0,Fase 5,2,,,,,
RA-172,Fase 7,7E,Aluno-172,2008,15,F,2018,Bolsista,2023,Ametista,Topazio,Topazio,8.673,,,,,0.0,,3.77,,,,,,,10.0,Fase 5,2,,,,,
RA-86,Fase 7,7E,Aluno-86,2006,17,M,2016,Bolsista,2023,Topazio,Ametista,Ametista,7.566,,,,,8.3,,6.89,,,,,,,10.0,Fase 7,0,,,,,
RA-1230,Fase 7,7E,Aluno-1230,2007,16,F,2021,Bolsista,2023,,,,,,,,,0.0,,2.52,,,,,,,10.0,Fase 6,1,,,,,
RA-1231,Fase 8,8A,Aluno-1231,2001,22,M,2021,Bolsista,2023,,,,,,,,,,,,,,,,,,10.0,Fase 8,0,,,,,
RA-1232,Fase 8,8A,Aluno-1232,2002,21,M,2021,Bolsista,2023,,,,,,,,,,,,,,,,,,10.0,Fase 8,0,,,,,
RA-1233,Fase 8,8A,Aluno-1233,2001,22,F,2021,Bolsista,2023,,,,,,,,,,,,,,,,,,10.0,Fase 8,0,,,,,
RA-1234,Fase 8,8A,Aluno-1234,2002,20,F,2021,Bolsista,2023,,,,,,,,,,,,,,,,,,10.0,Fase 8,0,,,,,
RA-1235,Fase 8,8A,Aluno-1235,2002,21,M,2021,Bolsista,2023,,,,,,,,,,,,,,,,,,10.0,Fase 8,0,,,,,
RA-1236,Fase 8,8A,Aluno-1236,2002,21,F,2021,Bolsista,2023,,,,,,,,,,,,,,,,,,10.0,Fase 8,0,,,,,
RA-1237,Fase 8,8A,Aluno-1237,2002,21,F,2021,Bolsista,2023,,,,,,,,,,,,,,,,,,10.0,Fase 8,0,,,,,
RA-1238,Fase 8,8A,Aluno-1238,2002,21,F,2021,Bolsista,2023,,,,,,,,,,,,,,,,,,10.0,Fase 8,0,,,,,
RA-1239,Fase 8,8B,Aluno-1239,2003,20,F,2021,Bolsista,2023,,,,,,,,,,,,,,,,,,10.0,Fase 8,0,,,,,
RA-1240,Fase 8,8B,Aluno-1240,2003,20,M,2021,Bolsista,2023,,,,,,,,,,,,,,,,,,10.0,Fase 8,0,,,,,
RA-1241,Fase 8,8B,Aluno-1241,2003,20,F,2021,Bolsista,2023,,,,,,,,,,,,,,,,,,10.0,Fase 8,0,,,,,
RA-1242,Fase 8,8B,Aluno-1242,2003,19,F,2021,Bolsista,2023,,,,,,,,,,,,,,,,,,10.0,Fase 8,0,,,,,
RA-1243,Fase 8,8B,Aluno-1243,2003,19,F,2021,Bolsista,2023,,,,,,,,,,,,,,,,,,10.0,Fase 8,0,,,,,
RA-1244,Fase 8,8B,Aluno-1244,2003,20,F,2021,Bolsista,2023,,,,,,,,,,,,,,,,,,10.0,Fase 8,0,,,,,
RA-1245,Fase 8,8B,Aluno-1245,2003,20,M,2021,Bolsista,2023,,,,,,,,,,,,,,,,,,10.0,Fase 8,0,,,,,
RA-1246,Fase 8,8B,Aluno-1246,2003,20,F,2021,Bolsista,2023,,,,,,,,,,,,,,,,,,10.0,Fase 8,0,,,,,
RA-1247,Fase 8,8B,Aluno-1247,2002,21,F,2021,Bolsista,2023,,,,,,,,,,,,,,,,,,10.0,Fase 8,0,,,,,
RA-1248,Fase 8,8B,Aluno-1248,2003,20,M,2021,Bolsista,2023,,,,,,,,,,,,,,,,,,10.0,Fase 8,0,,,,,
RA-1249,Fase 8,8B,Aluno-1249,1996,26,M,2021,Bolsista,2023,,,,,,,,,,,,,,,,,,10.0,Fase 8,0,,,,,
RA-1250,Fase 8,8B,Aluno-1250,2003,20,M,2021,Bolsista,2023,,,,,,,,,,,,,,,,,,10.0,Fase 8,0,,,,,
RA-1251,Fase 8,8B,Aluno-1251,2003,20,F,2021,Bolsista,2023,,,,,,,,,,,,,,,,,,10.0,Fase 8,0,,,,,
RA-1252,Fase 8,8B,Aluno-1252,2002,21,F,2021,Bolsista,2023,,,,,,,,,,,,,,,,,,10.0,Fase 8,0,,,,,
RA-1253,Fase 8,8D,Aluno-1253,1999,23,F,2021,Bolsista,2023,,,,,,,,,,,,,,,,,,10.0,Fase 8,0,,,,,
RA-1254,Fase 8,8D,Aluno-1254,2003,19,M,2021,Bolsista,2023,,,,,,,,,,,,,,,,,,10.0,Fase 8,0,,,,,
RA-1255,Fase 8,8D,Aluno-1255,2004,19,M,2021,Bolsista,2023,,,,,,,,,,,,,,,,,,10.0,Fase 8,0,,,,,
RA-1256,Fase 8,8D,Aluno-1256,2004,18,F,2021,Bolsista,2023,,,,,,,,,,,,,,,,,,10.0,Fase 8,0,,,,,
RA-1257,Fase 8,8D,Aluno-1257,2004,18,M,2021,Bolsista,2023,,,,,,,,,,,,,,,,,,10.0,Fase 8,0,,,,,
RA-1258,Fase 8,8D,Aluno-1258,1998,24,M,2021,Bolsista,2023,,,,,,,,,,,,,,,,,,10.0,Fase 8,0,,,,,
RA-1259,Fase 8,8D,Aluno-1259,2004,19,F,2021,Bolsista,2023,,,,,,,,,,,,,,,,,,10.0,Fase 8,0,,,,,
RA-1260,Fase 8,8D,Aluno-1260,2004,19,M,2021,Bolsista,2023,,,,,,,,,,,,,,,,,,10.0,Fase 8,0,,,,,
RA-1261,Fase 8,8D,Aluno-1261,2004,19,F,2021,Bolsista,2023,,,,,,,,,,,,,,,,,,10.0,Fase 8,0,,,,,
RA-1262,Fase 8,8D,Aluno-1262,2004,19,F,2021,Bolsista,2023,,,,,,,,,,,,,,,,,,10.0,Fase 8,0,,,,,
RA-1263,Fase 8,8D,Aluno-1263,2003,20,F,2021,Bolsista,2023,,,,,,,,,,,,,,,,,,10.0,Fase 8,0,,,,,
RA-1264,Fase 8,8D,Aluno-1264,2002,20,F,2021,Bolsista,2023,,,,,,,,,,,,,,,,,,10.0,Fase 8,0,,,,,
RA-1265,Fase 8,8D,Aluno-1265,2002,20,M,2022,Bolsista,2023,,,,,,,,,,,,,,,,,,10.0,Fase 8,0,,,,,
RA-1266,Fase 8,8D,Aluno-1266,2004,19,F,2021,Bolsista,2023,,,,,,,,,,,,,,,,,,10.0,Fase 8,0,,,,,
RA-1267,Fase 8,8D,Aluno-1267,2001,22,F,2021,Bolsista,2023,,,,,,,,,,,,,,,,,,10.0,Fase 8,0,,,,,
RA-1268,Fase 8,8D,Aluno-1268,2004,19,M,2021,Bolsista,2023,,,,,,,,,,,,,,,,,,10.0,Fase 8,0,,,,,
RA-14,Fase 8,8E,Aluno-14,2001,21,M,2022,Bolsista,2023,,,Agata,6.793,,,,,,,,,,,,,,10.0,Fase 8,0,,,,,
RA-13,Fase 8,8E,Aluno-13,2004,18,M,2016,Bolsista,2023,Ametista,Ametista,Agata,6.902,,,,,,,,,,,,,,10.0,Fase 8,0,,,,,
RA-12,Fase 8,8E,Aluno-12,2005,18,F,2020,Bolsista,2023,Agata,Agata,Quartzo,4.832,,,,,,,,,,,,,,10.0,Fase 8,0,,,,,
RA-7,Fase 8,8E,Aluno-7,2004,19,M,2017,Bolsista,2023,Ametista,Ametista,Agata,6.818,,,,,,,,,,,,,,10.0,Fase 8,0,,,,,
RA-6,Fase 8,8E,Aluno-6,2004,19,F,2021,Bolsista,2023,,Agata,Quartzo,5.848,,,,,,,,,,,,,,10.0,Fase 8,0,,,,,
RA-5,Fase 8,8E,Aluno-5,2005,18,F,2016,Bolsista,2023,Ametista,Ametista,Ametista,7.427,,,,,,,,,,,,,,10.0,Fase 8,0,,,,,
RA-1,Fase 8,8E,Aluno-1,2003,20,F,2016,Bolsista,2023,Ametista,Ametista,Quartzo,5.783,,,,,,,,,,,,,,10.0,Fase 8,0,,,,,
RA-36,Fase 8,8E,Aluno-36,2005,18,F,2019,Bolsista,2023,Topazio,Ametista,Ametista,7.876,,,,,,,,,,,,,,10.0,Fase 8,0,,,,,
RA-35,Fase 8,8E,Aluno-35,2005,18,F,2019,Bolsista,2023,Ametista,Topazio,Topazio,8.965,,,,,,,,,,,,,,10.0,Fase 8,0,,,,,
RA-34,Fase 8,8E,Aluno-34,2005,18,M,2016,Bolsista,2023,Ametista,Ametista,Agata,6.259,,,,,,,,,,,,,,10.0,Fase 8,0,,,,,
RA-31,Fase 8,8E,Aluno-31,2005,18,F,2019,Bolsista,2023,Topazio,Topazio,Topazio,8.843,,,,,,,,,,,,,,10.0,Fase 8,0,,,,,
RA-23,Fase 8,8E,Aluno-23,2005,17,M,2021,Bolsista,2023,,Ametista,Ametista,7.677,,,,,,,,,,,,,,10.0,Fase 7,1,,,,,
RA-88,Fase 8,8E,Aluno-88,2005,18,M,2021,Bolsista,2023,,Ametista,Ametista,7.498,,,,,,,,,,,,,,10.0,Fase 8,0,,,,,
RA-1269,Fase 8,8E,Aluno-1269,2005,18,F,2021,Bolsista,2023,,,,,,,,,,,,,,,,,,10.0,Fase 8,0,,,,,
RA-49,Fase 8,8E,Aluno-49,2005,18,F,2022,Bolsista,2023,,,Agata,6.304,,,,,,,,,,,,,,10.0,Fase 8,0,,,,,
RA-1270,Fase 8,8E,Aluno-1270,2004,19,F,2021,Bolsista,2023,,,,,,,,,,,,,,,,,,10.0,Fase 8,0,,,,,
RA-29,Fase 8,8E,Aluno-29,2005,18,M,2022,Bolsista,2023,,,Quartzo,4.985,,,,,,,,,,,,,,10.0,Fase 8,0,,,,,
RA-17,Fase 8,8E,Aluno-17,2002,21,M,2022,Bolsista,2023,,,Topazio,8.068,,,,,,,,,,,,,,10.0,Fase 8,0,,,,,
RA-21,Fase 8,8E,Aluno-21,2004,19,M,2022,Bolsista,2023,,,Agata,6.945,,,,,,,,,,,,,,10.0,Fase 8,0,,,,,
RA-25,Fase 8,8E,Aluno-25,2005,18,F,2021,Bolsista,2023,,Topazio,Ametista,7.979,,,,,,,,,,,,,,10.0,Fase 8,0,,,,,
RA-2,Fase 8,8E,Aluno-2,2005,18,F,2017,Bolsista,2023,Ametista,Ametista,Ametista,7.055,,,,,,,,,,,,,,10.0,Fase 8,0,,,,,
RA-1271,Fase 8,8E,Aluno-1271,2004,18,F,2021,Bolsista,2023,,,,,,,,,,,,,,,,,,10.0,Fase 8,0,,,,,
RA-1272,Fase 8,8E,Aluno-1272,2004,18,F,2021,Bolsista,2023,,,,,,,,,,,,,,,,,,10.0,Fase 8,0,,,,,
RA-1273,Fase 8,8E,Aluno-1273,2005,17,F,2023,Bolsista,2023,,,,,,,,,,,,,,,,,,10.0,Fase 7,1,,,,,
RA-1274,Fase 8,8E,Aluno-1274,2005,18,F,2021,Bolsista,2023,,,,,,,,,,,,,,,,,,10.0,Fase 8,0,,,,,
RA-1275,Alfa,Alfa A - G0/G1,Aluno-1275,2016,8,M,2024,Publica,2024,,,,,3.0,Avaliador-11,Avaliador-2,Avaliador-9,10.002,8.6666666665,6.26,8.0,10.0,6.0,,,5.446666667,10.0,Alfa,0,,,5.625,Ametista,
RA-1276,Alfa,Alfa A - G0/G1,Aluno-1276,2016,8,F,2024,Publica,2024,,,,,3.0,Avaliador-11,Avaliador-2,Avaliador-9,10.002,9.3333333335,3.76,8.0,10.0,6.0,,,7.05,10.0,Alfa,0,,,7.5,Topazio,
RA-1277,Alfa,Alfa A - G0/G1,Aluno-1277,2016,8,M,2024,Publica,2024,,,,,3.0,Avaliador-11,Avaliador-2,Avaliador-9,10.002,9.0833333335,3.76,8.0,10.0,6.0,,,7.046666667,10.0,Alfa,0,,,7.5,Ametista,
RA-868,Alfa,Alfa A - G0/G1,Aluno-868,2015,8,M,2023,Publica,2024,,,,,3.0,Avaliador-11,Avaliador-2,Avaliador-9,8.002,9.75,3.76,7.0,8.0,6.0,,,7.213333333,5.0,Fase 1,-1,,Topazio,6.875,Ametista,
RA-1278,Alfa,Alfa A - G0/G1,Aluno-1278,2015,9,M,2024,Publica,2024,,,,,3.0,Avaliador-11,Avaliador-2,Avaliador-9,9.002,4.1666666665,3.76,7.5,8.0,7.0,,,4.173333333,5.0,Fase 1,-1,,,5.0,Quartzo,
RA-1279,Alfa,Alfa B - G2/G3,Aluno-1279,2015,9,F,2024,Publica,2024,,,,,3.0,Avaliador-3,Avaliador-13,Avaliador-9,10.002,10.0,6.26,8.25,9.0,7.5,,,7.78,5.0,Fase 1,-1,,,7.5,Topazio,
RA-861,Alfa,Alfa B - G2/G3,Aluno-861,2015,9,F,2023,Publica,2024,,,,,3.0,Avaliador-3,Avaliador-13,Avaliador-9,9.502,10.0,7.51,10.0,10.0,10.0,,,9.73,5.0,Fase 1,-1,,Topazio,8.125,Topazio,
RA-862,Alfa,Alfa B - G2/G3,Aluno-862,2014,10,M,2023,Publica,2024,,,,,3.0,Avaliador-3,Avaliador-13,Avaliador-9,9.002,8.6136363635,7.51,7.5,10.0,5.0,,,6.27,5.0,Fase 2,-2,,Topazio,7.1875,Ametista,
RA-1280,Alfa,Alfa B - G2/G3,Aluno-1280,2015,9,M,2024,Publica,2024,,,,,3.0,Avaliador-3,Avaliador-13,Avaliador-9,10.002,9.5454545455,6.26,8.5,10.0,7.0,,,8.336666667,5.0,Fase 1,-1,,,7.5,Topazio,
RA-1281,Alfa,Alfa B - G2/G3,Aluno-1281,2015,9,F,2024,Publica,2024,,,,,3.0,Avaliador-3,Avaliador-13,Avaliador-9,7.918,9.5454545455,6.26,9.25,10.0,8.5,,,7.78,5.0,Fase 1,-1,,,7.5,Ametista,
RA-895,Alfa,Alfa B - G2/G3,Aluno-895,2015,9,F,2023,Publica,2024,,,,,3.0,Avaliador-3,Avaliador-13,Avaliador-9,9.502,9.5454545455,6.26,9.5,10.0,9.0,,,8.113333333,5.0,Fase 1,-1,,Topazio,7.5,Topazio,
RA-884,Alfa,Alfa B - G2/G3,Aluno-884,2015,8,F,2023,Publica,2024,,,,,3.0,Avaliador-3,Avaliador-13,Avaliador-9,10.002,8.818181818,6.26,8.75,10.0,7.5,,,8.223333333,5.0,Fase 1,-1,,Topazio,7.5,Topazio,
RA-1282,Alfa,Alfa B - G2/G3,Aluno-1282,2014,9,F,2024,Publica,2024,,,,,3.0,Avaliador-3,Avaliador-13,Avaliador-9,9.502,8.1136363635,6.26,9.25,10.0,8.5,,,7.89,5.0,Fase 1,-1,,,7.5,Ametista,
RA-889,Alfa,Alfa B - G2/G3,Aluno-889,2015,9,M,2023,Publica,2024,,,,,3.0,Avaliador-3,Avaliador-13,Avaliador-9,8.502,9.2954545455,6.26,9.75,10.0,9.5,,,8.28,5.0,Fase 1,-1,,Topazio,7.5,Topazio,
RA-867,Alfa,Alfa B - G2/G3,Aluno-867,2015,9,M,2023,Publica,2024,,,,,3.0,Avaliador-3,Avaliador-13,Avaliador-9,9.002,7.409090909,7.51,8.5,10.0,7.0,,,7.5,5.0,Fase 1,-1,,Topazio,7.5,Ametista,
RA-1283,Alfa,Alfa B - G2/G3,Aluno-1283,2014,10,M,2024,Publica,2024,,,,,3.0,Avaliador-3,Avaliador-13,Avaliador-9,10.002,9.230769231,7.51,9.0,10.0,8.0,,,8.28,5.0,Fase 2,-2,,,7.5,Topazio,
RA-891,Alfa,Alfa B - G2/G3,Aluno-891,2014,10,F,2023,Publica,2024,,,,,3.0,Avaliador-3,Avaliador-13,Avaliador-9,10.002,9.0454545455,6.26,8.75,10.0,7.5,,,8.003333333,5.0,Fase 1,-1,,Ametista,7.5,Topazio,
RA-1284,Alfa,Alfa C - G0/G1,Aluno-1284,2016,8,F,2024,Publica,2024,,,,,3.0,Avaliador-3,Avaliador-11,Avaliador-9,9.002,9.347826087,2.51,10.0,10.0,10.0,,,7.89,10.0,Alfa,0,,,7.8125,Topazio,
RA-1012,Alfa,Alfa C - G0/G1,Aluno-1012,2015,9,F,2023,Publica,2024,,,,,3.0,Avaliador-3,Avaliador-11,Avaliador-9,9.502,9.523809524,2.51,9.75,10.0,9.5,,,8.443333333,5.0,Fase 1,-1,,Ametista,8.125,Topazio,
RA-1285,Alfa,Alfa C - G0/G1,Aluno-1285,2017,7,F,2024,Publica,2024,,,,,3.0,Avaliador-3,Avaliador-11,Avaliador-9,10.002,8.830227742999998,2.51,8.0,8.0,8.0,,,8.946666667,10.0,Alfa,0,,,7.5,Topazio,
RA-1286,Alfa,Alfa C - G0/G1,Aluno-1286,2016,7,M,2024,Publica,2024,,,,,3.0,Avaliador-3,Avaliador-11,Avaliador-9,8.002,5.051759834,2.51,7.0,8.0,6.0,,,4.61,10.0,Alfa,0,,,5.3125,Quartzo,
RA-1287,Alfa,Alfa C - G0/G1,Aluno-1287,2016,8,F,2024,Publica,2024,,,,,3.0,Avaliador-3,Avaliador-11,Avaliador-9,10.002,9.3064182195,2.51,7.75,8.0,7.5,,,8.223333333,5.0,Fase 1,-1,,,8.125,Ametista,
RA-1288,Alfa,Alfa C - G0/G1,Aluno-1288,2017,7,F,2024,Publica,2024,,,,,3.0,Avaliador-3,Avaliador-11,Avaliador-9,9.002,7.9813664595,2.51,10.0,10.0,10.0,,,7.273333333,10.0,Alfa,0,,,7.1875,Ametista,
RA-1289,Alfa,Alfa D - G2/G3,Aluno-1289,2014,10,F,2024,Publica,2024,,,,,3.0,Avaliador-3,Avaliador-13,Avaliador-9,7.002,9.4444444445,7.51,7.75,9.0,6.5,,,6.166666667,5.0,Fase 1,-1,,,5.9375,Ametista,
RA-1290,Alfa,Alfa D - G2/G3,Aluno-1290,2015,9,M,2024,Publica,2024,,,,,3.0,Avaliador-3,Avaliador-13,Avaliador-9,10.002,10.0,7.51,8.75,10.0,7.5,,,8.28,5.0,Fase 1,-1,,,7.5,Topazio,
RA-1291,Alfa,Alfa D - G2/G3,Aluno-1291,2015,9,M,2024,Publica,2024,,,,,3.0,Avaliador-3,Avaliador-13,Avaliador-9,9.502,9.5,7.51,8.25,10.0,6.5,,,7.89,5.0,Fase 1,-1,,,7.5,Topazio,
RA-885,Alfa,Alfa D - G2/G3,Aluno-885,2015,9,M,2023,Publica,2024,,,,,3.0,Avaliador-3,Avaliador-13,Avaliador-9,8.502,10.0,7.51,8.5,10.0,7.0,,,8.28,5.0,Fase 1,-1,,Topazio,7.5,Topazio,
RA-1292,Alfa,Alfa D - G2/G3,Aluno-1292,2015,9,F,2024,Publica,2024,,,,,3.0,Avaliador-3,Avaliador-13,Avaliador-9,7.502,4.7727272725,7.51,8.25,10.0,6.5,,,7.893333333,5.0,Fase 1,-1,,,7.1875,Agata,
RA-1293,Alfa,Alfa D - G2/G3,Aluno-1293,2015,9,F,2024,Publica,2024,,,,,3.0,Avaliador-3,Avaliador-13,Avaliador-9,8.002,9.4949494945,7.51,8.5,8.5,8.5,,,8.336666667,5.0,Fase 1,-1,,,6.875,Topazio,
RA-888,Alfa,Alfa D - G2/G3,Aluno-888,2016,8,M,2023,Publica,2024,,,,,3.0,Avaliador-3,Avaliador-13,Avaliador-9,9.002,10.0,6.88,8.5,9.0,8.0,,,8.28,5.0,Fase 1,-1,,Topazio,7.5,Topazio,
RA-1294,Alfa,Alfa D - G2/G3,Aluno-1294,2014,10,M,2024,Publica,2024,,,,,3.0,Avaliador-3,Avaliador-13,Avaliador-9,9.502,10.0,7.51,7.75,9.0,6.5,,,7.553333333,5.0,Fase 2,-2,,,6.875,Ametista,
RA-1009,Alfa,Alfa E - G2/G3,Aluno-1009,2015,9,M,2023,Publica,2024,,,,,3.0,Avaliador-3,Avaliador-13,Avaliador-9,8.002,6.8863636365000005,2.51,7.5,10.0,5.0,,,6.553333333,5.0,Fase 1,-1,,Ametista,6.5625,Agata,
RA-1013,Alfa,Alfa E - G2/G3,Aluno-1013,2015,8,M,2023,Publica,2024,,,,,3.0,Avaliador-3,Avaliador-13,Avaliador-9,9.002,5.6937799039999994,2.51,7.75,8.0,7.5,,,4.72,5.0,Fase 1,-1,,Ametista,5.0,Quartzo,
RA-1295,Alfa,Alfa E - G2/G3,Aluno-1295,2016,8,F,2024,Publica,2024,,,,,3.0,Avaliador-3,Avaliador-13,Avaliador-9,10.002,9.5227272725,2.51,7.5,7.0,8.0,,,8.28,10.0,Alfa,0,,,7.5,Topazio,
RA-1296,Alfa,Alfa E - G2/G3,Aluno-1296,2015,9,F,2024,Publica,2024,,,,,3.0,Avaliador-3,Avaliador-13,Avaliador-9,9.002,8.4444444445,2.51,6.5,7.5,5.5,,,8.336666667,5.0,Fase 1,-1,,,7.5,Ametista,
RA-863,Alfa,Alfa E - G2/G3,Aluno-863,2016,8,M,2023,Publica,2024,,,,,3.0,Avaliador-3,Avaliador-13,Avaliador-9,8.502,3.159090909,2.51,5.5,10.0,1.0,,,4.333333333,5.0,Fase 1,-1,,Quartzo,4.6875,Quartzo,
RA-1297,Alfa,Alfa E - G2/G3,Aluno-1297,2016,8,M,2024,Publica,2024,,,,,3.0,Avaliador-3,Avaliador-13,Avaliador-9,9.502,9.761904762,2.51,9.25,10.0,8.5,,,6.833333333,5.0,Fase 1,-1,,,7.5,Ametista,
RA-1014,Alfa,Alfa E - G2/G3,Aluno-1014,2016,8,F,2023,Publica,2024,,,,,3.0,Avaliador-3,Avaliador-13,Avaliador-9,8.502,7.8863636365000005,2.51,5.25,6.5,4.0,,,7.0,5.0,Fase 1,-1,,Topazio,6.875,Agata,
RA-880,Alfa,Alfa E - G2/G3,Aluno-880,2015,8,F,2023,Publica,2024,,,,,3.0,Avaliador-3,Avaliador-13,Avaliador-9,9.502,8.445652174,2.51,6.5,7.5,5.5,,,7.22,5.0,Fase 1,-1,,Agata,7.1875,Agata,
RA-886,Alfa,Alfa E - G2/G3,Aluno-886,2016,8,F,2023,Publica,2024,,,,,3.0,Avaliador-3,Avaliador-13,Avaliador-9,9.502,10.0,8.13,8.75,9.0,8.5,,,8.28,5.0,Fase 1,-1,,Topazio,7.5,Topazio,
RA-1298,Alfa,Alfa E - G2/G3,Aluno-1298,2016,8,M,2024,Publica,2024,,,,,3.0,Avaliador-3,Avaliador-13,Avaliador-9,9.502,6.643356643500001,7.51,6.75,7.0,6.5,,,7.393333333,10.0,Alfa,0,,,7.1875,Ametista,
RA-1299,Alfa,Alfa E - G2/G3,Aluno-1299,2014,10,M,2024,Publica,2024,,,,,3.0,Avaliador-3,Avaliador-13,Avaliador-9,8.502,7.638888889,7.51,6.5,7.0,6.0,,,7.11,5.0,Fase 2,-2,,,7.1875,Ametista,
RA-904,Alfa,Alfa F - G0/G1,Aluno-904,2016,8,F,2023,Publica,2024,,,,,3.0,Avaliador-11,Avaliador-2,Avaliador-9,9.502,8.75,7.51,6.0,6.0,6.0,,,8.67,5.0,Fase 1,-1,,Topazio,7.5,Ametista,
RA-1300,Alfa,Alfa F - G0/G1,Aluno-1300,2016,8,F,2024,Publica,2024,,,,,3.0,Avaliador-11,Avaliador-2,Avaliador-9,8.502,8.75,2.51,9.0,10.0,8.0,,,8.613333333,5.0,Fase 1,-1,,,7.5,Ametista,
RA-1301,Alfa,Alfa F - G0/G1,Aluno-1301,2015,8,M,2024,Publica,2024,,,,,3.0,Avaliador-11,Avaliador-2,Avaliador-9,9.502,2.9166666665000003,2.51,7.0,10.0,4.0,,,6.0,5.0,Fase 1,-1,,,7.5,Quartzo,
RA-1302,Alfa,Alfa F - G0/G1,Aluno-1302,2016,8,M,2024,Publica,2024,,,,,3.0,Avaliador-11,Avaliador-2,Avaliador-9,10.002,5.416666667,2.51,4.0,4.0,4.0,,,4.996666667,10.0,Alfa,0,,,6.25,Quartzo,
RA-1303,Alfa,Alfa F - G0/G1,Aluno-1303,2016,8,F,2024,Publica,2024,,,,,3.0,Avaliador-11,Avaliador-2,Avaliador-9,10.002,10.0,2.51,10.0,10.0,10.0,,,9.17,10.0,Alfa,0,,,7.5,Topazio,
RA-1304,Alfa,Alfa G - G2/G3,Aluno-1304,2014,10,F,2024,Publica,2024,,,,,3.0,Avaliador-3,Avaliador-13,Avaliador-9,9.002,7.9575163395,8.135,6.0,6.0,6.0,,,6.493333333,5.0,Fase 2,-2,,,7.8125,Ametista,
RA-1305,Alfa,Alfa G - G2/G3,Aluno-1305,2014,10,F,2024,Publica,2024,,,,,3.0,Avaliador-3,Avaliador-13,Avaliador-9,8.502,8.710526316,2.51,4.75,2.0,7.5,,,8.053333333,5.0,Fase 1,-1,,,7.8125,Agata,
RA-1306,Alfa,Alfa G - G2/G3,Aluno-1306,2016,8,F,2024,Publica,2024,,,,,3.0,Avaliador-3,Avaliador-13,Avaliador-9,9.002,10.0,8.135,9.75,10.0,9.5,,,7.946666667,5.0,Fase 1,-1,,,7.5,Topazio,
RA-702,Alfa,Alfa G - G2/G3,Aluno-702,2014,10,F,2022,Publica,2024,,,Ametista,7.387203380952382,3.0,Avaliador-3,Avaliador-13,Avaliador-9,9.002,9.75,2.51,9.25,10.0,8.5,,,7.163333333,5.0,Fase 2,-2,,Topazio,7.8125,Ametista,
RA-725,Alfa,Alfa G - G2/G3,Aluno-725,2014,10,M,2022,Publica,2024,,,Agata,6.330304030303031,3.0,Avaliador-3,Avaliador-13,Avaliador-9,7.502,7.6710526315,7.51,7.25,7.0,7.5,,,6.773333333,5.0,Fase 1,-1,,Topazio,7.5,Ametista,
RA-912,Alfa,Alfa G - G2/G3,Aluno-912,2014,10,F,2023,Publica,2024,,,,,3.0,Avaliador-3,Avaliador-13,Avaliador-9,9.002,9.4736842105,7.51,7.25,7.0,7.5,,,6.943333333,5.0,Fase 2,-2,,Ametista,8.125,Ametista,
RA-918,Alfa,Alfa G - G2/G3,Aluno-918,2016,8,F,2023,Publica,2024,,,,,3.0,Avaliador-3,Avaliador-13,Avaliador-9,7.918,8.697368421,2.51,2.75,1.0,4.5,,,6.156666667,5.0,Fase 1,-1,,Ametista,5.9375,Quartzo,
RA-920,Alfa,Alfa G - G2/G3,Aluno-920,2015,9,F,2023,Publica,2024,,,,,3.0,Avaliador-3,Avaliador-13,Avaliador-9,9.502,7.6710526315,7.51,8.25,9.0,7.5,,,8.226666667,5.0,Fase 1,-1,,Agata,7.1875,Ametista,
RA-1307,Alfa,Alfa H - G0/G1,Aluno-1307,2016,8,M,2024,Publica,2024,,,,,3.0,Avaliador-11,Avaliador-2,Avaliador-9,10.002,5.833333333500001,6.255,5.5,7.0,4.0,,,5.383333333,10.0,Alfa,0,,,6.25,Agata,
RA-1308,Alfa,Alfa H - G0/G1,Aluno-1308,2015,9,F,2024,Publica,2024,,,,,3.0,Avaliador-11,Avaliador-2,Avaliador-9,10.002,7.445652174,7.51,6.0,8.0,4.0,,,5.933333333,5.0,Fase 1,-1,,,7.5,Agata,
RA-1309,Alfa,Alfa H - G0/G1,Aluno-1309,2016,7,F,2024,Publica,2024,,,,,3.0,Avaliador-11,Avaliador-2,Avaliador-9,9.002,9.1666666665,7.51,7.5,8.0,7.0,,,8.223333333,10.0,Alfa,0,,,7.5,Topazio,
RA-1310,Alfa,Alfa H - G0/G1,Aluno-1310,2017,7,F,2024,Publica,2024,,,,,3.0,Avaliador-11,Avaliador-2,Avaliador-9,8.502,9.375,2.51,10.0,10.0,10.0,,,8.166666667,10.0,Alfa,0,,,7.8125,Topazio,
RA-1311,Alfa,Alfa H - G0/G1,Aluno-1311,2016,8,M,2024,Publica,2024,,,,,3.0,Avaliador-11,Avaliador-2,Avaliador-9,9.002,9.166666667,2.51,0.0,0.0,0.0,,,8.386666667,10.0,Alfa,0,,,7.5,Agata,
RA-1312,Alfa,Alfa H - G0/G1,Aluno-1312,2015,9,M,2024,Publica,2024,,,,,3.0,Avaliador-11,Avaliador-2,Avaliador-9,10.002,8.333333333,7.51,6.5,8.0,5.0,,,8.336666667,5.0,Fase 1,-1,,,6.25,Ametista,
RA-1313,Alfa,Alfa H - G0/G1,Aluno-1313,2016,8,M,2024,Publica,2024,,,,,3.0,Avaliador-11,Avaliador-2,Avaliador-9,9.502,8.125,7.51,6.25,4.0,8.5,,,8.446666667,10.0,Alfa,0,,,7.5,Topazio,
RA-1314,Alfa,Alfa H - G0/G1,Aluno-1314,2017,7,F,2024,Publica,2024,,,,,3.0,Avaliador-11,Avaliador-2,Avaliador-9,7.418,8.541666667,7.51,9.0,8.0,10.0,,,7.443333333,10.0,Alfa,0,,,7.5,Topazio,
RA-1315,Alfa,Alfa H - G0/G1,Aluno-1315,2017,7,M,2024,Publica,2024,,,,,3.0,Avaliador-11,Avaliador-2,Avaliador-9,6.834,8.3333333335,7.51,9.0,10.0,8.0,,,8.5,10.0,Alfa,0,,,7.5,Topazio,
RA-921,Alfa,Alfa I - G2/G3,Aluno-921,2016,8,F,2023,Publica,2024,,,,,2.0,Avaliador-3,Avaliador-13,,8.502,8.6631016045,7.51,6.0,5.0,7.0,,,7.5,5.0,Fase 1,-1,,Ametista,7.5,Ametista,
RA-1316,Alfa,Alfa I - G2/G3,Aluno-1316,2015,9,F,2024,Publica,2024,,,,,2.0,Avaliador-3,Avaliador-13,,9.002,8.20855615,7.51,7.75,9.0,6.5,,,7.5,5.0,Fase 1,-1,,,7.5,Ametista,
RA-1317,Alfa,Alfa I - G2/G3,Aluno-1317,2015,9,F,2024,Publica,2024,,,,,2.0,Avaliador-3,Avaliador-13,,7.502,7.0721925135,7.51,10.0,10.0,10.0,,,7.5,5.0,Fase 1,-1,,,7.5,Ametista,
RA-897,Alfa,Alfa I - G2/G3,Aluno-897,2014,10,M,2023,Publica,2024,,,,,2.0,Avaliador-3,Avaliador-13,,7.002,2.7525252525,2.51,6.0,5.5,6.5,,,6.66,5.0,Fase 1,-1,,Quartzo,6.875,Quartzo,
RA-908,Alfa,Alfa I - G2/G3,Aluno-908,2015,9,F,2023,Publica,2024,,,,,2.0,Avaliador-3,Avaliador-13,,8.502,8.14171123,7.51,4.75,3.0,6.5,,,6.83,5.0,Fase 1,-1,,Topazio,7.1875,Agata,
RA-916,Alfa,Alfa I - G2/G3,Aluno-916,2014,10,F,2023,Publica,2024,,,,,2.0,Avaliador-3,Avaliador-13,,8.502,7.3320158105,2.51,2.75,3.5,2.0,,,6.16,5.0,Fase 2,-2,,Ametista,6.5625,Quartzo,
RA-924,Alfa,Alfa I - G2/G3,Aluno-924,2015,9,M,2023,Publica,2024,,,,,2.0,Avaliador-3,Avaliador-13,,7.002,4.598930481,7.51,7.0,7.5,6.5,,,7.415,5.0,Fase 1,-1,,Agata,7.1875,Agata,
RA-925,Alfa,Alfa I - G2/G3,Aluno-925,2015,8,M,2023,Publica,2024,,,,,2.0,Avaliador-3,Avaliador-13,,8.002,7.005347594,7.51,4.75,3.0,6.5,,,7.33,5.0,Fase 1,-1,,Ametista,7.1875,Agata,
RA-1008,Alfa,Alfa I - G2/G3,Aluno-1008,2015,9,M,2023,Publica,2024,,,,,2.0,Avaliador-3,Avaliador-13,,7.002,6.483957219,7.51,7.0,6.5,7.5,,,7.5,5.0,Fase 1,-1,,Topazio,7.1875,Agata,
RA-919,Alfa,Alfa I - G2/G3,Aluno-919,2014,10,M,2023,Publica,2024,,,,,2.0,Avaliador-3,Avaliador-13,,7.002,4.692513369,6.255,5.25,6.5,4.0,,,6.49,5.0,Fase 2,-2,,Agata,6.875,Quartzo,
RA-1318,Alfa,Alfa I - G2/G3,Aluno-1318,2016,8,F,2024,Publica,2024,,,,,2.0,Avaliador-3,Avaliador-13,,8.502,7.6871657755000005,7.51,5.0,4.0,6.0,,,7.33,5.0,Fase 1,-1,,,7.1875,Agata,
RA-1003,Alfa,Alfa J - G2/G3,Aluno-1003,2015,9,M,2023,Publica,2024,,,,,2.0,Avaliador-3,Avaliador-13,,8.002,8.6944444445,7.51,8.25,10.0,6.5,,,7.5,5.0,Fase 1,-1,,Ametista,6.875,Ametista,
RA-1004,Alfa,Alfa J - G2/G3,Aluno-1004,2014,9,F,2023,Publica,2024,,,,,2.0,Avaliador-3,Avaliador-13,,9.502,9.25,7.51,7.5,7.5,7.5,,,7.5,5.0,Fase 1,-1,,Topazio,7.5,Ametista,
RA-1006,Alfa,Alfa J - G2/G3,Aluno-1006,2015,9,F,2023,Publica,2024,,,,,2.0,Avaliador-3,Avaliador-13,,8.502,8.4444444445,7.51,5.0,5.0,5.0,,,7.5,5.0,Fase 1,-1,,Topazio,7.5,Ametista,
RA-1319,Alfa,Alfa J - G2/G3,Aluno-1319,2015,9,M,2024,Publica,2024,,,,,2.0,Avaliador-3,Avaliador-13,,8.502,5.7516339865,7.51,8.5,10.0,7.0,,,7.5,5.0,Fase 1,-1,,,7.5,Ametista,
RA-858,Alfa,Alfa J - G2/G3,Aluno-858,2015,9,M,2022,Publica,2024,,,Ametista,7.523491593073594,2.0,Avaliador-3,Avaliador-13,,9.002,6.833333333500001,2.51,8.25,10.0,6.5,,,7.5,5.0,Fase 1,-1,,Ametista,7.5,Agata,
RA-905,Alfa,Alfa J - G2/G3,Aluno-905,2013,10,M,2023,Publica,2024,,,,,2.0,Avaliador-3,Avaliador-13,,9.002,7.7794117645,7.51,3.0,2.0,4.0,,,6.99,5.0,Fase 2,-2,,Ametista,6.875,Agata,
RA-907,Alfa,Alfa J - G2/G3,Aluno-907,2015,9,F,2023,Privada,2024,,,,,2.0,Avaliador-3,Avaliador-13,,9.002,8.9444444445,7.51,8.75,10.0,7.5,,,7.5,5.0,Fase 1,-1,,Topazio,7.5,Ametista,
RA-1320,Alfa,Alfa J - G2/G3,Aluno-1320,2014,10,M,2024,Publica,2024,,,,,2.0,Avaliador-3,Avaliador-13,,9.002,9.1666666665,7.51,8.25,9.0,7.5,,,7.5,5.0,Fase 1,-1,,,7.5,Ametista,
RA-909,Alfa,Alfa J - G2/G3,Aluno-909,2013,11,F,2023,Publica,2024,,,,,2.0,Avaliador-3,Avaliador-13,,10.002,8.1666666665,7.51,8.25,10.0,6.5,,,7.5,5.0,Fase 2,-2,,Topazio,6.875,Ametista,
RA-729,Alfa,Alfa J - G2/G3,Aluno-729,2014,10,F,2022,Publica,2024,,,Topazio,8.154543650793652,2.0,Avaliador-3,Avaliador-13,,8.002,8.4166666665,2.51,6.0,6.0,6.0,,,7.5,5.0,Fase 1,-1,,Ametista,7.5,Agata,
RA-1321,Alfa,Alfa K - G0/G1,Aluno-1321,2016,7,M,2024,Publica,2024,,,,,2.0,Avaliador-12,Avaliador-11,,9.002,8.875,6.885,8.75,10.0,7.5,,,5.915,10.0,Alfa,0,,,6.5625,Ametista,
RA-1322,Alfa,Alfa K - G0/G1,Aluno-1322,2016,8,F,2024,Publica,2024,,,,,2.0,Avaliador-12,Avaliador-11,,9.502,9.0,7.51,7.5,8.5,6.5,,,8.165,10.0,Alfa,0,,,8.4375,Topazio,
RA-1323,Alfa,Alfa K - G0/G1,Aluno-1323,2015,9,M,2024,Publica,2024,,,,,2.0,Avaliador-12,Avaliador-11,,10.002,9.0833333335,7.51,7.0,10.0,4.0,,,6.66,5.0,Fase 1,-1,,,6.875,Ametista,
RA-1324,Alfa,Alfa K - G0/G1,Aluno-1324,2015,9,M,2024,Publica,2024,,,,,2.0,Avaliador-12,Avaliador-11,,10.002,10.0,7.51,8.5,10.0,7.0,,,8.0,5.0,Fase 1,-1,,,7.8125,Topazio,
RA-931,Alfa,Alfa K - G0/G1,Aluno-931,2015,9,M,2023,Publica,2024,,,,,2.0,Avaliador-12,Avaliador-11,,7.918,8.5833333335,2.51,8.5,8.0,9.0,,,6.83,5.0,Fase 1,-1,,Ametista,7.5,Ametista,
RA-1325,Alfa,Alfa K - G0/G1,Aluno-1325,2016,8,M,2024,Publica,2024,,,,,2.0,Avaliador-12,Avaliador-11,,9.002,9.5227272725,7.51,10.0,10.0,10.0,,,7.915,10.0,Alfa,0,,,8.4375,Topazio,
RA-1326,Alfa,Alfa K - G0/G1,Aluno-1326,2016,8,F,2024,Publica,2024,,,,,2.0,Avaliador-12,Avaliador-11,,9.002,9.2916666665,7.51,4.5,0.0,9.0,,,7.245,10.0,Alfa,0,,,7.8125,Ametista,
RA-1327,Alfa,Alfa K - G0/G1,Aluno-1327,2017,7,F,2024,Publica,2024,,,,,2.0,Avaliador-12,Avaliador-11,,9.002,9.3333333335,7.51,7.5,10.0,5.0,,,7.325,10.0,Alfa,0,,,7.8125,Topazio,
RA-1328,Alfa,Alfa K - G0/G1,Aluno-1328,2015,8,F,2024,Publica,2024,,,,,2.0,Avaliador-12,Avaliador-11,,8.502,8.2083333335,7.51,10.0,10.0,10.0,,,7.83,5.0,Fase 1,-1,,,7.5,Topazio,
RA-1329,Alfa,Alfa K - G0/G1,Aluno-1329,2016,8,M,2024,Publica,2024,,,,,2.0,Avaliador-12,Avaliador-11,,9.502,10.0,7.51,6.5,10.0,3.0,,,6.66,10.0,Alfa,0,,,6.5625,Ametista,
RA-1330,Alfa,Alfa K - G0/G1,Aluno-1330,2016,8,F,2024,Publica,2024,,,,,2.0,Avaliador-12,Avaliador-11,,10.002,9.3333333335,7.51,9.5,10.0,9.0,,,7.915,10.0,Alfa,0,,,8.4375,Topazio,
RA-1331,Alfa,Alfa K - G0/G1,Aluno-1331,2017,7,F,2024,Publica,2024,,,,,2.0,Avaliador-12,Avaliador-11,,9.002,7.291666666499999,7.51,7.25,8.0,6.5,,,7.245,10.0,Alfa,0,,,8.4375,Ametista,
RA-944,Alfa,Alfa L - G2/G3,Aluno-944,2014,10,F,2023,Publica,2024,,,,,2.0,Avaliador-12,Avaliador-13,,9.002,7.25,7.51,9.0,10.0,8.0,,,7.75,5.0,Fase 2,-2,,Ametista,8.75,Ametista,
RA-1332,Alfa,Alfa L - G2/G3,Aluno-1332,2014,10,M,2024,Publica,2024,,,,,2.0,Avaliador-12,Avaliador-13,,8.502,9.411764706,7.51,8.25,10.0,6.5,,,7.665,5.0,Fase 2,-2,,,9.375,Topazio,
RA-754,Alfa,Alfa L - G2/G3,Aluno-754,2013,11,M,2022,Publica,2024,,,Agata,6.602085000000001,2.0,Avaliador-12,Avaliador-13,,8.502,6.25,5.625,6.25,6.0,6.5,,,4.75,5.0,Fase 2,-2,,Agata,2.5,Quartzo,
RA-1333,Alfa,Alfa L - G2/G3,Aluno-1333,2015,9,M,2024,Publica,2024,,,,,2.0,Avaliador-12,Avaliador-13,,7.502,10.0,6.255,9.25,10.0,8.5,,,7.75,5.0,Fase 1,-1,,,9.375,Topazio,
RA-934,Alfa,Alfa L - G2/G3,Aluno-934,2015,9,F,2023,Publica,2024,,,,,2.0,Avaliador-12,Avaliador-13,,9.502,9.75,7.51,8.5,10.0,7.0,,,7.75,5.0,Fase 1,-1,,Topazio,9.375,Topazio,
RA-1334,Alfa,Alfa L - G2/G3,Aluno-1334,2015,9,M,2024,Publica,2024,,,,,2.0,Avaliador-12,Avaliador-13,,10.002,10.0,5.625,9.0,10.0,8.0,,,7.75,5.0,Fase 1,-1,,,9.375,Topazio,
RA-941,Alfa,Alfa L - G2/G3,Aluno-941,2015,9,F,2023,Publica,2024,,,,,2.0,Avaliador-12,Avaliador-13,,8.002,9.25,5.01,8.75,10.0,7.5,,,7.665,5.0,Fase 1,-1,,Ametista,8.125,Ametista,
RA-756,Alfa,Alfa L - G2/G3,Aluno-756,2013,11,M,2022,Publica,2024,,,Agata,6.9760288087452,2.0,Avaliador-12,Avaliador-13,,10.002,8.75,7.51,5.5,10.0,1.0,,,7.24,5.0,Fase 2,-2,,Ametista,8.125,Ametista,
RA-1335,Alfa,Alfa L - G2/G3,Aluno-1335,2014,10,M,2024,Publica,2024,,,,,2.0,Avaliador-12,Avaliador-13,,9.002,9.75,7.51,8.75,10.0,7.5,,,7.665,5.0,Fase 2,-2,,,9.375,Topazio,
RA-773,Alfa,Alfa L - G2/G3,Aluno-773,2013,10,F,2022,Publica,2024,,,Agata,6.921727523809524,2.0,Avaliador-12,Avaliador-13,,10.002,8.75,2.51,5.0,8.0,2.0,,,6.575,5.0,Fase 2,-2,,Agata,7.5,Agata,
RA-938,Alfa,Alfa L - G2/G3,Aluno-938,2014,10,M,2023,Publica,2024,,,,,2.0,Avaliador-12,Avaliador-13,,9.502,9.544513457499999,7.51,7.75,10.0,5.5,,,7.665,5.0,Fase 1,-1,,Agata,8.125,Topazio,
RA-1336,Alfa,Alfa M - G0/G1,Aluno-1336,2016,8,F,2024,Publica,2024,,,,,2.0,Avaliador-3,Avaliador-11,,9.502,6.2008281575,2.51,9.5,10.0,9.0,,,7.75,5.0,Fase 1,-1,,,7.5,Ametista,
RA-1337,Alfa,Alfa M - G0/G1,Aluno-1337,2014,10,M,2024,Publica,2024,,,,,2.0,Avaliador-3,Avaliador-11,,8.002,4.722222222,7.51,6.0,6.0,6.0,,,5.66,5.0,Fase 2,-2,,,6.875,Agata,
RA-1338,Alfa,Alfa M - G0/G1,Aluno-1338,2015,8,M,2024,Publica,2024,,,,,2.0,Avaliador-3,Avaliador-11,,8.002,8.6607142855,7.51,3.0,2.0,4.0,,,5.33,5.0,Fase 1,-1,,,6.875,Agata,
RA-1339,Alfa,Alfa M - G0/G1,Aluno-1339,2016,8,F,2024,Publica,2024,,,,,2.0,Avaliador-3,Avaliador-11,,8.502,10.0,6.885,8.75,10.0,7.5,,,5.33,5.0,Fase 1,-1,,,5.0,Ametista,
RA-1340,Alfa,Alfa M - G0/G1,Aluno-1340,2016,8,F,2024,Publica,2024,,,,,2.0,Avaliador-3,Avaliador-11,,9.502,8.392857143,7.51,10.0,10.0,10.0,,,7.0,10.0,Alfa,0,,,5.625,Topazio,
RA-1341,Alfa,Alfa M - G0/G1,Aluno-1341,2015,9,M,2024,Publica,2024,,,,,2.0,Avaliador-3,Avaliador-11,,10.002,9.246031746,7.51,10.0,10.0,10.0,,,6.0,5.0,Fase 1,-1,,,5.625,Ametista,
RA-947,Alfa,Alfa M - G0/G1,Aluno-947,2015,9,M,2023,Publica,2024,,,,,2.0,Avaliador-3,Avaliador-11,,9.002,7.619047619,7.51,4.5,4.0,5.0,,,4.58,5.0,Fase 1,-1,,Agata,5.625,Agata,
RA-1342,Alfa,Alfa M - G0/G1,Aluno-1342,2015,8,M,2024,Publica,2024,,,,,2.0,Avaliador-3,Avaliador-11,,9.502,9.761904762,7.51,9.0,10.0,8.0,,,5.575,5.0,Fase 1,-1,,,7.5,Ametista,
RA-1343,Alfa,Alfa M - G0/G1,Aluno-1343,2017,7,F,2024,Publica,2024,,,,,2.0,Avaliador-3,Avaliador-11,,8.002,10.0,7.51,9.75,10.0,9.5,,,8.5,10.0,Alfa,0,,,6.25,Topazio,
RA-1344,Alfa,Alfa N - G2/G3,Aluno-1344,2016,8,F,2024,Publica,2024,,,,,2.0,Avaliador-13,Avaliador-2,,8.502,10.0,7.51,10.0,10.0,10.0,,,9.425,10.0,Alfa,0,,,8.75,Topazio,
RA-945,Alfa,Alfa N - G2/G3,Aluno-945,2015,9,M,2023,Publica,2024,,,,,2.0,Avaliador-13,Avaliador-2,,9.002,9.511904762,2.51,8.75,10.0,7.5,,,6.83,5.0,Fase 1,-1,,Topazio,7.5,Ametista,
RA-946,Alfa,Alfa N - G2/G3,Aluno-946,2016,8,M,2023,Publica,2024,,,,,2.0,Avaliador-13,Avaliador-2,,9.502,8.7976190475,2.51,4.5,3.0,6.0,,,7.835,5.0,Fase 1,-1,,Topazio,7.5,Agata,
RA-1345,Alfa,Alfa N - G2/G3,Aluno-1345,2015,9,M,2023,Publica,2024,,,,,2.0,Avaliador-13,Avaliador-2,,8.502,9.4590643275,7.51,6.25,6.0,6.5,,,6.83,5.0,Fase 1,-1,,,6.25,Ametista,
RA-771,Alfa,Alfa N - G2/G3,Aluno-771,2015,9,F,2022,Publica,2024,,,Ametista,7.873412973084886,2.0,Avaliador-13,Avaliador-2,,8.502,6.619047619,3.135,6.5,6.5,6.5,,,6.08,5.0,Fase 1,-1,,Ametista,5.625,Agata,
RA-1346,Alfa,Alfa N - G2/G3,Aluno-1346,2016,8,M,2024,Publica,2024,,,,,2.0,Avaliador-13,Avaliador-2,,9.502,8.0595238095,7.51,5.5,5.0,6.0,,,6.66,10.0,Alfa,0,,,6.25,Ametista,
RA-1347,Alfa,Alfa N - G2/G3,Aluno-1347,2015,9,M,2024,Publica,2024,,,,,2.0,Avaliador-13,Avaliador-2,,8.502,8.7857142855,2.51,5.0,5.0,5.0,,,6.165,5.0,Fase 1,-1,,,5.625,Agata,
RA-949,Alfa,Alfa N - G2/G3,Aluno-949,2015,9,F,2023,Publica,2024,,,,,2.0,Avaliador-13,Avaliador-2,,9.002,8.7857142855,7.51,6.5,6.0,7.0,,,6.495,5.0,Fase 1,-1,,Topazio,6.25,Ametista,
RA-950,Alfa,Alfa N - G2/G3,Aluno-950,2014,9,F,2023,Publica,2024,,,,,2.0,Avaliador-13,Avaliador-2,,9.502,9.023809524,7.51,7.0,7.5,6.5,,,8.0,5.0,Fase 1,-1,,Topazio,6.875,Ametista,
RA-951,Alfa,Alfa N - G2/G3,Aluno-951,2016,8,F,2023,Privada,2024,,,,,2.0,Avaliador-13,Avaliador-2,,10.002,9.0357142855,2.51,4.0,5.0,3.0,,,7.325,5.0,Fase 1,-1,,Topazio,6.25,Agata,
RA-1002,Alfa,Alfa N - G2/G3,Aluno-1002,2014,10,F,2023,Publica,2024,,,,,2.0,Avaliador-13,Avaliador-2,,9.002,7.833333333500001,7.51,9.25,10.0,8.5,,,8.25,5.0,Fase 1,-1,,Ametista,7.5,Ametista,
RA-774,Alfa,Alfa N - G2/G3,Aluno-774,2014,10,F,2022,Publica,2024,,,Ametista,7.587060296442688,2.0,Avaliador-13,Avaliador-2,,10.002,6.3928571430000005,2.51,3.75,2.0,5.5,,,6.405,5.0,Fase 1,-1,,Quartzo,6.25,Quartzo,
RA-749,Alfa,Alfa O - G2/G3,Aluno-749,2013,10,M,2022,Publica,2024,,,Ametista,7.484211146117041,2.0,Avaliador-12,Avaliador-13,,9.502,9.7368421055,8.13,8.75,10.0,7.5,,,7.665,5.0,Fase 2,-2,,Ametista,8.4375,Topazio,
RA-929,Alfa,Alfa O - G2/G3,Aluno-929,2015,9,F,2023,Publica,2024,,,,,2.0,Avaliador-12,Avaliador-13,,9.002,9.4736842105,7.51,6.75,7.0,6.5,,,7.58,5.0,Fase 1,-1,,Topazio,8.125,Ametista,
RA-930,Alfa,Alfa O - G2/G3,Aluno-930,2015,9,M,2023,Publica,2024,,,,,2.0,Avaliador-12,Avaliador-13,,8.502,9.7368421055,7.51,8.0,8.0,8.0,,,7.5,5.0,Fase 1,-1,,Topazio,7.8125,Ametista,
RA-787,Alfa,Alfa O - G2/G3,Aluno-787,2014,10,M,2022,Publica,2024,,,Ametista,7.205336595776773,2.0,Avaliador-12,Avaliador-13,,9.002,9.75,7.51,7.25,10.0,4.5,,,7.325,5.0,Fase 1,-1,,Ametista,7.1875,Ametista,
RA-1348,Alfa,Alfa O - G2/G3,Aluno-1348,2015,8,M,2024,Publica,2024,,,,,2.0,Avaliador-12,Avaliador-13,,7.502,8.5913312695,7.51,9.0,10.0,8.0,,,7.83,5.0,Fase 1,-1,,,8.75,Ametista,
RA-935,Alfa,Alfa O - G2/G3,Aluno-935,2014,10,M,2023,Publica,2024,,,,,2.0,Avaliador-12,Avaliador-13,,9.502,10.0,7.51,8.5,10.0,7.0,,,7.83,5.0,Fase 1,-1,,Ametista,8.75,Topazio,
RA-1349,Alfa,Alfa O - G2/G3,Aluno-1349,2014,10,M,2024,Publica,2024,,,,,2.0,Avaliador-12,Avaliador-13,,8.002,8.388888889,7.51,8.5,10.0,7.0,,,7.915,5.0,Fase 1,-1,,,8.4375,Ametista,
RA-937,Alfa,Alfa O - G2/G3,Aluno-937,2015,9,F,2023,Publica,2024,,,,,2.0,Avaliador-12,Avaliador-13,,10.002,10.0,9.38,7.5,8.0,7.0,,,7.83,5.0,Fase 1,-1,,Topazio,8.75,Topazio,
RA-1350,Alfa,Alfa O - G2/G3,Aluno-1350,2014,10,F,2024,Publica,2024,,,,,2.0,Avaliador-12,Avaliador-13,,8.502,10.0,8.755,8.5,10.0,7.0,,,7.83,5.0,Fase 2,-2,,,8.4375,Topazio,
RA-1351,Alfa,Alfa O - G2/G3,Aluno-1351,2015,9,M,2024,Publica,2024,,,,,2.0,Avaliador-12,Avaliador-13,,9.002,9.230769231,8.13,8.75,10.0,7.5,,,7.665,5.0,Fase 1,-1,,,8.4375,Topazio,
RA-959,Alfa,Alfa O - G2/G3,Aluno-959,2015,9,M,2023,Publica,2024,,,,,2.0,Avaliador-12,Avaliador-13,,10.002,9.7368421055,7.51,9.5,10.0,9.0,,,7.5,5.0,Fase 1,-1,,Topazio,7.8125,Topazio,
RA-1352,Alfa,Alfa O - G2/G3,Aluno-1352,2015,9,M,2024,Publica,2024,,,,,2.0,Avaliador-12,Avaliador-13,,10.002,9.5,8.13,8.5,8.0,9.0,,,7.665,5.0,Fase 1,-1,,,8.4375,Topazio,
RA-1353,Alfa,Alfa Q - G2/G3,Aluno-1353,2014,10,F,2024,Publica,2024,,,,,2.0,Avaliador-12,Avaliador-13,,8.002,9.5,7.51,3.0,3.5,2.5,,,6.08,5.0,Fase 1,-1,,,6.875,Agata,
RA-1354,Alfa,Alfa Q - G2/G3,Aluno-1354,2014,10,F,2024,Publica,2024,,,,,2.0,Avaliador-12,Avaliador-13,,9.502,8.3636363635,7.51,6.0,6.5,5.5,,,7.335,5.0,Fase 1,-1,,,8.125,Ametista,
RA-979,Alfa,Alfa Q - G2/G3,Aluno-979,2015,9,M,2023,Publica,2024,,,,,2.0,Avaliador-12,Avaliador-13,,9.502,9.5227272725,7.51,8.25,9.5,7.0,,,7.335,5.0,Fase 1,-1,,Topazio,8.125,Topazio,
RA-1355,Alfa,Alfa Q - G2/G3,Aluno-1355,2014,10,M,2024,Publica,2024,,,,,2.0,Avaliador-12,Avaliador-13,,10.002,6.5227272725,7.51,7.0,8.0,6.0,,,7.17,5.0,Fase 1,-1,,,8.125,Ametista,
RA-971,Alfa,Alfa Q - G2/G3,Aluno-971,2015,9,M,2023,Publica,2024,,,,,2.0,Avaliador-12,Avaliador-13,,7.418,7.909090909,7.51,6.75,8.5,5.0,,,6.085,5.0,Fase 1,-1,,Ametista,7.5,Agata,
RA-972,Alfa,Alfa Q - G2/G3,Aluno-972,2015,9,M,2023,Publica,2024,,,,,2.0,Avaliador-12,Avaliador-13,,9.502,8.3863636365,7.51,6.75,8.0,5.5,,,7.17,5.0,Fase 1,-1,,Ametista,8.75,Ametista,
RA-965,Alfa,Alfa Q - G2/G3,Aluno-965,2014,10,F,2023,Publica,2024,,,,,2.0,Avaliador-12,Avaliador-13,,9.002,6.4772727275,7.51,2.25,2.0,2.5,,,6.83,5.0,Fase 2,-2,,Agata,8.75,Agata,
RA-973,Alfa,Alfa Q - G2/G3,Aluno-973,2014,10,M,2023,Publica,2024,,,,,2.0,Avaliador-12,Avaliador-13,,10.002,9.318181818,7.51,3.75,6.5,1.0,,,6.585,5.0,Fase 2,-2,,Quartzo,7.5,Agata,
RA-1356,Alfa,Alfa Q - G2/G3,Aluno-1356,2016,8,F,2024,Publica,2024,,,,,2.0,Avaliador-12,Avaliador-13,,9.002,9.4444444445,7.51,5.5,5.5,5.5,,,7.085,10.0,Alfa,0,,,8.125,Ametista,
RA-966,Alfa,Alfa Q - G2/G3,Aluno-966,2014,10,M,2023,Publica,2024,,,,,2.0,Avaliador-12,Avaliador-13,,9.502,8.568181818,7.51,9.0,9.5,8.5,,,7.335,5.0,Fase 2,-2,,Ametista,8.125,Ametista,
RA-1357,Alfa,Alfa Q - G2/G3,Aluno-1357,2015,9,M,2024,Publica,2024,,,,,2.0,Avaliador-12,Avaliador-13,,8.002,7.5,7.51,6.75,8.0,5.5,,,7.335,5.0,Fase 1,-1,,,8.125,Ametista,
RA-969,Alfa,Alfa Q - G2/G3,Aluno-969,2015,9,M,2023,Publica,2024,,,,,2.0,Avaliador-12,Avaliador-13,,9.002,7.8636363634999995,7.51,7.25,9.0,5.5,,,7.335,5.0,Fase 1,-1,,Ametista,8.125,Ametista,
RA-1358,Alfa,Alfa R - G0/G1,Aluno-1358,2016,7,F,2024,Publica,2024,,,,,2.0,Avaliador-3,Avaliador-11,,9.168,7.380952381,5.01,4.0,4.0,4.0,,,6.17,10.0,Alfa,0,,,6.25,Agata,
RA-1359,Alfa,Alfa R - G0/G1,Aluno-1359,2017,7,F,2024,Publica,2024,,,,,2.0,Avaliador-3,Avaliador-11,,8.502,9.0,5.635,6.0,4.0,8.0,,,6.17,10.0,Alfa,0,,,5.625,Ametista,
RA-1360,Alfa,Alfa R - G0/G1,Aluno-1360,2016,8,M,2024,Publica,2024,,,,,2.0,Avaliador-3,Avaliador-11,,8.502,7.0018115945,7.51,5.0,0.0,10.0,,,6.42,10.0,Alfa,0,,,5.625,Agata,
RA-1361,Alfa,Alfa R - G0/G1,Aluno-1361,2016,8,F,2024,Publica,2024,,,,,2.0,Avaliador-3,Avaliador-11,,9.502,9.375,5.635,10.0,10.0,10.0,,,8.0,10.0,Alfa,0,,,7.5,Topazio,
RA-975,Alfa,Alfa R - G0/G1,Aluno-975,2015,8,F,2023,Publica,2024,,,,,2.0,Avaliador-3,Avaliador-11,,8.502,7.708333333500001,5.01,8.0,8.0,8.0,,,7.33,5.0,Fase 1,-1,,Ametista,6.875,Ametista,
RA-1362,Alfa,Alfa R - G0/G1,Aluno-1362,2017,7,M,2024,Publica,2024,,,,,2.0,Avaliador-3,Avaliador-11,,10.002,6.875,5.635,8.5,8.0,9.0,,,6.915,10.0,Alfa,0,,,6.875,Ametista,
RA-977,Alfa,Alfa R - G0/G1,Aluno-977,2015,8,F,2023,Publica,2024,,,,,2.0,Avaliador-3,Avaliador-11,,10.002,7.291666666499999,6.26,7.0,5.0,9.0,,,7.58,5.0,Fase 1,-1,,Ametista,6.875,Ametista,
RA-1363,Alfa,Alfa S - G2/G3,Aluno-1363,2017,7,F,2024,Publica,2024,,,,,2.0,Avaliador-3,Avaliador-13,,7.418,10.0,5.635,6.5,6.5,6.5,,,6.99,10.0,Alfa,0,,,6.875,Ametista,
RA-981,Alfa,Alfa S - G2/G3,Aluno-981,2016,8,F,2023,Publica,2024,,,,,2.0,Avaliador-3,Avaliador-13,,9.002,7.010869565,6.26,6.0,6.0,6.0,,,6.99,5.0,Fase 1,-1,,Ametista,6.25,Agata,
RA-1364,Alfa,Alfa S - G2/G3,Aluno-1364,2015,9,M,2024,Publica,2024,,,,,2.0,Avaliador-3,Avaliador-13,,8.002,8.4166666665,7.51,8.75,9.5,8.0,,,6.99,5.0,Fase 1,-1,,,6.875,Ametista,
RA-1365,Alfa,Alfa S - G2/G3,Aluno-1365,2015,9,M,2024,Publica,2024,,,,,2.0,Avaliador-3,Avaliador-13,,9.002,9.7916666665,6.26,6.5,5.5,7.5,,,6.99,5.0,Fase 1,-1,,,6.875,Ametista,
RA-1366,Alfa,Alfa S - G2/G3,Aluno-1366,2015,8,F,2024,Publica,2024,,,,,2.0,Avaliador-3,Avaliador-13,,9.002,6.6032608695,7.51,6.5,6.5,6.5,,,6.99,5.0,Fase 1,-1,,,7.5,Agata,
RA-974,Alfa,Alfa S - G2/G3,Aluno-974,2015,8,M,2023,Publica,2024,,,,,2.0,Avaliador-3,Avaliador-13,,9.502,9.282608695499999,7.51,6.5,6.0,7.0,,,7.5,5.0,Fase 1,-1,,Topazio,7.5,Ametista,
RA-1367,Alfa,Alfa S - G2/G3,Aluno-1367,2016,8,F,2024,Publica,2024,,,,,2.0,Avaliador-3,Avaliador-13,,10.002,8.3804347825,7.51,8.75,9.0,8.5,,,7.5,10.0,Alfa,0,,,7.5,Topazio,
RA-1368,Alfa,Alfa S - G2/G3,Aluno-1368,2016,8,M,2024,Publica,2024,,,,,2.0,Avaliador-3,Avaliador-13,,7.002,10.0,7.51,9.5,10.0,9.0,,,7.5,10.0,Alfa,0,,,7.5,Topazio,
RA-1369,Alfa,Alfa S - G2/G3,Aluno-1369,2017,7,F,2024,Publica,2024,,,,,2.0,Avaliador-3,Avaliador-13,,8.502,8.6304347825,6.26,8.0,8.0,8.0,,,7.5,10.0,Alfa,0,,,7.5,Topazio,
RA-978,Alfa,Alfa S - G2/G3,Aluno-978,2015,8,F,2023,Publica,2024,,,,,2.0,Avaliador-3,Avaliador-13,,9.502,9.5,6.26,6.5,6.0,7.0,,,7.5,5.0,Fase 1,-1,,Topazio,6.875,Ametista,
RA-1370,Alfa,Alfa S - G2/G3,Aluno-1370,2015,9,M,2024,Publica,2024,,,,,2.0,Avaliador-3,Avaliador-13,,10.002,8.722222222,7.51,9.0,10.0,8.0,,,7.5,5.0,Fase 1,-1,,,7.5,Topazio,
RA-1371,Alfa,Alfa S - G2/G3,Aluno-1371,2013,11,F,2024,Publica,2024,,,,,2.0,Avaliador-3,Avaliador-13,,7.502,6.9782608695,7.51,4.5,3.0,6.0,,,7.5,5.0,Fase 1,-1,,,6.875,Agata,
RA-1372,Alfa,Alfa T - G2/G3,Aluno-1372,2016,8,F,2024,Publica,2024,,,,,2.0,Avaliador-3,Avaliador-13,,9.502,10.0,8.13,4.75,3.0,6.5,,,7.5,10.0,Alfa,0,,,7.5,Ametista,
RA-1373,Alfa,Alfa T - G2/G3,Aluno-1373,2015,9,F,2024,Publica,2024,,,,,2.0,Avaliador-3,Avaliador-13,,9.502,8.8804347825,7.51,6.75,6.0,7.5,,,7.5,5.0,Fase 1,-1,,,7.5,Ametista,
RA-1374,Alfa,Alfa T - G2/G3,Aluno-1374,2015,9,M,2024,Publica,2024,,,,,2.0,Avaliador-3,Avaliador-13,,9.502,9.347826087,7.51,5.25,5.0,5.5,,,7.5,5.0,Fase 1,-1,,,7.5,Ametista,
RA-1375,Alfa,Alfa T - G2/G3,Aluno-1375,2015,9,M,2024,Publica,2024,,,,,2.0,Avaliador-3,Avaliador-13,,9.502,10.0,7.51,8.25,10.0,6.5,,,7.5,5.0,Fase 1,-1,,,7.5,Topazio,
RA-1376,Alfa,Alfa T - G2/G3,Aluno-1376,2015,9,M,2024,Publica,2024,,,,,2.0,Avaliador-3,Avaliador-13,,9.002,9.6153846155,7.51,9.75,10.0,9.5,,,7.5,5.0,Fase 1,-1,,,7.5,Topazio,
RA-994,Alfa,Alfa T - G2/G3,Aluno-994,2014,9,F,2023,Publica,2024,,,,,2.0,Avaliador-3,Avaliador-13,,9.002,9.532608695499999,6.88,8.25,10.0,6.5,,,7.33,5.0,Fase 1,-1,,Ametista,6.875,Ametista,
RA-1377,Alfa,Alfa T - G2/G3,Aluno-1377,2016,8,M,2024,Publica,2024,,,,,2.0,Avaliador-3,Avaliador-13,,9.002,10.0,8.13,5.5,5.0,6.0,,,6.99,10.0,Alfa,0,,,6.875,Ametista,
RA-1378,Alfa,Alfa U - G2/G3,Aluno-1378,2014,10,F,2024,Publica,2024,,,,,2.0,Avaliador-3,Avaliador-13,,9.002,9.2857142855,8.13,6.75,7.5,6.0,,,7.5,5.0,Fase 1,-1,,,7.5,Ametista,
RA-1379,Alfa,Alfa U - G2/G3,Aluno-1379,2016,8,M,2024,Publica,2024,,,,,2.0,Avaliador-3,Avaliador-13,,9.502,8.6842105265,3.755,7.25,8.5,6.0,,,5.16,5.0,Fase 1,-1,,,5.9375,Agata,
RA-1380,Alfa,Alfa U - G2/G3,Aluno-1380,2016,8,M,2024,Publica,2024,,,,,2.0,Avaliador-3,Avaliador-13,,9.502,8.784461152999999,4.385,8.0,10.0,6.0,,,7.5,10.0,Alfa,0,,,7.1875,Ametista,
RA-770,Alfa,Alfa U - G2/G3,Aluno-770,2015,9,M,2022,Publica,2024,,,Topazio,8.143474555555557,2.0,Avaliador-3,Avaliador-13,,10.002,9.022556391,7.51,5.0,4.0,6.0,,,7.5,5.0,Fase 1,-1,,Agata,7.5,Ametista,
RA-1381,Alfa,Alfa U - G2/G3,Aluno-1381,2016,8,F,2024,Publica,2024,,,,,2.0,Avaliador-3,Avaliador-13,,9.502,10.0,8.13,9.5,10.0,9.0,,,7.5,10.0,Alfa,0,,,8.75,Topazio,
RA-1382,Alfa,Alfa U - G2/G3,Aluno-1382,2015,9,F,2024,Publica,2024,,,,,2.0,Avaliador-3,Avaliador-13,,8.502,9.761904762,7.51,7.5,8.0,7.0,,,7.5,5.0,Fase 1,-1,,,7.8125,Ametista,
RA-1383,Alfa,Alfa U - G2/G3,Aluno-1383,2016,8,F,2024,Publica,2024,,,,,2.0,Avaliador-3,Avaliador-13,,8.502,9.2606516295,7.51,8.5,10.0,7.0,,,7.5,10.0,Alfa,0,,,7.1875,Topazio,
RA-1384,Alfa,Alfa U - G2/G3,Aluno-1384,2014,10,M,2024,Publica,2024,,,,,2.0,Avaliador-3,Avaliador-13,,8.002,7.5689223055,7.51,5.0,5.0,5.0,,,5.16,5.0,Fase 2,-2,,,6.25,Agata,
RA-1385,Alfa,Alfa U - G2/G3,Aluno-1385,2015,8,M,2024,Publica,2024,,,,,2.0,Avaliador-3,Avaliador-13,,10.002,10.0,4.385,8.0,9.0,7.0,,,7.5,5.0,Fase 1,-1,,,6.875,Ametista,
RA-1386,Alfa,Alfa U - G2/G3,Aluno-1386,2016,8,F,2024,Publica,2024,,,,,2.0,Avaliador-3,Avaliador-13,,9.002,9.761904762,7.51,7.25,8.5,6.0,,,7.5,5.0,Fase 1,-1,,,7.5,Ametista,
RA-1387,Alfa,Alfa U - G2/G3,Aluno-1387,2016,8,F,2024,Publica,2024,,,,,2.0,Avaliador-3,Avaliador-13,,9.502,8.759398496,7.51,8.0,9.0,7.0,,,7.5,5.0,Fase 1,-1,,,7.5,Ametista,
RA-1388,Alfa,Alfa Y - G0/G1,Aluno-1388,2016,8,F,2024,Publica,2024,,,,,2.0,Avaliador-11,Avaliador-2,,9.002,8.214285713999999,6.88,5.0,4.0,6.0,,,7.67,5.0,Fase 1,-1,,,7.5,Ametista,
RA-1389,Alfa,Alfa Y - G0/G1,Aluno-1389,2017,7,F,2024,Publica,2024,,,,,2.0,Avaliador-11,Avaliador-2,,9.002,9.7916666665,6.88,10.0,10.0,10.0,,,8.42,10.0,Alfa,0,,,7.5,Topazio,
RA-1390,Alfa,Alfa Y - G0/G1,Aluno-1390,2016,7,F,2024,Publica,2024,,,,,2.0,Avaliador-11,Avaliador-2,,9.502,9.7916666665,5.005,8.25,8.0,8.5,,,8.42,10.0,Alfa,0,,,7.5,Topazio,
RA-1391,Alfa,Alfa Y - G0/G1,Aluno-1391,2016,7,M,2024,Publica,2024,,,,,2.0,Avaliador-11,Avaliador-2,,8.502,9.2916666665,7.51,10.0,10.0,10.0,,,8.17,10.0,Alfa,0,,,7.5,Topazio,
RA-1392,Alfa,Alfa Y - G0/G1,Aluno-1392,2015,9,M,2024,Publica,2024,,,,,2.0,Avaliador-11,Avaliador-2,,9.002,5.625,7.51,0.0,0.0,0.0,,,7.0,5.0,Fase 1,-1,,,7.5,Quartzo,
RA-1393,Alfa,Alfa Y - G0/G1,Aluno-1393,2017,7,F,2024,Publica,2024,,,,,2.0,Avaliador-11,Avaliador-2,,9.502,7.5,3.755,5.0,10.0,0.0,,,8.42,10.0,Alfa,0,,,7.5,Ametista,
RA-990,Fase 1,1A,Aluno-990,2014,10,M,2023,Publica,2024,,,,,3.0,Avaliador-14,Avaliador-3,Avaliador-15,9.502,7.5,7.51,8.0,9.5,6.5,,,8.336666667,5.0,Fase 2,-1,,Ametista,8.4375,Ametista,
RA-1394,Fase 1,1A,Aluno-1394,2013,10,F,2024,Publica,2024,,,,,3.0,Avaliador-14,Avaliador-3,Avaliador-15,9.502,8.6944444445,7.51,5.75,5.5,6.0,,,8.003333333,5.0,Fase 2,-1,,,8.125,Ametista,
RA-991,Fase 1,1A,Aluno-991,2014,10,F,2023,Publica,2024,,,,,3.0,Avaliador-14,Avaliador-3,Avaliador-15,9.002,8.181818182,6.26,6.5,7.0,6.0,,,6.723333333,5.0,Fase 2,-1,,Ametista,7.5,Ametista,
RA-1018,Fase 1,1A,Aluno-1018,2013,10,M,2023,Publica,2024,,,,,3.0,Avaliador-14,Avaliador-3,Avaliador-15,8.502,7.727272727,6.26,8.25,8.5,8.0,,,8.45,5.0,Fase 2,-1,,Agata,8.4375,Ametista,
RA-1395,Fase 1,1A,Aluno-1395,2014,9,F,2024,Publica,2024,,,,,3.0,Avaliador-14,Avaliador-3,Avaliador-15,9.502,10.0,7.51,7.75,7.5,8.0,,,7.836666667,10.0,Fase 1,0,,,7.8125,Topazio,
RA-1396,Fase 1,1A,Aluno-1396,2013,11,F,2024,Publica,2024,,,,,3.0,Avaliador-14,Avaliador-3,Avaliador-15,9.502,10.0,7.51,6.5,6.0,7.0,,,7.67,5.0,Fase 2,-1,,,8.125,Ametista,
RA-1025,Fase 1,1A,Aluno-1025,2013,10,M,2023,Publica,2024,,,,,3.0,Avaliador-14,Avaliador-3,Avaliador-15,9.002,7.727272727,7.51,9.0,10.0,8.0,,,7.783333333,5.0,Fase 2,-1,,Topazio,8.4375,Ametista,
RA-1019,Fase 1,1A,Aluno-1019,2015,9,F,2023,Publica,2024,,,,,3.0,Avaliador-14,Avaliador-3,Avaliador-15,9.502,9.3073593075,6.26,8.75,9.5,8.0,,,8.616666667,10.0,Fase 1,0,,Ametista,7.8125,Topazio,
RA-879,Fase 1,1A,Aluno-879,2014,10,F,2023,Publica,2024,,,,,3.0,Avaliador-14,Avaliador-3,Avaliador-15,9.502,9.090909091,6.26,8.5,8.0,9.0,,,8.67,5.0,Fase 2,-1,,Agata,7.8125,Topazio,
RA-1020,Fase 1,1A,Aluno-1020,2014,10,F,2023,Publica,2024,,,,,3.0,Avaliador-14,Avaliador-3,Avaliador-15,9.002,9.7727272725,6.88,9.0,10.0,8.0,,,8.84,10.0,Fase 1,0,,Ametista,8.4375,Topazio,
RA-1021,Fase 1,1A,Aluno-1021,2014,10,M,2023,Publica,2024,,,,,3.0,Avaliador-14,Avaliador-3,Avaliador-15,9.502,9.318181818,7.51,8.0,9.0,7.0,,,7.95,5.0,Fase 2,-1,,Agata,8.4375,Topazio,
RA-1022,Fase 1,1A,Aluno-1022,2014,10,M,2023,Publica,2024,,,,,3.0,Avaliador-14,Avaliador-3,Avaliador-15,9.502,9.318181818,6.26,6.5,5.5,7.5,,,8.116666667,5.0,Fase 2,-1,,Ametista,7.5,Ametista,
RA-1397,Fase 1,1A,Aluno-1397,2014,10,F,2024,Publica,2024,,,,,3.0,Avaliador-14,Avaliador-3,Avaliador-15,9.002,10.0,6.26,7.0,7.0,7.0,,,7.946666667,5.0,Fase 2,-1,,,8.125,Ametista,
RA-699,Fase 1,1A,Aluno-699,2013,11,M,2022,Publica,2024,,,Agata,6.657746209461563,3.0,Avaliador-14,Avaliador-3,Avaliador-15,6.334,7.727272727000001,6.26,6.5,7.0,6.0,,,5.833333333,5.0,Fase 2,-1,,Agata,6.5625,Agata,
RA-1398,Fase 1,1B,Aluno-1398,2013,11,F,2024,Publica,2024,,,,,3.0,Avaliador-14,Avaliador-3,Avaliador-15,6.918,9.555335968,7.51,8.0,8.0,8.0,,,8.616666667,5.0,Fase 2,-1,,,8.125,Ametista,
RA-871,Fase 1,1B,Aluno-871,2014,10,M,2023,Publica,2024,,,,,3.0,Avaliador-14,Avaliador-3,Avaliador-15,8.502,9.328063240999999,4.38,7.25,6.0,8.5,,,5.783333333,10.0,Fase 1,0,,Agata,5.3125,Ametista,
RA-1399,Fase 1,1B,Aluno-1399,2013,11,F,2024,Publica,2024,,,,,3.0,Avaliador-14,Avaliador-3,Avaliador-15,9.002,9.7727272725,5.005,6.0,6.0,6.0,,,8.166666667,5.0,Fase 2,-1,,,7.5,Ametista,
RA-873,Fase 1,1B,Aluno-873,2012,12,F,2023,Publica,2024,,,,,3.0,Avaliador-14,Avaliador-3,Avaliador-15,8.002,10.0,6.88,6.75,7.0,6.5,,,7.77,5.0,Fase 3,-2,,Ametista,7.1875,Ametista,
RA-898,Fase 1,1B,Aluno-898,2014,10,M,2023,Publica,2024,,,,,3.0,Avaliador-14,Avaliador-3,Avaliador-15,6.418,10.0,7.51,7.5,9.0,6.0,,,8.616666667,5.0,Fase 2,-1,,Topazio,7.5,Ametista,
RA-750,Fase 1,1B,Aluno-750,2012,12,M,2021,Publica,2024,Agata,Agata,Agata,6.344244591269144,3.0,Avaliador-14,Avaliador-3,Avaliador-15,6.249,5.938735178,4.38,3.75,0.5,7.0,,,3.176666667,5.0,Fase 3,-2,,Quartzo,4.0625,Quartzo,
RA-899,Fase 1,1B,Aluno-899,2015,9,M,2023,Publica,2024,,,,,3.0,Avaliador-14,Avaliador-3,Avaliador-15,10.002,9.1007905135,5.635,8.25,8.0,8.5,,,7.893333333,10.0,Fase 1,0,,Topazio,8.125,Topazio,
RA-878,Fase 1,1B,Aluno-878,2013,11,M,2023,Publica,2024,,,,,3.0,Avaliador-14,Avaliador-3,Avaliador-15,9.002,6.1363636360000005,4.38,6.75,6.0,7.5,,,6.996666667,5.0,Fase 2,-1,,Agata,7.1875,Agata,
RA-893,Fase 1,1B,Aluno-893,2014,10,M,2023,Publica,2024,,,,,3.0,Avaliador-14,Avaliador-3,Avaliador-15,9.002,10.0,7.51,9.25,10.0,8.5,,,7.886666667,10.0,Fase 1,0,,Topazio,8.125,Topazio,
RA-1024,Fase 1,1B,Aluno-1024,2013,11,F,2023,Publica,2024,,,,,3.0,Avaliador-14,Avaliador-3,Avaliador-15,8.002,10.0,7.51,10.0,10.0,10.0,,,8.783333333,5.0,Fase 2,-1,,Ametista,8.4375,Topazio,
RA-900,Fase 1,1B,Aluno-900,2015,9,F,2023,Publica,2024,,,,,3.0,Avaliador-14,Avaliador-3,Avaliador-15,9.002,9.318181818,8.13,8.5,8.0,9.0,,,8.563333333,10.0,Fase 1,0,,Topazio,8.125,Topazio,
RA-903,Fase 1,1B,Aluno-903,2015,9,F,2023,Publica,2024,,,,,3.0,Avaliador-14,Avaliador-3,Avaliador-15,10.002,9.7727272725,7.505,5.0,6.0,4.0,,,7.946666667,10.0,Fase 1,0,,Topazio,7.8125,Topazio,
RA-1400,Fase 1,1B,Aluno-1400,2015,9,M,2024,Publica,2024,,,,,3.0,Avaliador-14,Avaliador-3,Avaliador-15,8.418,6.6501976285,7.51,7.25,6.5,8.0,,,7.5,10.0,Fase 1,0,,,7.5,Ametista,
RA-851,Fase 1,1B,Aluno-851,2014,10,M,2022,Publica,2024,,,Ametista,7.515200746031747,3.0,Avaliador-14,Avaliador-3,Avaliador-15,9.002,7.3221343875,5.63,6.0,5.0,7.0,,,5.106666667,5.0,Fase 2,-1,,Agata,5.625,Agata,
RA-1028,Fase 1,1B,Aluno-1028,2012,12,M,2023,Publica,2024,,,,,3.0,Avaliador-14,Avaliador-3,Avaliador-15,8.002,7.055335968,5.63,7.5,6.0,9.0,,,8.393333333,5.0,Fase 3,-2,,Agata,6.875,Ametista,
RA-922,Fase 1,1C,Aluno-922,2014,9,F,2023,Publica,2024,,,,,2.0,Avaliador-3,Avaliador-15,,9.002,9.5227272725,7.51,7.75,7.5,8.0,,,8.17,10.0,Fase 1,0,,Topazio,7.8125,Topazio,
RA-684,Fase 1,1C,Aluno-684,2015,9,M,2022,Privada,2024,,,Topazio,8.259504831168831,2.0,Avaliador-3,Avaliador-15,,10.002,9.090909091,7.51,4.25,2.5,6.0,,,8.0,10.0,Fase 1,0,,Ametista,7.5,Ametista,
RA-1031,Fase 1,1C,Aluno-1031,2013,11,M,2023,Publica,2024,,,,,2.0,Avaliador-3,Avaliador-15,,9.502,8.6363636365,7.51,6.25,5.5,7.0,,,5.83,5.0,Fase 2,-1,,Ametista,5.3125,Agata,
RA-892,Fase 1,1C,Aluno-892,2015,9,M,2023,Publica,2024,,,,,2.0,Avaliador-3,Avaliador-15,,8.002,10.0,7.51,8.75,10.0,7.5,,,7.92,10.0,Fase 1,0,,Topazio,8.125,Topazio,
RA-1029,Fase 1,1C,Aluno-1029,2014,10,F,2023,Publica,2024,,,,,2.0,Avaliador-3,Avaliador-15,,9.002,8.7954545455,6.885,8.75,8.0,9.5,,,7.25,5.0,Fase 2,-1,,Ametista,7.5,Ametista,
RA-1032,Fase 1,1C,Aluno-1032,2013,11,M,2023,Publica,2024,,,,,2.0,Avaliador-3,Avaliador-15,,8.502,9.75,7.51,8.0,9.0,7.0,,,7.92,5.0,Fase 2,-1,,Ametista,7.8125,Topazio,
RA-894,Fase 1,1C,Aluno-894,2014,10,F,2023,Publica,2024,,,,,2.0,Avaliador-3,Avaliador-15,,10.002,10.0,7.51,9.5,9.0,10.0,,,8.42,5.0,Fase 2,-1,,Topazio,8.4375,Topazio,
RA-1401,Fase 1,1C,Aluno-1401,2011,13,M,2024,Publica,2024,,,,,2.0,Avaliador-3,Avaliador-15,,6.918,8.888888889,7.51,10.0,10.0,10.0,,,8.085,5.0,Fase 3,-2,,,7.8125,Topazio,
RA-896,Fase 1,1C,Aluno-896,2015,8,M,2023,Publica,2024,,,,,2.0,Avaliador-3,Avaliador-15,,8.502,9.7727272725,7.51,6.5,6.5,6.5,,,8.085,10.0,Fase 1,0,,Topazio,8.125,Topazio,
RA-693,Fase 1,1C,Aluno-693,2015,9,F,2022,Publica,2024,,,Ametista,7.9440482857142865,2.0,Avaliador-3,Avaliador-15,,10.002,9.5227272725,9.38,8.0,8.0,8.0,,,8.42,10.0,Fase 1,0,,Topazio,7.8125,Topazio,
RA-743,Fase 1,1C,Aluno-743,2013,11,F,2022,Publica,2024,,,Agata,6.671589693957115,2.0,Avaliador-3,Avaliador-15,,9.002,9.2727272725,7.51,7.0,6.5,7.5,,,7.5,5.0,Fase 2,-1,,Agata,7.5,Ametista,
RA-681,Fase 1,1C,Aluno-681,2012,11,M,2022,Privada,2024,,,Ametista,7.203704703703704,2.0,Avaliador-3,Avaliador-15,,9.502,7.840909091,6.26,2.5,5.0,0.0,,,6.665,5.0,Fase 2,-1,,Agata,5.625,Agata,
RA-1035,Fase 1,1C,Aluno-1035,2014,10,M,2023,Publica,2024,,,,,2.0,Avaliador-3,Avaliador-15,,9.502,9.0227272725,7.51,7.0,6.5,7.5,,,7.92,5.0,Fase 2,-1,,Agata,8.4375,Ametista,
RA-850,Fase 1,1C,Aluno-850,2014,10,M,2022,Publica,2024,,,Ametista,7.640722218045114,2.0,Avaliador-3,Avaliador-15,,10.002,9.2727272725,6.255,7.75,6.0,9.5,,,7.92,5.0,Fase 2,-1,,Agata,7.5,Ametista,
RA-1402,Fase 1,1D,Aluno-1402,2014,10,F,2024,Publica,2024,,,,,2.0,Avaliador-3,Avaliador-15,,10.002,9.5454545455,7.51,7.25,7.0,7.5,,,8.17,10.0,Fase 1,0,,,8.4375,Topazio,
RA-1403,Fase 1,1D,Aluno-1403,2013,11,F,2024,Publica,2024,,,,,2.0,Avaliador-3,Avaliador-15,,9.002,9.3073593075,7.51,8.75,7.5,10.0,,,8.255,5.0,Fase 2,-1,,,8.4375,Topazio,
RA-1404,Fase 1,1D,Aluno-1404,2014,9,F,2024,Publica,2024,,,,,2.0,Avaliador-3,Avaliador-15,,8.502,9.090909091,7.51,7.5,6.0,9.0,,,8.17,10.0,Fase 1,0,,,8.4375,Topazio,
RA-923,Fase 1,1D,Aluno-923,2015,9,F,2023,Publica,2024,,,,,2.0,Avaliador-3,Avaliador-15,,8.002,7.9545454545,7.51,5.5,5.0,6.0,,,8.17,10.0,Fase 1,0,,Topazio,8.125,Ametista,
RA-847,Fase 1,1D,Aluno-847,2013,11,M,2022,Publica,2024,,,Agata,6.83936507936508,2.0,Avaliador-3,Avaliador-15,,9.002,4.5454545455,5.01,1.0,0.0,2.0,,,6.245,5.0,Fase 2,-1,,Agata,7.5,Quartzo,
RA-1405,Fase 1,1D,Aluno-1405,2014,10,F,2024,Publica,2024,,,,,2.0,Avaliador-3,Avaliador-15,,8.002,8.6363636365,7.51,8.75,8.0,9.5,,,8.17,10.0,Fase 1,0,,,8.125,Topazio,
RA-1406,Fase 1,1D,Aluno-1406,2014,10,F,2024,Publica,2024,,,,,2.0,Avaliador-3,Avaliador-15,,8.002,8.8636363635,7.51,7.5,5.5,9.5,,,8.255,5.0,Fase 2,-1,,,8.4375,Ametista,
RA-1407,Fase 1,1D,Aluno-1407,2014,10,M,2024,Publica,2024,,,,,2.0,Avaliador-3,Avaliador-15,,10.002,9.318181818,7.51,5.75,5.5,6.0,,,7.5,5.0,Fase 2,-1,,,7.8125,Ametista,
RA-1408,Fase 1,1D,Aluno-1408,2013,11,M,2024,Publica,2024,,,,,2.0,Avaliador-3,Avaliador-15,,10.002,8.409090909,7.51,6.75,5.5,8.0,,,7.5,5.0,Fase 2,-1,,,8.4375,Ametista,
RA-1409,Fase 1,1D,Aluno-1409,2014,10,M,2024,Publica,2024,,,,,2.0,Avaliador-3,Avaliador-15,,10.002,9.0909090905,7.51,7.25,7.5,7.0,,,7.5,5.0,Fase 2,-1,,,8.4375,Ametista,
RA-1410,Fase 1,1E,Aluno-1410,2013,11,M,2024,Publica,2024,,,,,2.0,Avaliador-15,Avaliador-2,,9.002,8.1136363635,7.51,6.25,6.5,6.0,,,8.165,5.0,Fase 2,-1,,,8.75,Ametista,
RA-874,Fase 1,1E,Aluno-874,2013,10,M,2023,Publica,2024,,,,,2.0,Avaliador-15,Avaliador-2,,9.502,4.696969697,6.26,7.75,6.0,9.5,,,7.915,5.0,Fase 2,-1,,Quartzo,8.75,Ametista,
RA-1411,Fase 1,1E,Aluno-1411,2013,11,M,2024,Publica,2024,,,,,2.0,Avaliador-15,Avaliador-2,,9.002,9.5,6.26,2.75,5.5,0.0,,,7.835,5.0,Fase 2,-1,,,8.4375,Agata,
RA-1412,Fase 1,1E,Aluno-1412,2014,10,M,2024,Publica,2024,,,,,2.0,Avaliador-15,Avaliador-2,,10.002,9.3073593075,7.51,9.75,10.0,9.5,,,8.835,10.0,Fase 1,0,,,8.75,Topazio,
RA-690,Fase 1,1E,Aluno-690,2013,11,F,2022,Publica,2024,,,Ametista,7.5405708421052635,2.0,Avaliador-15,Avaliador-2,,7.918,8.409090909,7.51,6.25,7.5,5.0,,,7.835,5.0,Fase 2,-1,,Topazio,8.4375,Ametista,
RA-1413,Fase 1,1E,Aluno-1413,2012,12,M,2024,Publica,2024,,,,,2.0,Avaliador-15,Avaliador-2,,9.002,8.593073593,7.51,7.25,7.5,7.0,,,7.92,5.0,Fase 3,-2,,,8.4375,Ametista,
RA-1414,Fase 1,1E,Aluno-1414,2014,10,F,2024,Publica,2024,,,,,2.0,Avaliador-15,Avaliador-2,,9.502,9.2965367965,6.885,8.5,10.0,7.0,,,8.835,10.0,Fase 1,0,,,8.75,Topazio,
RA-995,Fase 1,1E,Aluno-995,2012,12,F,2023,Publica,2024,,,,,2.0,Avaliador-15,Avaliador-2,,10.002,5.3896103895,5.635,2.0,0.0,4.0,,,4.25,5.0,Fase 3,-2,,Agata,7.1875,Quartzo,
RA-853,Fase 1,1G,Aluno-853,2014,10,F,2022,Publica,2024,,,Topazio,8.616243765480895,3.0,Avaliador-16,Avaliador-3,Avaliador-15,8.502,9.5833333335,6.26,6.25,6.5,6.0,,,7.553333333,10.0,Fase 1,0,,Ametista,8.333333333,Ametista,
RA-854,Fase 1,1G,Aluno-854,2014,9,F,2022,Publica,2024,,,Topazio,8.098496318150449,3.0,Avaliador-16,Avaliador-3,Avaliador-15,9.502,10.0,6.26,7.0,7.0,7.0,,,6.333333333,10.0,Fase 1,0,,Agata,5.833333333,Ametista,
RA-1415,Fase 1,1G,Aluno-1415,2014,10,F,2024,Publica,2024,,,,,3.0,Avaliador-16,Avaliador-3,Avaliador-15,8.002,9.7727272725,6.26,6.75,6.5,7.0,,,7.056666667,5.0,Fase 2,-1,,,7.291666667,Ametista,
RA-842,Fase 1,1G,Aluno-842,2014,10,F,2022,Publica,2024,,,Ametista,7.95176506926407,3.0,Avaliador-16,Avaliador-3,Avaliador-15,8.502,7.549407115,6.26,7.5,6.0,9.0,,,6.996666667,5.0,Fase 2,-1,,Ametista,6.875,Ametista,
RA-700,Fase 1,1G,Aluno-700,2013,11,F,2022,Publica,2024,,,Ametista,7.738020410934745,3.0,Avaliador-16,Avaliador-3,Avaliador-15,8.502,9.564393939,5.635,5.25,5.0,5.5,,,7.0,5.0,Fase 2,-1,,Topazio,7.291666667,Ametista,
RA-1416,Fase 1,1G,Aluno-1416,2012,12,F,2024,Publica,2024,,,,,3.0,Avaliador-16,Avaliador-3,Avaliador-15,8.502,8.2765151515,7.51,7.75,6.5,9.0,,,6.386666667,5.0,Fase 2,-1,,,7.916666667,Ametista,
RA-911,Fase 1,1G,Aluno-911,2012,12,M,2023,Publica,2024,,,,,3.0,Avaliador-16,Avaliador-3,Avaliador-15,8.002,4.772727273,7.51,4.5,5.0,4.0,,,4.726666667,5.0,Fase 3,-2,,Quartzo,6.041666667,Quartzo,
RA-859,Fase 1,1G,Aluno-859,2015,9,F,2022,Publica,2024,,,Topazio,8.325132654369785,3.0,Avaliador-16,Avaliador-3,Avaliador-15,8.002,9.337121212,7.51,8.0,8.0,8.0,,,8.336666667,10.0,Fase 1,0,,Topazio,8.958333333,Topazio,
RA-860,Fase 1,1G,Aluno-860,2015,9,M,2022,Publica,2024,,,Topazio,8.135541086517346,3.0,Avaliador-16,Avaliador-3,Avaliador-15,9.002,9.7916666665,7.51,8.5,8.0,9.0,,,7.946666667,10.0,Fase 1,0,,Topazio,8.75,Topazio,
RA-727,Fase 1,1G,Aluno-727,2014,10,M,2022,Publica,2024,,,Ametista,7.736100484848485,3.0,Avaliador-16,Avaliador-3,Avaliador-15,10.002,8.4848484845,6.26,8.5,10.0,7.0,,,8.056666667,10.0,Fase 1,0,,Ametista,8.125,Topazio,
RA-1417,Fase 1,1G,Aluno-1417,2014,10,M,2024,Publica,2024,,,,,3.0,Avaliador-16,Avaliador-3,Avaliador-15,9.002,9.337121212,7.51,9.0,10.0,8.0,,,6.5,5.0,Fase 2,-1,,,6.25,Ametista,
RA-910,Fase 1,1G,Aluno-910,2015,9,M,2023,Publica,2024,,,,,3.0,Avaliador-16,Avaliador-3,Avaliador-15,8.502,8.674242424500001,7.51,7.5,9.0,6.0,,,7.443333333,10.0,Fase 1,0,,Ametista,7.916666667,Topazio,
RA-840,Fase 1,1G,Aluno-840,2014,10,M,2022,Publica,2024,,,Ametista,7.874720643467644,3.0,Avaliador-16,Avaliador-3,Avaliador-15,9.502,9.337121212,7.51,8.0,7.0,9.0,,,7.946666667,10.0,Fase 1,0,,Ametista,8.333333333,Topazio,
RA-926,Fase 1,1G,Aluno-926,2014,10,F,2023,Publica,2024,,,,,3.0,Avaliador-16,Avaliador-3,Avaliador-15,9.002,9.7727272725,7.51,7.0,7.0,7.0,,,7.22,5.0,Fase 2,-1,,Ametista,8.333333333,Ametista,
RA-1418,Fase 1,1G,Aluno-1418,2013,11,M,2024,Publica,2024,,,,,3.0,Avaliador-16,Avaliador-3,Avaliador-15,8.502,9.128787879,7.51,8.25,8.5,8.0,,,6.833333333,5.0,Fase 2,-1,,,7.916666667,Ametista,
RA-927,Fase 1,1G,Aluno-927,2014,10,F,2023,Publica,2024,,,,,3.0,Avaliador-16,Avaliador-3,Avaliador-15,8.002,9.318181818,7.51,6.5,7.0,6.0,,,7.22,10.0,Fase 1,0,,Ametista,8.333333333,Ametista,
RA-672,Fase 1,1H,Aluno-672,2013,11,F,2021,Publica,2024,,Ametista,Ametista,7.479539037037037,3.0,Avaliador-3,Avaliador-16,Avaliador-15,7.918,3.9525691700000003,6.26,0.0,0.0,0.0,,,4.496666667,5.0,Fase 2,-1,,Agata,6.041666667,Quartzo,
RA-1043,Fase 1,1H,Aluno-1043,2013,11,M,2023,Publica,2024,,,,,3.0,Avaliador-3,Avaliador-16,Avaliador-15,10.002,7.994071146,7.51,8.25,8.5,8.0,,,6.553333333,5.0,Fase 2,-1,,Agata,7.291666667,Ametista,
RA-738,Fase 1,1H,Aluno-738,2014,10,F,2022,Publica,2024,,,Ametista,7.22724271539961,3.0,Avaliador-3,Avaliador-16,Avaliador-15,10.002,7.292490119,6.885,7.25,7.5,7.0,,,7.39,5.0,Fase 2,-1,,Topazio,6.875,Ametista,
RA-1419,Fase 1,1H,Aluno-1419,2014,10,F,2024,Publica,2024,,,,,3.0,Avaliador-3,Avaliador-16,Avaliador-15,8.502,10.0,7.51,7.5,6.0,9.0,,,8.783333333,10.0,Fase 1,0,,,8.958333333,Topazio,
RA-704,Fase 1,1H,Aluno-704,2012,12,M,2022,Publica,2024,,,Agata,6.741243719576721,3.0,Avaliador-3,Avaliador-16,Avaliador-15,7.502,8.646245059,5.635,6.5,6.0,7.0,,,6.616666667,5.0,Fase 2,-1,,Agata,6.458333333,Agata,
RA-705,Fase 1,1H,Aluno-705,2012,12,M,2022,Publica,2024,,,Agata,6.634286047619048,3.0,Avaliador-3,Avaliador-16,Avaliador-15,9.002,6.4285714285,5.005,3.5,2.0,5.0,,,4.226666667,5.0,Fase 2,-1,,Agata,5.625,Quartzo,
RA-822,Fase 1,1H,Aluno-822,2012,12,M,2022,Publica,2024,,,Agata,6.92155010708899,3.0,Avaliador-3,Avaliador-16,Avaliador-15,0.0,4.6245059285,5.01,6.75,7.5,6.0,,,6.61,5.0,Fase 3,-2,,Agata,6.666666667,Quartzo,
RA-740,Fase 1,1H,Aluno-740,2013,11,F,2022,Privada,2024,,,Ametista,7.217943583732057,3.0,Avaliador-3,Avaliador-16,Avaliador-15,9.002,9.555335968,7.51,8.0,8.0,8.0,,,8.223333333,5.0,Fase 2,-1,,Ametista,8.541666667,Topazio,
RA-741,Fase 1,1H,Aluno-741,2012,12,F,2022,Publica,2024,,,Agata,6.895951771280052,3.0,Avaliador-3,Avaliador-16,Avaliador-15,8.418,5.2964426875,5.005,3.75,3.5,4.0,,,4.223333333,5.0,Fase 2,-1,,Agata,5.833333333,Quartzo,
RA-1420,Fase 1,1H,Aluno-1420,2012,12,M,2024,Publica,2024,,,,,3.0,Avaliador-3,Avaliador-16,Avaliador-15,7.918,5.520833333500001,6.26,4.5,5.0,4.0,,,5.44,5.0,Fase 3,-2,,,6.458333333,Quartzo,
RA-709,Fase 1,1H,Aluno-709,2012,12,F,2022,Publica,2024,,,Quartzo,5.313189368606702,3.0,Avaliador-3,Avaliador-16,Avaliador-15,7.418,7.994071146,7.51,6.0,6.0,6.0,,,6.773333333,5.0,Fase 2,-1,,Agata,6.875,Agata,
RA-1421,Fase 1,1H,Aluno-1421,2013,11,M,2024,Publica,2024,,,,,3.0,Avaliador-3,Avaliador-16,Avaliador-15,9.002,6.777777778,7.51,7.5,8.0,7.0,,,7.163333333,5.0,Fase 2,-1,,,6.875,Ametista,
RA-1422,Fase 1,1J,Aluno-1422,2013,11,F,2024,Publica,2024,,,,,4.0,Avaliador-16,Avaliador-18,Avaliador-15,9.502,7.5,7.51,4.75,0.0,9.5,,,7.7475,5.0,Fase 2,-1,,,8.125,Ametista,
RA-1423,Fase 1,1J,Aluno-1423,2013,11,M,2024,Publica,2024,,,,,4.0,Avaliador-16,Avaliador-18,Avaliador-15,8.502,5.3125,7.51,5.75,4.0,7.5,,,6.5425,5.0,Fase 2,-1,,,7.8125,Agata,
RA-733,Fase 1,1J,Aluno-733,2013,10,F,2022,Publica,2024,,,Agata,6.683821329434698,4.0,Avaliador-16,Avaliador-18,Avaliador-15,10.002,10.0,7.51,9.25,9.0,9.5,,,9.085,5.0,Fase 2,-1,,Topazio,8.90625,Topazio,
RA-836,Fase 1,1J,Aluno-836,2013,11,M,2022,Publica,2024,,,Ametista,7.664923985754986,4.0,Avaliador-16,Avaliador-18,Avaliador-15,9.502,6.439393939,7.51,2.75,5.5,0.0,,,6.25,5.0,Fase 2,-1,,Ametista,7.34375,Agata,
RA-1424,Fase 1,1J,Aluno-1424,2012,12,F,2024,Publica,2024,,,,,4.0,Avaliador-16,Avaliador-18,Avaliador-15,9.002,8.9444444445,7.51,7.25,7.5,7.0,,,6.915,5.0,Fase 2,-1,,,7.8125,Ametista,
RA-1425,Fase 1,1J,Aluno-1425,2012,12,M,2024,Publica,2024,,,,,4.0,Avaliador-16,Avaliador-18,Avaliador-15,9.002,6.7976190475,7.51,7.0,6.0,8.0,,,5.92,5.0,Fase 2,-1,,,7.34375,Agata,
RA-1426,Fase 1,1J,Aluno-1426,2013,11,F,2023,Publica,2024,,,,,4.0,Avaliador-16,Avaliador-18,Avaliador-15,9.502,5.845238095,7.51,2.75,5.5,0.0,,,5.8325,5.0,Fase 2,-1,,,7.5,Quartzo,
RA-716,Fase 1,1J,Aluno-716,2013,11,M,2022,Publica,2024,,,Agata,6.524519230769231,4.0,Avaliador-16,Avaliador-18,Avaliador-15,9.002,5.5335968375,7.51,5.75,5.5,6.0,,,5.7875,5.0,Fase 2,-1,,Agata,6.71875,Agata,
RA-1049,Fase 1,1J,Aluno-1049,2013,11,M,2023,Publica,2024,,,,,4.0,Avaliador-16,Avaliador-18,Avaliador-15,9.502,8.03030303,7.51,4.5,4.0,5.0,,,6.745,5.0,Fase 2,-1,,Ametista,7.65625,Agata,
RA-1427,Fase 1,1J,Aluno-1427,2013,11,F,2024,Publica,2024,,,,,4.0,Avaliador-16,Avaliador-18,Avaliador-15,9.502,10.0,7.51,8.0,6.5,9.5,,,8.6675,5.0,Fase 2,-1,,,8.90625,Topazio,
RA-1052,Fase 1,1J,Aluno-1052,2014,10,M,2023,Publica,2024,,,,,4.0,Avaliador-16,Avaliador-18,Avaliador-15,5.834,9.128787879,6.26,8.25,8.5,8.0,,,8.4975,5.0,Fase 2,-1,,Agata,8.59375,Ametista,
RA-719,Fase 1,1J,Aluno-719,2012,12,M,2021,Publica,2024,,Quartzo,Quartzo,5.552244923076923,4.0,Avaliador-16,Avaliador-18,Avaliador-15,10.002,7.3484848485,7.51,6.5,5.0,8.0,,,6.7425,5.0,Fase 2,-1,,Agata,7.5,Ametista,
RA-1055,Fase 1,1J,Aluno-1055,2012,12,M,2023,Publica,2024,,,,,4.0,Avaliador-16,Avaliador-18,Avaliador-15,10.002,5.7954545455,7.51,5.5,4.0,7.0,,,5.87,5.0,Fase 3,-2,,Quartzo,7.1875,Agata,
RA-747,Fase 1,1K,Aluno-747,2011,12,F,2022,Publica,2024,,,Ametista,7.675509353106849,2.0,Avaliador-15,Avaliador-2,,10.002,8.095238095,5.005,2.25,4.5,0.0,,,5.335,5.0,Fase 3,-2,,Agata,7.083333333,Quartzo,
RA-928,Fase 1,1K,Aluno-928,2015,9,F,2023,Publica,2024,,,,,2.0,Avaliador-15,Avaliador-2,,8.002,10.0,7.51,8.75,8.5,9.0,,,8.59,10.0,Fase 1,0,,Topazio,8.541666667,Topazio,
RA-748,Fase 1,1K,Aluno-748,2013,11,M,2021,Publica,2024,,,Topazio,8.083535682039548,2.0,Avaliador-15,Avaliador-2,,9.502,10.0,7.51,7.75,7.5,8.0,,,8.005,5.0,Fase 2,-1,,Topazio,8.75,Topazio,
RA-769,Fase 1,1K,Aluno-769,2013,11,F,2022,Publica,2024,,,Ametista,7.598297219273481,2.0,Avaliador-15,Avaliador-2,,10.002,5.9523809525,7.51,6.0,6.0,6.0,,,8.33,5.0,Fase 2,-1,,Ametista,7.916666667,Ametista,
RA-876,Fase 1,1K,Aluno-876,2015,9,M,2023,Publica,2024,,,,,2.0,Avaliador-15,Avaliador-2,,8.502,9.0476190475,7.51,3.75,7.5,0.0,,,8.09,10.0,Fase 1,0,,Topazio,8.333333333,Ametista,
RA-776,Fase 1,1K,Aluno-776,2013,11,F,2022,Publica,2024,,,Quartzo,3.8980647821350765,2.0,Avaliador-15,Avaliador-2,,7.917,5.9523809525,5.63,0.0,0.0,0.0,,,6.5,5.0,Fase 2,-1,,Quartzo,8.333333333,Quartzo,
RA-753,Fase 1,1K,Aluno-753,2014,10,F,2022,Publica,2024,,,Topazio,8.480834141954665,2.0,Avaliador-15,Avaliador-2,,10.002,9.047619048,7.51,8.5,9.0,8.0,,,8.255,5.0,Fase 2,-1,,Topazio,8.333333333,Topazio,
RA-601,Fase 1,1K,Aluno-601,2014,10,M,2021,Publica,2024,,Topazio,Ametista,7.71314478904992,2.0,Avaliador-15,Avaliador-2,,9.502,10.0,7.505,8.75,9.5,8.0,,,8.425,5.0,Fase 2,-1,,Topazio,8.75,Topazio,
RA-955,Fase 1,1K,Aluno-955,2013,11,F,2023,Publica,2024,,,,,2.0,Avaliador-15,Avaliador-2,,0.0,6.904761905,7.51,5.75,6.5,5.0,,,8.255,5.0,Fase 2,-1,,Ametista,8.125,Agata,
RA-831,Fase 1,1K,Aluno-831,2013,10,M,2022,Publica,2024,,,Ametista,7.4100721416504225,2.0,Avaliador-15,Avaliador-2,,10.002,9.523809524,6.26,7.75,6.5,9.0,,,8.17,5.0,Fase 2,-1,,Ametista,7.916666667,Topazio,
RA-1067,Fase 1,1K,Aluno-1067,2013,11,M,2023,Publica,2024,,,,,2.0,Avaliador-15,Avaliador-2,,10.002,8.333333332999999,7.51,6.75,6.5,7.0,,,8.59,5.0,Fase 2,-1,,Agata,8.541666667,Ametista,
RA-1058,Fase 1,1K,Aluno-1058,2014,10,F,2023,Publica,2024,,,,,2.0,Avaliador-15,Avaliador-2,,9.168,8.095238095,6.88,7.75,7.5,8.0,,,8.085,5.0,Fase 2,-1,,Ametista,8.125,Ametista,
RA-757,Fase 1,1K,Aluno-757,2013,11,F,2022,Publica,2024,,,Topazio,8.259535082249474,2.0,Avaliador-15,Avaliador-2,,9.502,9.285714286000001,7.51,7.0,6.5,7.5,,,8.34,5.0,Fase 2,-1,,Topazio,8.125,Ametista,
RA-794,Fase 1,1K,Aluno-794,2014,10,F,2022,Publica,2024,,,Ametista,7.334936230769231,2.0,Avaliador-15,Avaliador-2,,9.502,6.9047619045,7.51,3.0,6.0,0.0,,,8.255,10.0,Fase 1,0,,Ametista,8.125,Ametista,
RA-960,Fase 1,1K,Aluno-960,2013,11,M,2023,Publica,2024,,,,,2.0,Avaliador-15,Avaliador-2,,0.0,8.095238095,7.51,3.0,6.0,0.0,,,5.33,5.0,Fase 2,-1,,Ametista,7.5,Quartzo,
RA-587,Fase 1,1L,Aluno-587,2012,12,M,2022,Publica,2024,,,Agata,6.631987865319865,2.0,Avaliador-15,Avaliador-2,,9.002,7.380952381,7.51,6.25,6.5,6.0,,,5.74,5.0,Fase 3,-2,,Agata,7.916666667,Agata,
RA-826,Fase 1,1L,Aluno-826,2014,10,M,2022,Publica,2024,,,Ametista,7.775658894736842,2.0,Avaliador-15,Avaliador-2,,10.002,10.0,6.26,6.75,5.5,8.0,,,8.59,5.0,Fase 2,-1,,Ametista,7.5,Ametista,
RA-789,Fase 1,1L,Aluno-789,2015,9,F,2022,Publica,2024,,,Ametista,7.405336262443439,2.0,Avaliador-15,Avaliador-2,,9.002,9.047619048,7.51,5.25,5.5,5.0,,,8.085,10.0,Fase 1,0,,Ametista,9.166666667,Topazio,
RA-1056,Fase 1,1L,Aluno-1056,2014,10,M,2023,Publica,2024,,,,,2.0,Avaliador-15,Avaliador-2,,8.502,9.2857142855,7.51,8.25,8.5,8.0,,,8.335,5.0,Fase 2,-1,,Topazio,9.166666667,Topazio,
RA-1428,Fase 1,1L,Aluno-1428,2013,10,M,2024,Publica,2024,,,,,2.0,Avaliador-15,Avaliador-2,,8.502,8.8562091505,7.51,8.0,7.0,9.0,,,8.085,5.0,Fase 2,-1,,,9.166666667,Topazio,
RA-830,Fase 1,1L,Aluno-830,2013,11,F,2022,Publica,2024,,,Ametista,7.234398335932424,2.0,Avaliador-15,Avaliador-2,,9.002,7.619047619,5.63,6.75,6.5,7.0,,,7.335,5.0,Fase 2,-1,,Agata,8.333333333,Ametista,
RA-780,Fase 1,1L,Aluno-780,2013,11,F,2022,Publica,2024,,,Agata,6.954987237893207,2.0,Avaliador-15,Avaliador-2,,9.502,10.0,5.63,6.0,6.0,6.0,,,8.17,5.0,Fase 2,-1,,Ametista,8.958333333,Ametista,
RA-1057,Fase 1,1L,Aluno-1057,2014,10,F,2023,Publica,2024,,,,,2.0,Avaliador-15,Avaliador-2,,10.002,10.0,6.26,8.0,8.0,8.0,,,8.17,5.0,Fase 2,-1,,Topazio,8.75,Topazio,
RA-1062,Fase 1,1L,Aluno-1062,2014,10,M,2023,Publica,2024,,,,,2.0,Avaliador-15,Avaliador-2,,8.002,9.047619048,5.63,7.25,6.5,8.0,,,8.085,5.0,Fase 2,-1,,Ametista,8.75,Ametista,
RA-1429,Fase 1,1L,Aluno-1429,2013,11,M,2024,Publica,2024,,,,,2.0,Avaliador-15,Avaliador-2,,9.502,8.888888889,7.51,7.75,8.5,7.0,,,8.085,5.0,Fase 2,-1,,,8.958333333,Topazio,
RA-1430,Fase 1,1L,Aluno-1430,2013,11,M,2024,Publica,2024,,,,,2.0,Avaliador-15,Avaliador-2,,8.502,10.0,7.51,6.25,6.0,6.5,,,8.085,5.0,Fase 2,-1,,,8.958333333,Ametista,
RA-767,Fase 1,1L,Aluno-767,2012,12,M,2021,Publica,2024,,Ametista,Ametista,7.510987800569801,2.0,Avaliador-15,Avaliador-2,,9.502,9.0476190475,7.51,8.25,8.5,8.0,,,8.085,5.0,Fase 3,-2,,Ametista,8.541666667,Topazio,
RA-943,Fase 1,1L,Aluno-943,2015,9,F,2023,Publica,2024,,,,,2.0,Avaliador-15,Avaliador-2,,10.002,10.0,7.51,8.0,7.0,9.0,,,8.59,10.0,Fase 1,0,,Topazio,8.958333333,Topazio,
RA-782,Fase 1,1L,Aluno-782,2014,10,M,2022,Publica,2024,,,Ametista,7.484593745480259,2.0,Avaliador-15,Avaliador-2,,9.502,7.8571428569999995,7.51,7.75,7.5,8.0,,,8.085,10.0,Fase 1,0,,Ametista,7.5,Topazio,
RA-795,Fase 1,1L,Aluno-795,2014,10,F,2022,Publica,2024,,,Topazio,8.064310288084464,2.0,Avaliador-15,Avaliador-2,,9.502,9.761904762,6.26,9.5,10.0,9.0,,,8.085,5.0,Fase 2,-1,,Topazio,8.958333333,Topazio,
RA-1431,Fase 1,1M,Aluno-1431,2013,11,F,2024,Publica,2024,,,,,2.0,Avaliador-17,Avaliador-2,,9.002,7.7432712215,7.51,8.0,8.0,8.0,,,9.09,5.0,Fase 2,-1,,,7.96875,Ametista,
RA-1432,Fase 1,1M,Aluno-1432,2014,10,F,2024,Publica,2024,,,,,2.0,Avaliador-17,Avaliador-2,,10.002,10.0,7.51,9.5,10.0,9.0,,,8.505,5.0,Fase 2,-1,,,9.21875,Topazio,
RA-1433,Fase 1,1M,Aluno-1433,2014,10,F,2024,Publica,2024,,,,,2.0,Avaliador-17,Avaliador-2,,8.502,9.068322981,7.51,8.75,8.0,9.5,,,8.505,5.0,Fase 2,-1,,,8.28125,Topazio,
RA-1434,Fase 1,1M,Aluno-1434,2014,10,M,2024,Publica,2024,,,,,2.0,Avaliador-17,Avaliador-2,,8.502,7.9813664595,6.26,9.0,10.0,8.0,,,9.76,5.0,Fase 2,-1,,,9.53125,Topazio,
RA-958,Fase 1,1M,Aluno-958,2015,9,F,2023,Publica,2024,,,,,2.0,Avaliador-17,Avaliador-2,,10.002,10.0,6.26,10.0,10.0,10.0,,,9.76,10.0,Fase 1,0,,Topazio,9.53125,Topazio,
RA-961,Fase 1,1M,Aluno-961,2014,10,M,2023,Publica,2024,,,,,2.0,Avaliador-17,Avaliador-2,,9.002,8.8923395445,6.26,5.5,6.0,5.0,,,5.155,5.0,Fase 2,-1,,Quartzo,5.9375,Agata,
RA-1435,Fase 1,1M,Aluno-1435,2014,10,M,2024,Publica,2024,,,,,2.0,Avaliador-17,Avaliador-2,,9.502,7.833333333500001,7.51,7.5,7.5,7.5,,,6.165,10.0,Fase 1,0,,,7.1875,Ametista,
RA-755,Fase 1,1M,Aluno-755,2014,10,M,2022,Publica,2024,,,Topazio,8.565661700730832,2.0,Avaliador-17,Avaliador-2,,10.002,10.0,7.51,9.75,10.0,9.5,,,9.09,5.0,Fase 2,-1,,Topazio,9.0625,Topazio,
RA-1436,Fase 1,1M,Aluno-1436,2013,11,F,2024,Publica,2024,,,,,2.0,Avaliador-17,Avaliador-2,,7.418,8.674948240500001,7.51,8.0,8.0,8.0,,,7.17,5.0,Fase 2,-1,,,8.28125,Ametista,
RA-1437,Fase 1,1M,Aluno-1437,2013,11,F,2024,Publica,2024,,,,,2.0,Avaliador-17,Avaliador-2,,8.502,9.347826087,7.51,8.0,8.0,8.0,,,7.92,5.0,Fase 2,-1,,,8.28125,Ametista,
RA-1438,Fase 1,1M,Aluno-1438,2013,10,F,2024,Publica,2024,,,,,2.0,Avaliador-17,Avaliador-2,,10.002,9.0,7.51,7.0,6.0,8.0,,,9.175,5.0,Fase 2,-1,,,8.90625,Topazio,
RA-1439,Fase 1,1M,Aluno-1439,2013,11,F,2024,Publica,2024,,,,,2.0,Avaliador-17,Avaliador-2,,7.502,10.0,7.51,8.5,9.0,8.0,,,9.345,5.0,Fase 2,-1,,,9.375,Topazio,
RA-1440,Fase 1,1M,Aluno-1440,2014,10,F,2024,Publica,2024,,,,,2.0,Avaliador-17,Avaliador-2,,9.002,9.544513457499999,7.51,4.5,9.0,0.0,,,8.17,5.0,Fase 2,-1,,,8.75,Ametista,
RA-1441,Fase 1,1M,Aluno-1441,2015,9,M,2024,Publica,2024,,,,,2.0,Avaliador-17,Avaliador-2,,9.502,9.109730849,7.51,8.5,9.0,8.0,,,9.005,10.0,Fase 1,0,,,9.375,Topazio,
RA-1442,Fase 1,1M,Aluno-1442,2010,13,M,2024,Publica,2024,,,,,2.0,Avaliador-17,Avaliador-2,,8.002,8.674948240500001,7.51,7.25,8.5,6.0,,,5.745,5.0,Fase 3,-2,,,7.5,Ametista,
RA-1443,Fase 1,1N,Aluno-1443,2011,13,F,2024,Publica,2024,,,,,2.0,Avaliador-15,Avaliador-2,,6.918,7.5,6.26,6.75,6.5,7.0,,,7.415,5.0,Fase 3,-2,,,7.708333333,Agata,
RA-1444,Fase 1,1N,Aluno-1444,2012,11,M,2024,Publica,2024,,,,,2.0,Avaliador-15,Avaliador-2,,8.502,5.277777778,7.51,6.0,8.0,4.0,,,7.415,5.0,Fase 2,-1,,,7.708333333,Agata,
RA-956,Fase 1,1N,Aluno-956,2012,12,M,2023,Publica,2024,,,,,2.0,Avaliador-15,Avaliador-2,,9.502,6.017786561,6.885,3.25,6.5,0.0,,,7.085,5.0,Fase 2,-1,,Ametista,7.083333333,Agata,
RA-952,Fase 1,1N,Aluno-952,2015,9,M,2023,Publica,2024,,,,,2.0,Avaliador-15,Avaliador-2,,9.502,9.545454545,6.26,8.5,8.0,9.0,,,9.175,10.0,Fase 1,0,,Topazio,8.333333333,Topazio,
RA-939,Fase 1,1N,Aluno-939,2012,12,F,2023,Publica,2024,,,,,2.0,Avaliador-15,Avaliador-2,,9.002,8.8833992095,5.63,5.0,6.0,4.0,,,7.495,5.0,Fase 2,-1,,Ametista,8.125,Ametista,
RA-953,Fase 1,1N,Aluno-953,2015,9,F,2023,Publica,2024,,,,,2.0,Avaliador-15,Avaliador-2,,9.002,6.85770751,6.26,8.5,8.0,9.0,,,7.755,10.0,Fase 1,0,,Ametista,8.125,Ametista,
RA-954,Fase 1,1N,Aluno-954,2015,9,F,2023,Publica,2024,,,,,2.0,Avaliador-15,Avaliador-2,,9.502,8.8833992095,6.26,7.75,6.5,9.0,,,7.835,10.0,Fase 1,0,,Agata,8.125,Topazio,
RA-792,Fase 1,1N,Aluno-792,2013,11,F,2022,Publica,2024,,,Agata,7.02532017948718,2.0,Avaliador-15,Avaliador-2,,8.502,5.2865612650000005,7.51,3.25,6.5,0.0,,,7.075,5.0,Fase 2,-1,,Ametista,8.125,Agata,
RA-1000,Fase 1,1N,Aluno-1000,2015,9,F,2023,Publica,2024,,,,,2.0,Avaliador-15,Avaliador-2,,9.002,9.5454545455,6.26,7.75,7.5,8.0,,,7.835,10.0,Fase 1,0,,Ametista,8.125,Topazio,
RA-763,Fase 1,1N,Aluno-763,2012,11,F,2021,Publica,2024,,Agata,Ametista,7.401904937321937,2.0,Avaliador-15,Avaliador-2,,9.002,8.8636363635,6.26,5.25,6.5,4.0,,,6.825,5.0,Fase 2,-1,,Agata,7.708333333,Agata,
RA-1001,Fase 1,1N,Aluno-1001,2014,10,F,2023,Publica,2024,,,,,2.0,Avaliador-15,Avaliador-2,,7.502,9.347826087,7.51,7.75,6.5,9.0,,,7.92,5.0,Fase 2,-1,,Topazio,7.916666667,Ametista,
RA-1445,Fase 1,1N,Aluno-1445,2014,10,F,2024,Publica,2024,,,,,2.0,Avaliador-15,Avaliador-2,,9.502,9.5,7.51,7.25,6.5,8.0,,,7.5,5.0,Fase 2,-1,,,7.916666667,Ametista,
RA-1446,Fase 1,1N,Aluno-1446,2014,9,M,2024,Publica,2024,,,,,2.0,Avaliador-15,Avaliador-2,,8.002,6.6501976285,6.26,0.0,0.0,0.0,,,7.075,10.0,Fase 1,0,,,7.291666667,Quartzo,
RA-768,Fase 1,1N,Aluno-768,2012,12,F,2021,Publica,2024,,Ametista,Ametista,7.645834666666667,2.0,Avaliador-15,Avaliador-2,,9.002,7.9841897235,6.26,5.5,6.0,5.0,,,7.495,5.0,Fase 2,-1,,Topazio,8.125,Ametista,
RA-1447,Fase 1,1N,Aluno-1447,2012,11,F,2024,Publica,2024,,,,,2.0,Avaliador-15,Avaliador-2,,9.502,9.7368421055,7.51,5.25,6.5,4.0,,,7.75,5.0,Fase 2,-1,,,7.916666667,Ametista,
RA-980,Fase 1,1P,Aluno-980,2015,9,F,2023,Publica,2024,,,,,4.0,Avaliador-3,Avaliador-18,Avaliador-17,9.002,9.058441558,7.51,6.25,6.5,6.0,,,7.4175,10.0,Fase 1,0,,Ametista,7.5,Ametista,
RA-982,Fase 1,1P,Aluno-982,2015,8,M,2023,Publica,2024,,,,,4.0,Avaliador-3,Avaliador-18,Avaliador-17,10.002,8.365800865499999,7.51,8.25,6.5,10.0,,,6.79,10.0,Fase 1,0,,Ametista,6.875,Topazio,
RA-1448,Fase 1,1P,Aluno-1448,2011,13,F,2024,Publica,2024,,,,,4.0,Avaliador-3,Avaliador-18,Avaliador-17,9.002,9.5346320345,7.51,6.0,6.0,6.0,,,7.29,5.0,Fase 3,-2,,,7.5,Ametista,
RA-1070,Fase 1,1P,Aluno-1070,2012,12,M,2023,Publica,2024,,,,,4.0,Avaliador-3,Avaliador-18,Avaliador-17,9.002,9.3073593075,5.635,2.25,4.5,0.0,,,6.6225,5.0,Fase 2,-1,,Agata,6.875,Agata,
RA-985,Fase 1,1P,Aluno-985,2015,9,M,2023,Publica,2024,,,,,4.0,Avaliador-3,Avaliador-18,Avaliador-17,8.502,10.0,6.26,7.5,8.0,7.0,,,7.585,10.0,Fase 1,0,,Ametista,7.5,Topazio,
RA-986,Fase 1,1P,Aluno-986,2015,9,F,2023,Publica,2024,,,,,4.0,Avaliador-3,Avaliador-18,Avaliador-17,10.002,9.2965367965,6.26,8.5,7.5,9.5,,,6.8325,10.0,Fase 1,0,,Topazio,7.083333333,Topazio,
RA-810,Fase 1,1P,Aluno-810,2014,10,M,2021,Publica,2024,,Ametista,Ametista,7.886571512820513,4.0,Avaliador-3,Avaliador-18,Avaliador-17,7.502,9.4736842105,5.635,9.0,8.0,10.0,,,7.7525,5.0,Fase 2,-1,,Ametista,6.458333333,Ametista,
RA-987,Fase 1,1P,Aluno-987,2015,9,M,2023,Publica,2024,,,,,4.0,Avaliador-3,Avaliador-18,Avaliador-17,9.002,9.0692640695,7.51,7.5,8.0,7.0,,,7.835,10.0,Fase 1,0,,Ametista,7.708333333,Topazio,
RA-988,Fase 1,1P,Aluno-988,2014,10,F,2023,Publica,2024,,,,,4.0,Avaliador-3,Avaliador-18,Avaliador-17,9.502,10.0,7.51,7.75,6.5,9.0,,,7.96,5.0,Fase 2,-1,,Ametista,8.333333333,Topazio,
RA-805,Fase 1,1R,Aluno-805,2014,10,M,2021,Publica,2024,,Ametista,Topazio,8.27865517948718,4.0,Avaliador-18,Avaliador-17,Avaliador-15,8.502,9.523809524,4.38,6.0,7.0,5.0,,,6.7075,5.0,Fase 2,-1,,Agata,7.03125,Agata,
RA-806,Fase 1,1R,Aluno-806,2014,10,M,2022,Publica,2024,,,Ametista,7.560770897435898,4.0,Avaliador-18,Avaliador-17,Avaliador-15,8.502,6.9047619045,7.51,6.75,6.5,7.0,,,6.875,5.0,Fase 2,-1,,Ametista,7.65625,Agata,
RA-807,Fase 1,1R,Aluno-807,2014,10,M,2022,Publica,2024,,,Topazio,8.121155846153847,4.0,Avaliador-18,Avaliador-17,Avaliador-15,9.002,7.8571428569999995,7.51,7.0,6.0,8.0,,,7.125,10.0,Fase 1,0,,Ametista,7.5,Ametista,
RA-808,Fase 1,1R,Aluno-808,2014,10,M,2022,Publica,2024,,,Topazio,8.361187897435897,4.0,Avaliador-18,Avaliador-17,Avaliador-15,9.002,10.0,7.51,8.75,7.5,10.0,,,7.88,10.0,Fase 1,0,,Topazio,8.125,Topazio,
RA-963,Fase 1,1R,Aluno-963,2014,10,F,2023,Publica,2024,,,,,4.0,Avaliador-18,Avaliador-17,Avaliador-15,7.502,9.761904762,7.51,7.5,5.0,10.0,,,8.045,10.0,Fase 1,0,,Topazio,8.125,Topazio,
RA-989,Fase 1,1R,Aluno-989,2014,10,M,2023,Publica,2024,,,,,4.0,Avaliador-18,Avaliador-17,Avaliador-15,9.502,7.8571428569999995,6.26,6.0,6.0,6.0,,,6.54,10.0,Fase 1,0,,Ametista,7.1875,Ametista,
RA-964,Fase 1,1R,Aluno-964,2014,10,M,2023,Publica,2024,,,,,4.0,Avaliador-18,Avaliador-17,Avaliador-15,9.502,8.333333332999999,7.51,7.25,7.5,7.0,,,7.1675,5.0,Fase 2,-1,,Ametista,7.96875,Ametista,
RA-1449,Fase 1,1R,Aluno-1449,2014,10,F,2024,Publica,2024,,,,,4.0,Avaliador-18,Avaliador-17,Avaliador-15,7.418,8.3333333335,7.51,6.75,6.5,7.0,,,7.04,5.0,Fase 2,-1,,,7.96875,Ametista,
RA-801,Fase 1,1R,Aluno-801,2013,10,M,2022,Publica,2024,,,Agata,6.6443414183535765,4.0,Avaliador-18,Avaliador-17,Avaliador-15,9.002,5.75,7.51,8.0,7.0,9.0,,,5.745,5.0,Fase 2,-1,,Agata,6.25,Agata,
RA-1450,Fase 1,1R,Aluno-1450,2015,9,M,2024,Publica,2024,,,,,4.0,Avaliador-18,Avaliador-17,Avaliador-15,9.502,8.571428571,7.51,3.5,0.0,7.0,,,7.5425,10.0,Fase 1,0,,,7.8125,Ametista,
RA-984,Fase 1,1R,Aluno-984,2014,9,F,2023,Publica,2024,,,,,4.0,Avaliador-18,Avaliador-17,Avaliador-15,9.502,9.761904762,7.51,7.0,7.5,6.5,,,8.045,10.0,Fase 1,0,,Topazio,8.125,Topazio,
RA-1451,Fase 1,1R,Aluno-1451,2013,11,F,2024,Publica,2024,,,,,4.0,Avaliador-18,Avaliador-17,Avaliador-15,10.002,8.8095238095,7.51,6.0,6.0,6.0,,,7.7525,5.0,Fase 2,-1,,,7.96875,Ametista,
RA-967,Fase 1,1R,Aluno-967,2013,11,M,2023,Publica,2024,,,,,4.0,Avaliador-18,Avaliador-17,Avaliador-15,9.502,3.5714285715,7.51,4.75,3.5,6.0,,,4.995,5.0,Fase 2,-1,,Ametista,5.78125,Quartzo,
RA-968,Fase 1,1R,Aluno-968,2014,10,F,2023,Publica,2024,,,,,4.0,Avaliador-18,Avaliador-17,Avaliador-15,9.002,8.8095238095,7.51,7.75,8.5,7.0,,,7.6675,5.0,Fase 2,-1,,Topazio,8.4375,Ametista,
RA-521,Fase 2,2A,Aluno-521,2013,11,M,2022,Privada,2024,,,Ametista,7.725002,3.0,Avaliador-19,Avaliador-5,Avaliador-2,8.002,9.0357142855,5.005,6.25,7.0,5.5,,,7.276666667,10.0,Fase 2,0,,Agata,6.666666667,Ametista,
RA-821,Fase 2,2A,Aluno-821,2012,11,M,2022,Publica,2024,,,Agata,6.342157529411765,3.0,Avaliador-19,Avaliador-5,Avaliador-2,8.502,5.9166666665,7.51,4.25,4.5,4.0,,,6.713333333,10.0,Fase 2,0,,,6.666666667,Agata,
RA-1075,Fase 2,2A,Aluno-1075,2010,13,F,2023,Publica,2024,,,,,3.0,Avaliador-19,Avaliador-5,Avaliador-2,7.5,8.5154061625,3.755,6.0,5.0,7.0,,,7.553333333,5.0,Fase 3,-1,,Agata,7.708333333,Agata,
RA-1048,Fase 2,2A,Aluno-1048,2013,11,F,2023,Privada,2024,,,,,3.0,Avaliador-19,Avaliador-5,Avaliador-2,8.502,6.833333333500001,6.255,6.25,6.5,6.0,,,8.283333333,10.0,Fase 1,1,,Ametista,7.708333333,Ametista,
RA-1082,Fase 2,2A,Aluno-1082,2011,13,F,2023,Publica,2024,,,,,3.0,Avaliador-19,Avaliador-5,Avaliador-2,7.502,7.5714285715,10.0,3.75,2.0,5.5,,,6.943333333,5.0,Fase 3,-1,,Ametista,7.083333333,Agata,
RA-680,Fase 2,2A,Aluno-680,2012,12,F,2021,Publica,2024,Ametista,Ametista,Ametista,7.5177707180986655,3.0,Avaliador-19,Avaliador-5,Avaliador-2,0.0,6.6428571430000005,5.635,3.0,2.5,3.5,,,6.606666667,5.0,Fase 3,-1,,Agata,6.666666667,Quartzo,
RA-698,Fase 2,2A,Aluno-698,2013,10,M,2021,Publica,2024,,Ametista,Ametista,7.440048629629629,3.0,Avaliador-19,Avaliador-5,Avaliador-2,9.002,8.3214285715,6.88,4.5,3.0,6.0,,,7.273333333,10.0,Fase 2,0,,Ametista,7.291666667,Ametista,
RA-1452,Fase 2,2A,Aluno-1452,2012,12,M,2024,Publica,2024,,,,,3.0,Avaliador-19,Avaliador-5,Avaliador-2,9.002,10.0,7.51,7.75,7.0,8.5,,,8.17,10.0,Fase 2,0,,,7.916666667,Topazio,
RA-1453,Fase 2,2A,Aluno-1453,2012,12,F,2021,Publica,2024,,,,,3.0,Avaliador-19,Avaliador-5,Avaliador-2,8.502,7.8214285715,6.25,6.5,4.5,8.5,,,7.67,5.0,Fase 3,-1,,,7.5,Ametista,
RA-1454,Fase 2,2A,Aluno-1454,2014,10,F,2023,Publica,2024,,,,,3.0,Avaliador-19,Avaliador-5,Avaliador-2,8.002,5.880952381,7.51,7.75,7.5,8.0,,,8.28,10.0,Fase 2,0,,,7.708333333,Ametista,
RA-1455,Fase 2,2A,Aluno-1455,2012,12,F,2024,Publica,2024,,,,,3.0,Avaliador-19,Avaliador-5,Avaliador-2,8.002,7.777777778,7.51,3.5,,3.5,,,7.833333333,5.0,Fase 3,-1,,,7.708333333,Agata,
RA-529,Fase 2,2A,Aluno-529,2010,14,M,2021,Publica,2024,Agata,Ametista,Agata,6.510225610194904,3.0,Avaliador-19,Avaliador-5,Avaliador-2,7.002,6.6071428569999995,4.38,4.25,2.5,6.0,,,4.886666667,5.0,Fase 3,-1,,Ametista,4.791666667,Quartzo,
RA-1456,Fase 2,2A,Aluno-1456,2012,11,M,2024,Publica,2024,,,,,3.0,Avaliador-19,Avaliador-5,Avaliador-2,9.502,9.511904762,7.51,7.75,5.5,10.0,,,7.946666667,10.0,Fase 2,0,,,7.5,Topazio,
RA-1015,Fase 2,2B,Aluno-1015,2013,11,F,2023,Publica,2024,,,,,3.0,Avaliador-19,Avaliador-5,Avaliador-2,7.918,7.8214285715,7.51,4.0,2.0,6.0,,,5.66,10.0,Fase 2,0,,Ametista,6.041666667,Agata,
RA-483,Fase 2,2B,Aluno-483,2011,13,F,2021,Publica,2024,Ametista,Agata,Quartzo,5.262717116883117,3.0,Avaliador-19,Avaliador-5,Avaliador-2,8.502,5.6428571430000005,6.26,5.25,2.0,8.5,,,8.056666667,5.0,Fase 3,-1,,Agata,8.125,Agata,
RA-497,Fase 2,2B,Aluno-497,2009,15,F,2021,Bolsista,2024,Quartzo,Quartzo,Agata,6.322731276895944,3.0,Avaliador-19,Avaliador-5,Avaliador-2,7.502,6.095238095,5.63,1.0,0.0,2.0,,,3.506666667,5.0,Fase 3,-1,,Quartzo,5.625,Quartzo,
RA-1457,Fase 2,2B,Aluno-1457,2011,12,F,2024,Publica,2024,,,,,3.0,Avaliador-19,Avaliador-5,Avaliador-2,3.498,8.0357142855,7.51,2.75,2.5,3.0,,,7.663333333,5.0,Fase 3,-1,,,7.291666667,Agata,
RA-688,Fase 2,2B,Aluno-688,2013,11,M,2022,Publica,2024,,,Ametista,7.771092108287961,3.0,Avaliador-19,Avaliador-5,Avaliador-2,9.502,10.0,8.13,7.5,6.0,9.0,,,9.45,10.0,Fase 2,0,,Topazio,8.333333333,Topazio,
RA-696,Fase 2,2B,Aluno-696,2013,10,F,2021,Publica,2024,,Ametista,Ametista,7.441449523187053,3.0,Avaliador-19,Avaliador-5,Avaliador-2,7.418,7.845238095,7.51,5.25,5.0,5.5,,,8.0,10.0,Fase 2,0,,Ametista,7.708333333,Ametista,
RA-1458,Fase 2,2B,Aluno-1458,2012,12,F,2024,Publica,2024,,,,,3.0,Avaliador-19,Avaliador-5,Avaliador-2,8.751,7.280701754500001,7.51,3.25,0.5,6.0,,,5.213333333,5.0,Fase 3,-1,,,6.041666667,Quartzo,
RA-1034,Fase 2,2B,Aluno-1034,2013,11,M,2023,Publica,2024,,,,,3.0,Avaliador-19,Avaliador-5,Avaliador-2,7.502,8.0833333335,7.51,7.5,7.5,7.5,,,8.223333333,10.0,Fase 2,0,,Ametista,7.708333333,Topazio,
RA-491,Fase 2,2B,Aluno-491,2011,12,M,2022,Publica,2024,,,Ametista,7.4611133333333335,3.0,Avaliador-19,Avaliador-5,Avaliador-2,7.502,9.011904762,7.51,5.25,1.5,9.0,,,7.166666667,5.0,Fase 3,-1,,Ametista,7.083333333,Agata,
RA-1027,Fase 2,2B,Aluno-1027,2013,11,F,2023,Publica,2024,,,,,3.0,Avaliador-19,Avaliador-5,Avaliador-2,9.502,10.0,7.51,5.25,6.0,4.5,,,8.39,10.0,Fase 2,0,,Ametista,7.916666667,Topazio,
RA-1023,Fase 2,2B,Aluno-1023,2014,10,F,2023,Publica,2024,,,,,3.0,Avaliador-19,Avaliador-5,Avaliador-2,9.502,9.511904762,9.375,9.5,9.0,10.0,,,9.563333333,10.0,Fase 2,0,,Topazio,8.958333333,Topazio,
RA-686,Fase 2,2C,Aluno-686,2013,11,F,2022,Publica,2024,,,Ametista,7.728843833635814,3.0,Avaliador-19,Avaliador-5,Avaliador-2,8.002,8.7857142855,6.885,7.25,5.0,9.5,,,7.503333333,10.0,Fase 2,0,,Ametista,8.4375,Topazio,
RA-480,Fase 2,2C,Aluno-480,2012,12,F,2021,Publica,2024,,Ametista,Ametista,7.502401434343434,3.0,Avaliador-19,Avaliador-5,Avaliador-2,6.25,8.0714285715,7.51,5.0,2.5,7.5,,,7.443333333,10.0,Fase 2,0,,Topazio,7.8125,Ametista,
RA-1459,Fase 2,2C,Aluno-1459,2012,12,M,2024,Publica,2024,,,,,3.0,Avaliador-19,Avaliador-5,Avaliador-2,8.002,8.2976190475,7.51,3.75,2.0,5.5,,,7.273333333,5.0,Fase 3,-1,,,7.5,Agata,
RA-1460,Fase 2,2C,Aluno-1460,2012,12,M,2024,Publica,2024,,,,,3.0,Avaliador-19,Avaliador-5,Avaliador-2,9.502,7.460526316,7.51,3.25,2.5,4.0,,,6.27,10.0,Fase 2,0,,,6.875,Agata,
RA-1017,Fase 2,2C,Aluno-1017,2012,12,M,2023,Publica,2024,,,,,3.0,Avaliador-19,Avaliador-5,Avaliador-2,9.502,7.8095238095,6.26,5.0,2.5,7.5,,,7.443333333,10.0,Fase 2,0,,Agata,7.1875,Ametista,
RA-499,Fase 2,2C,Aluno-499,2012,12,M,2021,Publica,2024,Agata,Ametista,Ametista,7.826390666666667,3.0,Avaliador-19,Avaliador-5,Avaliador-2,8.502,9.0476190475,7.51,4.75,2.0,7.5,,,7.5,10.0,Fase 2,0,,Ametista,7.1875,Ametista,
RA-514,Fase 2,2C,Aluno-514,2013,11,F,2022,Publica,2024,,,Ametista,7.0388891111111125,3.0,Avaliador-19,Avaliador-5,Avaliador-2,9.002,7.595238095,4.385,3.0,3.0,3.0,,,5.996666667,10.0,Fase 2,0,,Quartzo,5.625,Agata,
RA-1461,Fase 2,2C,Aluno-1461,2012,12,F,2024,Publica,2024,,,,,3.0,Avaliador-19,Avaliador-5,Avaliador-2,10.002,9.273809524,7.51,2.75,0.5,5.0,,,7.33,5.0,Fase 3,-1,,,7.5,Agata,
RA-1462,Fase 2,2D,Aluno-1462,2010,13,F,2024,Publica,2024,,,,,3.0,Avaliador-20,Avaliador-19,Avaliador-2,8.502,10.0,7.51,6.5,6.0,7.0,,,7.053333333,5.0,Fase 3,-1,,,8.125,Ametista,
RA-1463,Fase 2,2D,Aluno-1463,2012,12,M,2024,Publica,2024,,,,,3.0,Avaliador-20,Avaliador-19,Avaliador-2,8.502,9.722222222,7.51,10.0,10.0,10.0,,,8.113333333,10.0,Fase 2,0,,,9.0625,Topazio,
RA-1464,Fase 2,2D,Aluno-1464,2011,13,F,2024,Publica,2024,,,,,3.0,Avaliador-20,Avaliador-19,Avaliador-2,8.002,7.794871795,7.51,6.25,4.0,8.5,,,7.61,5.0,Fase 3,-1,,,9.0625,Ametista,
RA-687,Fase 2,2D,Aluno-687,2013,11,M,2022,Publica,2024,,,Ametista,7.703185605565638,3.0,Avaliador-20,Avaliador-19,Avaliador-2,7.502,9.2355889725,7.51,7.25,6.5,8.0,,,8.003333333,10.0,Fase 2,0,,Ametista,8.75,Topazio,
RA-1030,Fase 2,2D,Aluno-1030,2012,12,M,2023,Publica,2024,,,,,3.0,Avaliador-20,Avaliador-19,Avaliador-2,7.418,8.28320802,4.385,8.0,10.0,6.0,,,7.61,10.0,Fase 2,0,,Ametista,7.8125,Ametista,
RA-1465,Fase 2,2D,Aluno-1465,2011,12,M,2024,Publica,2024,,,,,3.0,Avaliador-20,Avaliador-19,Avaliador-2,7.418,8.75,7.51,5.75,5.0,6.5,,,7.833333333,5.0,Fase 3,-1,,,8.75,Ametista,
RA-522,Fase 2,2D,Aluno-522,2013,11,M,2021,Publica,2024,,Topazio,Topazio,8.306255790104949,3.0,Avaliador-20,Avaliador-19,Avaliador-2,8.002,9.523809524,7.51,9.0,9.5,8.5,,,7.89,10.0,Fase 2,0,,Ametista,8.4375,Topazio,
RA-501,Fase 2,2D,Aluno-501,2013,11,M,2021,Privada,2024,,Topazio,Ametista,7.794468490299825,3.0,Avaliador-20,Avaliador-19,Avaliador-2,7.002,7.9949874685,7.51,8.75,8.5,9.0,,,8.17,10.0,Fase 2,0,,Topazio,8.4375,Topazio,
RA-1466,Fase 2,2D,Aluno-1466,2012,12,M,2024,Publica,2024,,,,,3.0,Avaliador-20,Avaliador-19,Avaliador-2,10.002,7.380952381,7.51,7.5,7.0,8.0,,,8.056666667,10.0,Fase 2,0,,,8.75,Topazio,
RA-502,Fase 2,2D,Aluno-502,2014,10,F,2021,Bolsista,2024,,Topazio,Topazio,8.286620610229278,3.0,Avaliador-20,Avaliador-19,Avaliador-2,9.002,9.761904762,3.755,8.0,6.0,10.0,,,8.84,10.0,Fase 2,0,,Topazio,9.0625,Topazio,
RA-1467,Fase 2,2D,Aluno-1467,2012,12,M,2024,Publica,2024,,,,,3.0,Avaliador-20,Avaliador-19,Avaliador-2,9.002,9.022556391,7.51,9.25,9.0,9.5,,,8.28,10.0,Fase 2,0,,,8.75,Topazio,
RA-1468,Fase 2,2D,Aluno-1468,2012,12,F,2024,Publica,2024,,,,,3.0,Avaliador-20,Avaliador-19,Avaliador-2,8.502,8.972431078,7.51,7.0,4.5,9.5,,,7.443333333,10.0,Fase 2,0,,,8.4375,Topazio,
RA-527,Fase 2,2D,Aluno-527,2013,11,F,2022,Publica,2024,,,Ametista,8.025002,3.0,Avaliador-20,Avaliador-19,Avaliador-2,9.002,10.0,7.51,6.0,6.5,5.5,,,7.383333333,10.0,Fase 2,0,,Ametista,8.125,Topazio,
RA-1469,Fase 2,2D,Aluno-1469,2011,13,M,2024,Publica,2024,,,,,3.0,Avaliador-20,Avaliador-19,Avaliador-2,8.502,9.4444444445,7.51,4.75,6.0,3.5,,,8.223333333,5.0,Fase 3,-1,,,8.75,Ametista,
RA-1470,Fase 2,2G,Aluno-1470,2012,12,F,2024,Publica,2024,,,,,4.0,Avaliador-19,Avaliador-16,Avaliador-25,8.002,6.35610766,6.26,5.0,5.0,5.0,,,5.4125,5.0,Fase 3,-1,,,6.875,Quartzo,
RA-1471,Fase 2,2G,Aluno-1471,2011,13,M,2024,Publica,2024,,,,,4.0,Avaliador-19,Avaliador-16,Avaliador-25,10.002,7.195652174,7.51,7.5,8.0,7.0,,,7.2425,5.0,Fase 3,-1,,,7.65625,Ametista,
RA-710,Fase 2,2G,Aluno-710,2012,12,M,2021,Publica,2024,Ametista,Ametista,Ametista,7.284936897435898,4.0,Avaliador-19,Avaliador-16,Avaliador-25,9.168,8.170995671,5.625,6.75,8.0,5.5,,,6.5375,5.0,Fase 3,-1,,Ametista,7.65625,Ametista,
RA-1472,Fase 2,2G,Aluno-1472,2012,11,M,2022,Publica,2024,,,,,4.0,Avaliador-19,Avaliador-16,Avaliador-25,8.502,10.0,7.51,8.75,9.0,8.5,,,8.1275,10.0,Fase 2,0,,,7.96875,Topazio,
RA-837,Fase 2,2G,Aluno-837,2014,10,M,2022,Publica,2024,,,Topazio,8.207451124949126,4.0,Avaliador-19,Avaliador-16,Avaliador-25,7.502,9.782608695499999,6.885,6.75,6.0,7.5,,,7.5825,10.0,Fase 2,0,,Topazio,7.03125,Ametista,
RA-549,Fase 2,2G,Aluno-549,2012,12,M,2021,Publica,2024,,Ametista,Agata,6.300611568922306,4.0,Avaliador-19,Avaliador-16,Avaliador-25,10.002,7.204968943999999,6.255,5.75,5.0,6.5,,,5.9125,5.0,Fase 3,-1,,Ametista,6.40625,Agata,
RA-571,Fase 2,2G,Aluno-571,2011,13,F,2021,Publica,2024,Ametista,Ametista,Agata,6.589433478260871,4.0,Avaliador-19,Avaliador-16,Avaliador-25,7.002,8.695652174,4.375,5.25,5.0,5.5,,,5.8325,5.0,Fase 3,-1,,Agata,7.03125,Agata,
RA-731,Fase 2,2G,Aluno-731,2012,12,F,2021,Publica,2024,Ametista,Agata,Ametista,7.151334755991286,4.0,Avaliador-19,Avaliador-16,Avaliador-25,9.502,4.188311688500001,4.375,2.5,0.0,5.0,,,4.835,5.0,Fase 3,-1,,Agata,5.78125,Quartzo,
RA-706,Fase 2,2G,Aluno-706,2012,11,F,2021,Publica,2024,,Agata,Ametista,7.658744356725147,4.0,Avaliador-19,Avaliador-16,Avaliador-25,0.0,7.1428571430000005,6.26,3.25,3.0,3.5,,,7.0,10.0,Fase 2,0,,Ametista,7.65625,Quartzo,
RA-707,Fase 2,2G,Aluno-707,2012,12,F,2021,Publica,2024,Ametista,Agata,Ametista,7.6787352768031205,4.0,Avaliador-19,Avaliador-16,Avaliador-25,7.917,7.7236842105,4.375,6.5,7.0,6.0,,,6.415,5.0,Fase 3,-1,,Agata,6.40625,Agata,
RA-1044,Fase 2,2G,Aluno-1044,2013,11,F,2023,Publica,2024,,,,,4.0,Avaliador-19,Avaliador-16,Avaliador-25,7.502,9.523809524,7.51,7.0,7.0,7.0,,,7.21,10.0,Fase 2,0,,Ametista,7.1875,Ametista,
RA-1054,Fase 2,2G,Aluno-1054,2010,13,M,2023,Publica,2024,,,,,4.0,Avaliador-19,Avaliador-16,Avaliador-25,9.502,7.3291925465,7.51,6.25,6.0,6.5,,,6.75,5.0,Fase 3,-1,,Ametista,7.1875,Agata,
RA-721,Fase 2,2G,Aluno-721,2014,10,F,2021,Publica,2024,,Topazio,Ametista,7.9732750774410786,4.0,Avaliador-19,Avaliador-16,Avaliador-25,9.002,9.544513457499999,8.135,8.25,9.0,7.5,,,8.755,10.0,Fase 2,0,,Topazio,8.75,Topazio,
RA-1473,Fase 2,2G,Aluno-1473,2011,13,M,2024,Publica,2024,,,,,4.0,Avaliador-19,Avaliador-16,Avaliador-25,9.502,8.4368530025,5.625,5.25,6.0,4.5,,,6.415,5.0,Fase 3,-1,,,6.5625,Agata,
RA-735,Fase 2,2H,Aluno-735,2012,12,F,2021,Publica,2024,,Ametista,Ametista,7.484878876543211,4.0,Avaliador-19,Avaliador-17,Avaliador-25,8.002,9.782608695499999,6.255,8.0,8.0,8.0,,,7.705,5.0,Fase 3,-1,,Ametista,7.65625,Ametista,
RA-712,Fase 2,2H,Aluno-712,2011,13,M,2021,Publica,2024,Quartzo,Quartzo,Agata,6.025962871794872,4.0,Avaliador-19,Avaliador-17,Avaliador-25,7.502,5.983436853,5.625,6.75,7.0,6.5,,,6.04,5.0,Fase 3,-1,,Agata,6.5625,Agata,
RA-1103,Fase 2,2H,Aluno-1103,2012,11,M,2023,Publica,2024,,,,,4.0,Avaliador-19,Avaliador-17,Avaliador-25,8.502,7.763975155000001,7.51,7.25,6.0,8.5,,,7.54,10.0,Fase 2,0,,Ametista,7.5,Ametista,
RA-570,Fase 2,2H,Aluno-570,2012,12,F,2021,Publica,2024,Topazio,Agata,Quartzo,5.7221032270531405,4.0,Avaliador-19,Avaliador-17,Avaliador-25,8.002,8.0020703935,5.625,6.75,6.0,7.5,,,6.4075,5.0,Fase 3,-1,,Agata,7.1875,Agata,
RA-713,Fase 2,2H,Aluno-713,2013,11,M,2021,Publica,2024,,Ametista,Ametista,7.420353564102564,4.0,Avaliador-19,Avaliador-17,Avaliador-25,8.002,7.525879916999999,7.51,6.75,6.0,7.5,,,6.79,10.0,Fase 2,0,,Ametista,7.03125,Ametista,
RA-714,Fase 2,2H,Aluno-714,2011,13,M,2021,Publica,2024,Agata,Ametista,Agata,6.953207128205129,4.0,Avaliador-19,Avaliador-17,Avaliador-25,0.0,6.873706004,6.255,4.0,8.0,0.0,,,6.9975,5.0,Fase 3,-1,,Agata,7.65625,Quartzo,
RA-737,Fase 2,2H,Aluno-737,2013,11,F,2022,Publica,2024,,,Ametista,8.057507539961014,4.0,Avaliador-19,Avaliador-17,Avaliador-25,8.502,8.6542443065,6.885,9.25,9.0,9.5,,,8.0,10.0,Fase 2,0,,Topazio,7.5,Topazio,
RA-1474,Fase 2,2H,Aluno-1474,2013,11,F,2024,Publica,2024,,,,,4.0,Avaliador-19,Avaliador-17,Avaliador-25,8.002,7.960662526,5.625,7.5,7.0,8.0,,,6.2875,10.0,Fase 2,0,,,6.71875,Ametista,
RA-1036,Fase 2,2H,Aluno-1036,2012,12,F,2023,Publica,2024,,,,,4.0,Avaliador-19,Avaliador-17,Avaliador-25,10.002,9.0890269155,7.51,7.0,7.0,7.0,,,7.7475,10.0,Fase 2,0,,Agata,7.65625,Topazio,
RA-576,Fase 2,2H,Aluno-576,2012,12,F,2022,Publica,2024,,,Ametista,7.590428480704481,4.0,Avaliador-19,Avaliador-17,Avaliador-25,8.502,10.0,7.51,9.25,9.0,9.5,,,8.4975,10.0,Fase 2,0,,Ametista,7.8125,Topazio,
RA-577,Fase 2,2H,Aluno-577,2012,12,F,2022,Publica,2024,,,Ametista,7.861617939393939,4.0,Avaliador-19,Avaliador-17,Avaliador-25,8.502,5.7660455485,5.625,8.0,7.0,9.0,,,6.535,5.0,Fase 3,-1,,Ametista,6.5625,Agata,
RA-580,Fase 2,2H,Aluno-580,2012,12,F,2021,Publica,2024,Topazio,Ametista,Ametista,7.5251831594202905,4.0,Avaliador-19,Avaliador-17,Avaliador-25,9.002,8.871635610999999,7.51,9.25,10.0,8.5,,,7.2475,5.0,Fase 3,-1,,Topazio,7.03125,Ametista,
RA-581,Fase 2,2H,Aluno-581,2012,12,M,2021,Publica,2024,Ametista,Ametista,Agata,6.464252763285025,4.0,Avaliador-19,Avaliador-17,Avaliador-25,7.418,8.198757764,5.625,8.75,8.0,9.5,,,6.165,5.0,Fase 3,-1,,Ametista,6.5625,Ametista,
RA-841,Fase 2,2H,Aluno-841,2011,12,M,2022,Publica,2024,,,Ametista,7.3000233675213675,4.0,Avaliador-19,Avaliador-17,Avaliador-25,10.002,6.3272311215000006,7.51,3.25,4.0,2.5,,,5.83,5.0,Fase 3,-1,,Agata,7.03125,Agata,
RA-730,Fase 2,2I,Aluno-730,2012,11,F,2021,Publica,2024,,Ametista,Ametista,7.901663220043574,3.0,Avaliador-19,Avaliador-17,Avaliador-2,8.002,7.152777778,6.885,9.5,10.0,9.0,,,8.666666667,10.0,Fase 2,0,,Ametista,9.166666667,Topazio,
RA-855,Fase 2,2I,Aluno-855,2013,10,F,2022,Publica,2024,,,Topazio,8.452910432147561,3.0,Avaliador-19,Avaliador-17,Avaliador-2,9.002,10.0,7.51,8.5,9.0,8.0,,,7.386666667,10.0,Fase 2,0,,Topazio,7.5,Topazio,
RA-820,Fase 2,2I,Aluno-820,2013,11,M,2022,Publica,2024,,,Ametista,7.4166680000000005,3.0,Avaliador-19,Avaliador-17,Avaliador-2,10.002,6.573529412,7.51,6.25,6.0,6.5,,,6.386666667,10.0,Fase 2,0,,Ametista,8.333333333,Ametista,
RA-715,Fase 2,2I,Aluno-715,2013,11,F,2022,Publica,2024,,,Agata,6.655769897435897,3.0,Avaliador-19,Avaliador-17,Avaliador-2,9.002,5.250626566499999,3.755,2.75,2.0,3.5,,,4.67,10.0,Fase 2,0,,Quartzo,5.0,Quartzo,
RA-1038,Fase 2,2I,Aluno-1038,2013,11,F,2023,Publica,2024,,,,,3.0,Avaliador-19,Avaliador-17,Avaliador-2,8.002,7.5438596495,7.51,8.5,10.0,7.0,,,7.273333333,10.0,Fase 2,0,,Ametista,7.5,Ametista,
RA-1475,Fase 2,2I,Aluno-1475,2013,10,F,2024,Publica,2024,,,,,3.0,Avaliador-19,Avaliador-17,Avaliador-2,9.002,8.070175439,7.51,5.0,7.0,3.0,,,6.993333333,10.0,Fase 2,0,,,7.5,Ametista,
RA-1039,Fase 2,2I,Aluno-1039,2011,13,M,2023,Publica,2024,,,,,3.0,Avaliador-19,Avaliador-17,Avaliador-2,8.002,9.722222222,7.51,7.25,8.0,6.5,,,6.77,5.0,Fase 3,-1,,Ametista,7.5,Ametista,
RA-745,Fase 2,2I,Aluno-745,2013,11,M,2021,Bolsista,2024,,Topazio,Ametista,7.382144857142857,3.0,Avaliador-19,Avaliador-17,Avaliador-2,9.002,10.0,6.26,8.5,8.0,9.0,,,8.17,10.0,Fase 2,0,,Ametista,7.5,Topazio,
RA-718,Fase 2,2I,Aluno-718,2014,10,F,2022,Publica,2024,,,Topazio,8.09268585185185,3.0,Avaliador-19,Avaliador-17,Avaliador-2,10.002,9.5138888885,5.635,9.5,9.0,10.0,,,7.946666667,10.0,Fase 1,1,,Topazio,7.5,Topazio,
RA-1040,Fase 2,2I,Aluno-1040,2011,12,M,2023,Publica,2024,,,,,3.0,Avaliador-19,Avaliador-17,Avaliador-2,9.502,8.5416666665,7.51,8.25,8.0,8.5,,,7.273333333,5.0,Fase 3,-1,,Ametista,7.5,Ametista,
RA-746,Fase 2,2I,Aluno-746,2014,10,M,2022,Publica,2024,,,Ametista,7.655751153996102,3.0,Avaliador-19,Avaliador-17,Avaliador-2,8.502,7.4305555555,7.51,8.0,8.0,8.0,,,7.33,10.0,Fase 2,0,,Agata,7.5,Ametista,
RA-1069,Fase 2,2K,Aluno-1069,2012,12,M,2023,Publica,2024,,,,,4.0,Avaliador-17,Avaliador-19,Avaliador-25,9.002,7.0760869565,7.51,6.25,7.0,5.5,,,7.75,10.0,Fase 2,0,,Ametista,8.125,Ametista,
RA-1476,Fase 2,2K,Aluno-1476,2013,11,F,2024,Publica,2024,,,,,4.0,Avaliador-17,Avaliador-19,Avaliador-25,9.502,10.0,5.635,8.5,8.0,9.0,,,8.7525,10.0,Fase 2,0,,,8.4375,Topazio,
RA-827,Fase 2,2K,Aluno-827,2012,12,F,2022,Publica,2024,,,Ametista,7.412495022283378,4.0,Avaliador-17,Avaliador-19,Avaliador-25,10.002,9.782608695499999,5.01,7.25,6.0,8.5,,,7.875,10.0,Fase 2,0,,Ametista,7.65625,Topazio,
RA-1477,Fase 2,2K,Aluno-1477,2012,11,M,2024,Publica,2024,,,,,4.0,Avaliador-17,Avaliador-19,Avaliador-25,8.002,8.010869565,7.51,5.0,5.0,5.0,,,6.2875,10.0,Fase 2,0,,,6.40625,Ametista,
RA-762,Fase 2,2K,Aluno-762,2010,14,M,2022,Publica,2024,,,Ametista,7.28025826984127,4.0,Avaliador-17,Avaliador-19,Avaliador-25,10.002,6.4239130435,6.26,3.75,4.0,3.5,,,5.7525,5.0,Fase 4,-2,,Ametista,6.5625,Quartzo,
RA-778,Fase 2,2K,Aluno-778,2013,11,F,2021,Publica,2024,,Topazio,Ametista,7.431939372281467,4.0,Avaliador-17,Avaliador-19,Avaliador-25,10.002,8.1235697945,7.51,7.0,5.0,9.0,,,7.7475,10.0,Fase 2,0,,Ametista,7.5,Topazio,
RA-591,Fase 2,2K,Aluno-591,2011,13,M,2021,Publica,2024,,Ametista,Ametista,7.507451717171717,4.0,Avaliador-17,Avaliador-19,Avaliador-25,7.418,7.913043478500001,6.255,7.5,6.0,9.0,,,6.54,5.0,Fase 3,-1,,Ametista,5.78125,Agata,
RA-1478,Fase 2,2K,Aluno-1478,2012,11,M,2024,Publica,2024,,,,,4.0,Avaliador-17,Avaliador-19,Avaliador-25,8.002,6.666666667,6.255,4.25,4.0,4.5,,,7.1225,10.0,Fase 2,0,,,6.875,Agata,
RA-829,Fase 2,2K,Aluno-829,2014,10,F,2022,Bolsista,2024,,,Ametista,8.00281439031339,4.0,Avaliador-17,Avaliador-19,Avaliador-25,9.502,9.75,9.38,8.0,6.0,10.0,,,9.215,10.0,Fase 1,1,,Topazio,8.90625,Topazio,
RA-1479,Fase 2,2K,Aluno-1479,2012,12,M,2024,Publica,2024,,,,,4.0,Avaliador-17,Avaliador-19,Avaliador-25,8.502,6.1965811965,7.51,4.25,4.0,4.5,,,6.0325,10.0,Fase 2,0,,,7.1875,Agata,
RA-1480,Fase 2,2K,Aluno-1480,2011,12,M,2024,Publica,2024,,,,,4.0,Avaliador-17,Avaliador-19,Avaliador-25,8.502,8.875,7.51,5.5,,5.5,,,6.9975,5.0,Fase 3,-1,,,7.1875,Ametista,
RA-438,Fase 2,2K,Aluno-438,2012,12,M,2022,Publica,2024,,,Ametista,7.763511656565657,4.0,Avaliador-17,Avaliador-19,Avaliador-25,9.168,8.6630434785,7.51,8.25,7.0,9.5,,,7.915,5.0,Fase 3,-1,,Agata,7.96875,Ametista,
RA-607,Fase 2,2K,Aluno-607,2012,12,M,2022,Publica,2024,,,Agata,6.440323564297217,4.0,Avaliador-17,Avaliador-19,Avaliador-25,8.502,7.4782608695,7.51,7.0,7.0,7.0,,,7.165,10.0,Fase 2,0,,Ametista,7.1875,Ametista,
RA-1481,Fase 2,2K,Aluno-1481,2012,12,F,2024,Publica,2024,,,,,4.0,Avaliador-17,Avaliador-19,Avaliador-25,8.502,8.782608695499999,7.51,4.75,4.0,5.5,,,6.8275,5.0,Fase 3,-1,,,6.875,Agata,
RA-1482,Fase 2,2K,Aluno-1482,2010,14,M,2024,Publica,2024,,,,,4.0,Avaliador-17,Avaliador-19,Avaliador-25,8.502,5.0,7.51,0.0,0.0,0.0,,,6.8725,5.0,Fase 3,-1,,,7.5,Quartzo,
RA-1483,Fase 2,2K,Aluno-1483,2013,11,M,2024,Publica,2024,,,,,4.0,Avaliador-17,Avaliador-19,Avaliador-25,9.502,7.913043478500001,7.51,6.5,6.0,7.0,,,5.7475,10.0,Fase 2,0,,,5.78125,Ametista,
RA-1484,Fase 2,2L,Aluno-1484,2010,14,F,2024,Publica,2024,,,,,3.0,Avaliador-19,Avaliador-25,Avaliador-2,9.002,10.0,6.26,7.0,5.0,9.0,,,7.89,5.0,Fase 3,-1,,,7.5,Ametista,
RA-1485,Fase 2,2L,Aluno-1485,2011,13,M,2024,Publica,2024,,,,,3.0,Avaliador-19,Avaliador-25,Avaliador-2,9.002,7.7432712215,5.625,5.0,5.0,5.0,,,7.386666667,5.0,Fase 3,-1,,,7.5,Agata,
RA-1486,Fase 2,2L,Aluno-1486,2013,11,M,2024,Publica,2024,,,,,3.0,Avaliador-19,Avaliador-25,Avaliador-2,8.002,5.431372549,6.26,5.75,6.0,5.5,,,7.056666667,10.0,Fase 2,0,,,7.916666667,Agata,
RA-597,Fase 2,2L,Aluno-597,2013,11,M,2022,Publica,2024,,,Topazio,8.265278666666667,3.0,Avaliador-19,Avaliador-25,Avaliador-2,9.002,9.3271221535,7.51,6.0,5.0,7.0,,,6.883333333,10.0,Fase 2,0,,Topazio,7.5,Ametista,
RA-624,Fase 2,2L,Aluno-624,2012,12,M,2022,Publica,2024,,,Ametista,7.424538592592594,3.0,Avaliador-19,Avaliador-25,Avaliador-2,8.002,8.219461698,7.51,4.0,8.0,0.0,,,7.213333333,10.0,Fase 2,0,,Topazio,7.916666667,Ametista,
RA-1487,Fase 2,2L,Aluno-1487,2011,13,F,2024,Publica,2024,,,,,3.0,Avaliador-19,Avaliador-25,Avaliador-2,10.002,9.5652173915,6.26,8.25,7.0,9.5,,,7.833333333,5.0,Fase 3,-1,,,7.708333333,Topazio,
RA-1488,Fase 2,2L,Aluno-1488,2013,11,F,2024,Publica,2024,,,,,3.0,Avaliador-19,Avaliador-25,Avaliador-2,8.002,7.111801242,7.51,3.5,7.0,0.0,,,6.716666667,10.0,Fase 2,0,,,7.5,Agata,
RA-1489,Fase 2,2L,Aluno-1489,2012,12,M,2024,Publica,2024,,,,,3.0,Avaliador-19,Avaliador-25,Avaliador-2,9.002,5.793478261000001,6.26,5.0,5.0,5.0,,,5.663333333,5.0,Fase 3,-1,,,6.666666667,Quartzo,
RA-600,Fase 2,2L,Aluno-600,2013,11,F,2021,Publica,2024,,Ametista,Agata,7.011141486631016,3.0,Avaliador-19,Avaliador-25,Avaliador-2,8.002,8.010869565,7.51,7.5,8.0,7.0,,,7.22,10.0,Fase 2,0,,Ametista,7.5,Ametista,
RA-663,Fase 2,2L,Aluno-663,2012,12,M,2022,Publica,2024,,,Agata,6.3760686733500425,3.0,Avaliador-19,Avaliador-25,Avaliador-2,8.502,7.0910973085,5.625,6.5,6.0,7.0,,,6.89,5.0,Fase 3,-1,,Agata,6.875,Agata,
RA-1490,Fase 2,2L,Aluno-1490,2012,12,F,2024,Privada,2024,,,,,3.0,Avaliador-19,Avaliador-25,Avaliador-2,8.502,9.5652173915,6.26,7.75,8.0,7.5,,,6.333333333,5.0,Fase 3,-1,,,6.666666667,Ametista,
RA-1491,Fase 2,2L,Aluno-1491,2012,12,M,2024,Publica,2024,,,,,3.0,Avaliador-19,Avaliador-25,Avaliador-2,9.002,6.25,7.51,6.5,6.0,7.0,,,7.78,10.0,Fase 2,0,,,7.5,Ametista,
RA-1066,Fase 2,2L,Aluno-1066,2013,11,F,2023,Publica,2024,,,,,3.0,Avaliador-19,Avaliador-25,Avaliador-2,9.502,8.3954451345,6.26,7.25,7.0,7.5,,,7.386666667,10.0,Fase 2,0,,Ametista,7.5,Ametista,
RA-630,Fase 2,2L,Aluno-630,2013,11,M,2022,Publica,2024,,,Topazio,8.063890666666667,3.0,Avaliador-19,Avaliador-25,Avaliador-2,0.0,8.4782608695,7.51,5.75,6.0,5.5,,,7.666666667,10.0,Fase 2,0,,Ametista,7.5,Agata,
RA-1492,Fase 2,2L,Aluno-1492,2014,9,M,2024,Publica,2024,,,,,3.0,Avaliador-19,Avaliador-25,Avaliador-2,8.002,8.8141025645,7.51,8.0,6.0,10.0,,,8.45,10.0,Fase 1,1,,,8.75,Topazio,
RA-834,Fase 2,2L,Aluno-834,2013,11,M,2022,Publica,2024,,,Topazio,8.135537771280053,3.0,Avaliador-19,Avaliador-25,Avaliador-2,8.002,9.109730849,6.26,8.75,9.0,8.5,,,8.723333333,10.0,Fase 2,0,,Topazio,7.708333333,Topazio,
RA-784,Fase 2,2M,Aluno-784,2013,11,F,2022,Bolsista,2024,,,Topazio,8.339586333333333,3.0,Avaliador-20,Avaliador-19,Avaliador-2,8.002,9.7727272725,5.635,8.75,8.0,9.5,,,9.4,10.0,Fase 2,0,,Topazio,9.375,Topazio,
RA-1059,Fase 2,2M,Aluno-1059,2013,11,M,2023,Publica,2024,,,,,3.0,Avaliador-20,Avaliador-19,Avaliador-2,8.002,10.0,6.26,7.5,7.5,7.5,,,9.23,10.0,Fase 2,0,,Ametista,9.0625,Topazio,
RA-612,Fase 2,2M,Aluno-612,2012,12,F,2021,Bolsista,2024,,Topazio,Ametista,7.593564610229277,3.0,Avaliador-20,Avaliador-19,Avaliador-2,8.002,9.5454545455,6.26,9.75,9.5,10.0,,,9.4,10.0,Fase 2,0,,Topazio,9.6875,Topazio,
RA-1060,Fase 2,2M,Aluno-1060,2012,12,M,2023,Publica,2024,,,,,3.0,Avaliador-20,Avaliador-19,Avaliador-2,9.585,6.0,6.26,3.25,3.5,3.0,,,6.163333333,10.0,Fase 2,0,,Ametista,7.8125,Agata,
RA-761,Fase 2,2M,Aluno-761,2013,11,M,2022,Publica,2024,,,Topazio,8.059871909502263,3.0,Avaliador-20,Avaliador-19,Avaliador-2,8.502,8.8636363635,6.26,7.25,8.0,6.5,,,8.003333333,10.0,Fase 2,0,,Topazio,8.75,Topazio,
RA-1493,Fase 2,2M,Aluno-1493,2012,12,M,2024,Publica,2024,,,,,3.0,Avaliador-20,Avaliador-19,Avaliador-2,8.502,7.8468899525,7.51,4.0,3.5,4.5,,,5.946666667,5.0,Fase 3,-1,,,7.1875,Agata,
RA-665,Fase 2,2M,Aluno-665,2011,12,F,2022,Publica,2024,,,Agata,6.9960036835016846,3.0,Avaliador-20,Avaliador-19,Avaliador-2,8.334,5.068181818,5.63,4.75,3.0,6.5,,,5.443333333,5.0,Fase 3,-1,,Agata,7.5,Quartzo,
RA-1115,Fase 2,2M,Aluno-1115,2012,12,F,2023,Publica,2024,,,,,3.0,Avaliador-20,Avaliador-19,Avaliador-2,8.002,4.2676767675,7.51,6.25,6.5,6.0,,,5.826666667,10.0,Fase 2,0,,Agata,7.5,Agata,
RA-1061,Fase 2,2M,Aluno-1061,2013,11,M,2023,Publica,2024,,,,,3.0,Avaliador-20,Avaliador-19,Avaliador-2,8.502,10.0,6.26,8.5,7.0,10.0,,,8.73,10.0,Fase 2,0,,Topazio,8.4375,Topazio,
RA-1494,Fase 2,2M,Aluno-1494,2013,11,F,2024,Publica,2024,,,,,3.0,Avaliador-20,Avaliador-19,Avaliador-2,0.0,6.7794117645,7.51,4.25,8.5,0.0,,,5.84,10.0,Fase 2,0,,,7.5,Quartzo,
RA-1495,Fase 2,2M,Aluno-1495,2013,11,F,2021,Publica,2024,,,,,3.0,Avaliador-20,Avaliador-19,Avaliador-2,9.002,8.318181818,7.51,8.25,8.5,8.0,,,8.223333333,10.0,Fase 2,0,,,8.75,Topazio,
RA-606,Fase 2,2M,Aluno-606,2012,11,M,2022,Publica,2024,,,Agata,6.126856186741364,3.0,Avaliador-20,Avaliador-19,Avaliador-2,8.502,7.6136363634999995,6.885,3.25,3.5,3.0,,,5.606666667,10.0,Fase 2,0,,Ametista,8.125,Agata,
RA-594,Fase 2,2M,Aluno-594,2012,12,M,2022,Publica,2024,,,Ametista,7.392173272727273,3.0,Avaliador-20,Avaliador-19,Avaliador-2,6.918,5.75,6.26,7.0,6.5,7.5,,,6.053333333,10.0,Fase 2,0,,Agata,8.125,Agata,
RA-1496,Fase 2,2M,Aluno-1496,2012,12,F,2024,Publica,2024,,,,,3.0,Avaliador-20,Avaliador-19,Avaliador-2,9.002,5.714285714500001,7.51,4.25,2.5,6.0,,,6.773333333,10.0,Fase 2,0,,,7.8125,Agata,
RA-1497,Fase 2,2M,Aluno-1497,2012,12,F,2024,Publica,2024,,,,,3.0,Avaliador-20,Avaliador-19,Avaliador-2,0.0,5.0227272725,7.51,2.0,4.0,0.0,,,6.996666667,10.0,Fase 2,0,,,6.875,Quartzo,
RA-1498,Fase 2,2M,Aluno-1498,2011,13,F,2024,Publica,2024,,,,,3.0,Avaliador-20,Avaliador-19,Avaliador-2,8.502,7.840909091,7.51,7.0,5.0,9.0,,,6.33,5.0,Fase 3,-1,,,8.125,Ametista,
RA-1499,Fase 2,2N,Aluno-1499,2012,12,F,2024,Publica,2024,,,,,3.0,Avaliador-20,Avaliador-19,Avaliador-2,8.418,9.25,6.885,6.5,6.0,7.0,,,7.11,10.0,Fase 2,0,,,8.125,Ametista,
RA-788,Fase 2,2N,Aluno-788,2014,10,M,2021,Bolsista,2024,,Topazio,Topazio,8.264312621417798,3.0,Avaliador-20,Avaliador-19,Avaliador-2,8.418,9.519450801,6.26,5.75,4.0,7.5,,,7.783333333,10.0,Fase 2,0,,Ametista,8.4375,Ametista,
RA-1500,Fase 2,2N,Aluno-1500,2013,11,M,2024,Publica,2024,,,,,3.0,Avaliador-20,Avaliador-19,Avaliador-2,9.502,8.3333333335,6.885,3.5,2.0,5.0,,,7.556666667,10.0,Fase 2,0,,,8.4375,Ametista,
RA-777,Fase 2,2N,Aluno-777,2014,10,F,2022,Publica,2024,,,Ametista,7.096346507013722,3.0,Avaliador-20,Avaliador-19,Avaliador-2,8.002,8.7757437075,7.51,4.5,3.5,5.5,,,7.723333333,10.0,Fase 2,0,,Ametista,8.125,Ametista,
RA-1063,Fase 2,2N,Aluno-1063,2012,12,M,2023,Publica,2024,,,,,3.0,Avaliador-20,Avaliador-19,Avaliador-2,5.25,9.75,7.51,7.75,9.0,6.5,,,6.11,5.0,Fase 3,-1,,Ametista,7.8125,Ametista,
RA-664,Fase 2,2N,Aluno-664,2012,12,F,2022,Publica,2024,,,Ametista,7.276853518518519,3.0,Avaliador-20,Avaliador-19,Avaliador-2,9.002,6.7734553775,7.51,5.75,3.0,8.5,,,7.666666667,10.0,Fase 2,0,,Topazio,8.125,Ametista,
RA-1501,Fase 2,2N,Aluno-1501,2013,11,F,2024,Publica,2024,,,,,3.0,Avaliador-20,Avaliador-19,Avaliador-2,9.502,10.0,7.51,5.0,4.5,5.5,,,7.5,10.0,Fase 2,0,,,8.4375,Topazio,
RA-764,Fase 2,2N,Aluno-764,2014,10,M,2022,Privada,2024,,,Ametista,8.004340111446288,3.0,Avaliador-20,Avaliador-19,Avaliador-2,8.002,7.8804347825,7.51,6.0,3.0,9.0,,,8.336666667,10.0,Fase 2,0,,Ametista,8.4375,Ametista,
RA-1064,Fase 2,2N,Aluno-1064,2013,11,M,2023,Publica,2024,,,,,3.0,Avaliador-20,Avaliador-19,Avaliador-2,9.502,9.7368421055,7.51,8.5,8.0,9.0,,,8.783333333,10.0,Fase 2,0,,Topazio,8.75,Topazio,
RA-1065,Fase 2,2N,Aluno-1065,2013,11,F,2023,Publica,2024,,,,,3.0,Avaliador-20,Avaliador-19,Avaliador-2,9.502,8.8152173915,6.26,9.25,9.0,9.5,,,8.84,10.0,Fase 2,0,,Topazio,9.0625,Topazio,
RA-1502,Fase 2,2N,Aluno-1502,2012,12,F,2024,Publica,2024,,,,,3.0,Avaliador-20,Avaliador-19,Avaliador-2,8.002,7.628205128,7.51,5.25,3.5,7.0,,,7.39,5.0,Fase 3,-1,,,7.8125,Agata,
RA-781,Fase 2,2N,Aluno-781,2013,11,F,2021,Publica,2024,,Topazio,Ametista,7.785693147804151,3.0,Avaliador-20,Avaliador-19,Avaliador-2,8.002,9.75,7.51,7.25,5.0,9.5,,,8.506666667,10.0,Fase 2,0,,Topazio,8.4375,Topazio,
RA-608,Fase 2,2N,Aluno-608,2012,11,M,2022,Publica,2024,,,Ametista,7.216203925925925,3.0,Avaliador-20,Avaliador-19,Avaliador-2,9.002,3.054347826,6.885,4.25,5.0,3.5,,,5.053333333,10.0,Fase 2,0,,Ametista,7.1875,Quartzo,
RA-796,Fase 2,2P,Aluno-796,2012,12,F,2022,Publica,2024,,,Ametista,7.232068817813765,3.0,Avaliador-20,Avaliador-19,Avaliador-2,8.502,8.2212885155,7.51,5.25,3.0,7.5,,,7.326666667,5.0,Fase 3,-1,,Ametista,7.916666667,Ametista,
RA-797,Fase 2,2P,Aluno-797,2012,12,M,2021,Publica,2024,,Agata,Ametista,7.216575886639676,3.0,Avaliador-20,Avaliador-19,Avaliador-2,9.168,4.840909091,7.51,7.25,8.0,6.5,,,6.723333333,5.0,Fase 3,-1,,Ametista,6.666666667,Agata,
RA-636,Fase 2,2P,Aluno-636,2012,12,M,2022,Publica,2024,,,Ametista,7.189287269841271,3.0,Avaliador-20,Avaliador-19,Avaliador-2,8.002,4.9043062200000005,7.51,5.25,4.0,6.5,,,5.553333333,10.0,Fase 2,0,,Agata,6.875,Agata,
RA-1140,Fase 2,2P,Aluno-1140,2012,12,F,2023,Publica,2024,,,,,3.0,Avaliador-20,Avaliador-19,Avaliador-2,6.834,6.112440191499999,7.51,7.0,4.5,9.5,,,7.39,10.0,Fase 2,0,,Ametista,8.125,Ametista,
RA-1503,Fase 2,2P,Aluno-1503,2011,13,F,2024,Publica,2024,,,,,3.0,Avaliador-20,Avaliador-19,Avaliador-2,7.502,10.0,7.51,2.75,3.0,2.5,,,7.723333333,5.0,Fase 3,-1,,,8.958333333,Agata,
RA-814,Fase 2,2P,Aluno-814,2013,11,M,2022,Publica,2024,,,Ametista,7.592405198653199,3.0,Avaliador-20,Avaliador-19,Avaliador-2,7.418,9.090909091,7.51,7.5,8.0,7.0,,,7.053333333,10.0,Fase 2,0,,Topazio,7.5,Ametista,
RA-637,Fase 2,2P,Aluno-637,2012,12,F,2021,Publica,2024,,Topazio,Ametista,7.0386924761904766,3.0,Avaliador-20,Avaliador-19,Avaliador-2,7.502,6.2272727275,7.51,7.75,6.5,9.0,,,7.776666667,10.0,Fase 2,0,,Topazio,8.333333333,Ametista,
RA-652,Fase 2,2P,Aluno-652,2013,11,F,2022,Publica,2024,,,Topazio,8.150927925925927,3.0,Avaliador-20,Avaliador-19,Avaliador-2,8.002,6.931818182000001,7.51,5.5,4.5,6.5,,,7.663333333,10.0,Fase 2,0,,Ametista,7.916666667,Ametista,
RA-816,Fase 2,2P,Aluno-816,2013,11,F,2022,Bolsista,2024,,,Topazio,8.512849483130905,3.0,Avaliador-20,Avaliador-19,Avaliador-2,7.002,9.7727272725,7.51,9.25,8.5,10.0,,,8.786666667,10.0,Fase 2,0,,Topazio,9.166666667,Topazio,
RA-1504,Fase 2,2P,Aluno-1504,2012,12,F,2024,Publica,2024,,,,,3.0,Avaliador-20,Avaliador-19,Avaliador-2,7.5,4.6136363634999995,5.63,6.75,5.0,8.5,,,6.94,5.0,Fase 3,-1,,,5.833333333,Agata,
RA-638,Fase 2,2P,Aluno-638,2013,11,F,2021,Publica,2024,Topazio,Ametista,Ametista,7.058532857142858,3.0,Avaliador-20,Avaliador-19,Avaliador-2,8.502,5.7272727275,7.51,5.0,4.0,6.0,,,5.936666667,10.0,Fase 2,0,,Ametista,8.125,Agata,
RA-1505,Fase 2,2P,Aluno-1505,2011,13,M,2024,Publica,2024,,,,,3.0,Avaliador-20,Avaliador-19,Avaliador-2,9.502,7.5252525255,7.51,3.75,3.0,4.5,,,6.943333333,5.0,Fase 3,-1,,,8.75,Agata,
RA-643,Fase 2,2P,Aluno-643,2012,12,M,2022,Publica,2024,,,Agata,6.763162264550265,3.0,Avaliador-20,Avaliador-19,Avaliador-2,9.002,6.8660287085,7.51,4.5,3.0,6.0,,,5.826666667,5.0,Fase 3,-1,,Ametista,8.125,Agata,
RA-645,Fase 2,2P,Aluno-645,2012,12,F,2022,Publica,2024,,,Agata,6.085650148148147,3.0,Avaliador-20,Avaliador-19,Avaliador-2,7.418,8.3863636365,7.51,5.25,3.0,7.5,,,7.556666667,10.0,Fase 2,0,,Ametista,7.708333333,Ametista,
RA-1068,Fase 2,2R,Aluno-1068,2013,11,M,2023,Publica,2024,,,,,3.0,Avaliador-19,Avaliador-25,Avaliador-2,9.502,9.068181818,7.51,9.5,9.0,10.0,,,8.73,10.0,Fase 2,0,,Topazio,8.541666667,Topazio,
RA-798,Fase 2,2R,Aluno-798,2012,12,M,2022,Publica,2024,,,Ametista,7.0492678609986505,3.0,Avaliador-19,Avaliador-25,Avaliador-2,6.834,3.5064935065,7.51,4.75,4.0,5.5,,,2.943333333,5.0,Fase 3,-1,,Ametista,5.0,Quartzo,
RA-799,Fase 2,2R,Aluno-799,2012,11,F,2022,Publica,2024,,,Ametista,7.676131896086369,3.0,Avaliador-20,Avaliador-19,Avaliador-2,7.918,9.090909091,7.51,5.25,5.0,5.5,,,7.5,10.0,Fase 2,0,,Topazio,7.916666667,Ametista,
RA-1506,Fase 2,2R,Aluno-1506,2013,11,F,2024,Publica,2024,,,,,3.0,Avaliador-19,Avaliador-25,Avaliador-2,8.002,8.3874458875,7.51,3.5,0.0,7.0,,,7.886666667,10.0,Fase 2,0,,,6.458333333,Ametista,
RA-802,Fase 2,2R,Aluno-802,2013,11,M,2021,Publica,2024,,Ametista,Ametista,7.830788433198381,3.0,Avaliador-19,Avaliador-25,Avaliador-2,7.502,7.012987013,7.51,8.75,9.0,8.5,,,6.723333333,10.0,Fase 2,0,,Topazio,8.333333333,Ametista,
RA-1507,Fase 2,2R,Aluno-1507,2012,12,M,2024,Publica,2024,,,,,3.0,Avaliador-19,Avaliador-25,Avaliador-2,6.918,4.448051948,7.51,5.0,5.0,5.0,,,3.776666667,5.0,Fase 3,-1,,,4.583333333,Quartzo,
RA-1071,Fase 2,2R,Aluno-1071,2012,12,M,2023,Publica,2024,,,,,3.0,Avaliador-19,Avaliador-25,Avaliador-2,8.002,4.188311688500001,7.51,4.5,4.0,5.0,,,2.996666667,5.0,Fase 3,-1,,Agata,4.166666667,Quartzo,
RA-1508,Fase 2,2R,Aluno-1508,2013,10,F,2024,Publica,2024,,,,,3.0,Avaliador-19,Avaliador-25,Avaliador-2,7.502,7.2294372295,7.51,9.25,10.0,8.5,,,8.166666667,10.0,Fase 2,0,,,7.5,Topazio,
RA-1509,Fase 2,2R,Aluno-1509,2013,11,M,2024,Publica,2024,,,,,3.0,Avaliador-19,Avaliador-25,Avaliador-2,8.502,6.5151515155,7.51,7.5,7.0,8.0,,,7.446666667,10.0,Fase 2,0,,,6.666666667,Ametista,
RA-1510,Fase 2,2R,Aluno-1510,2013,11,F,2024,Publica,2024,,,,,3.0,Avaliador-19,Avaliador-25,Avaliador-2,10.002,9.7727272725,7.51,10.0,10.0,10.0,,,9.003333333,10.0,Fase 2,0,,,9.583333333,Topazio,
RA-785,Fase 2,2U,Aluno-785,2013,11,F,2022,Publica,2024,,,Ametista,7.6422905052790355,3.0,Avaliador-19,Avaliador-25,Avaliador-2,9.502,10.0,7.51,9.0,8.0,10.0,,,8.893333333,10.0,Fase 2,0,,Topazio,8.75,Topazio,
RA-1511,Fase 2,2U,Aluno-1511,2013,11,F,2024,Publica,2024,,,,,3.0,Avaliador-19,Avaliador-25,Avaliador-2,10.002,9.3271221535,7.51,8.75,8.0,9.5,,,8.556666667,10.0,Fase 2,0,,,8.4375,Topazio,
RA-752,Fase 2,2U,Aluno-752,2011,12,F,2022,Publica,2024,,,Topazio,8.196890131054133,3.0,Avaliador-19,Avaliador-25,Avaliador-2,9.502,7.525879916999999,7.51,5.75,7.0,4.5,,,5.613333333,5.0,Fase 3,-1,,Topazio,5.9375,Agata,
RA-790,Fase 2,2U,Aluno-790,2011,13,M,2022,Publica,2024,,,Ametista,7.50432758974359,3.0,Avaliador-19,Avaliador-25,Avaliador-2,7.502,6.811594203,7.51,6.75,4.0,9.5,,,6.883333333,5.0,Fase 3,-1,,Agata,7.1875,Agata,
RA-590,Fase 2,2U,Aluno-590,2012,12,F,2021,Privada,2024,Ametista,Agata,Ametista,7.4346362807017545,3.0,Avaliador-19,Avaliador-25,Avaliador-2,8.002,8.457556936,6.26,4.0,8.0,0.0,,,7.723333333,5.0,Fase 3,-1,,Ametista,7.5,Agata,
RA-1512,Fase 2,2U,Aluno-1512,2014,10,F,2024,Publica,2024,,,,,3.0,Avaliador-19,Avaliador-25,Avaliador-2,9.502,10.0,7.51,5.5,7.0,4.0,,,7.61,10.0,Fase 2,0,,,7.8125,Topazio,
RA-472,Fase 2,2U,Aluno-472,2010,14,F,2022,Publica,2024,,,Quartzo,5.9300813955984975,3.0,Avaliador-19,Avaliador-25,Avaliador-2,7.502,7.48447205,7.51,6.25,4.0,8.5,,,6.333333333,5.0,Fase 3,-1,,Agata,6.25,Agata,
RA-628,Fase 2,2U,Aluno-628,2011,13,M,2022,Publica,2024,,,Ametista,7.576531180695848,3.0,Avaliador-19,Avaliador-25,Avaliador-2,9.002,10.0,7.51,9.0,8.0,10.0,,,7.833333333,5.0,Fase 3,-1,,Topazio,7.1875,Topazio,
RA-1513,Fase 2,2U,Aluno-1513,2012,12,F,2024,Publica,2024,,,,,3.0,Avaliador-19,Avaliador-25,Avaliador-2,8.502,7.5252525255,7.51,3.75,4.0,3.5,,,7.223333333,5.0,Fase 3,-1,,,7.5,Agata,
RA-1514,Fase 2,2U,Aluno-1514,2012,12,F,2024,Publica,2024,,,,,3.0,Avaliador-19,Avaliador-25,Avaliador-2,9.002,7.979797980000001,7.51,5.5,5.0,6.0,,,7.273333333,10.0,Fase 2,0,,,7.1875,Ametista,
RA-629,Fase 2,2U,Aluno-629,2013,11,F,2022,Publica,2024,,,Topazio,8.109723333333333,3.0,Avaliador-19,Avaliador-25,Avaliador-2,10.002,9.523809524,7.51,6.0,6.0,6.0,,,7.276666667,10.0,Fase 2,0,,Topazio,7.5,Topazio,
RA-832,Fase 2,2U,Aluno-832,2013,11,M,2022,Publica,2024,,,Topazio,8.178844113710202,3.0,Avaliador-19,Avaliador-25,Avaliador-2,9.002,8.695652174,7.51,8.0,7.0,9.0,,,7.5,10.0,Fase 2,0,,Topazio,7.5,Topazio,
RA-1515,Fase 2,2U,Aluno-1515,2012,12,F,2024,Publica,2024,,,,,3.0,Avaliador-19,Avaliador-25,Avaliador-2,6.418,6.6666666665,6.255,3.5,6.0,1.0,,,6.72,5.0,Fase 3,-1,,,6.875,Quartzo,
RA-833,Fase 2,2U,Aluno-833,2013,11,M,2022,Publica,2024,,,Ametista,7.790571508771929,3.0,Avaliador-19,Avaliador-25,Avaliador-2,9.002,9.3271221535,7.51,8.0,9.0,7.0,,,7.946666667,10.0,Fase 2,0,,Ametista,8.125,Topazio,
RA-819,Fase 2,2U,Aluno-819,2014,10,M,2022,Publica,2024,,,Ametista,7.740741074074075,3.0,Avaliador-19,Avaliador-25,Avaliador-2,10.002,7.784679089,7.51,9.0,8.0,10.0,,,8.503333333,10.0,Fase 1,1,,Ametista,8.4375,Topazio,
RA-1073,Fase 3,3A,Aluno-1073,2011,13,F,2022,Publica,2024,,,,,4.0,Avaliador-21,Avaliador-26,Avaliador-23,9.168,6.370972886666667,7.5,6.5,6.5,5.0,8.0,,5.7875,10.0,Fase 3,0,,Agata,6.875,Ametista,
RA-494,Fase 3,3A,Aluno-494,2011,13,F,2022,Privada,2024,,,Agata,6.407077164021164,4.0,Avaliador-21,Avaliador-26,Avaliador-23,7.5,7.329323308333333,8.755,6.333333333333333,6.0,5.5,7.5,,8.915,10.0,Fase 3,0,,Ametista,7.8125,Ametista,
RA-484,Fase 3,3A,Aluno-484,2011,13,M,2022,Publica,2024,,,Agata,6.709725111111111,4.0,Avaliador-21,Avaliador-26,Avaliador-23,8.334,3.9141382866666667,2.51,0.0,0.0,0.0,0.0,,3.1225,10.0,Fase 3,0,,Quartzo,3.4375,Quartzo,
RA-496,Fase 3,3A,Aluno-496,2011,13,M,2021,Privada,2024,Quartzo,Quartzo,Agata,6.683335555555555,4.0,Avaliador-21,Avaliador-26,Avaliador-23,10.002,5.315995871999999,6.255,5.666666666666667,5.0,4.5,7.5,,6.1625,10.0,Fase 3,0,,Agata,6.71875,Agata,
RA-1516,Fase 3,3A,Aluno-1516,2011,13,F,2024,Privada,2024,,,,,4.0,Avaliador-21,Avaliador-26,Avaliador-23,9.585,5.404288499000001,9.38,4.666666666666667,0.0,5.0,9.0,,7.5475,10.0,Fase 3,3,,,7.96875,Ametista,
RA-1143,Fase 3,3A,Aluno-1143,2008,16,F,2021,Publica,2024,,,,,4.0,Avaliador-21,Avaliador-26,Avaliador-23,9.585,5.201336675,9.38,3.1666666666666665,3.0,6.5,0.0,,6.79,2.5,Fase 6,-3,,Agata,7.03125,Quartzo,
RA-1517,Fase 3,3A,Aluno-1517,2009,15,M,2024,Publica,2024,,,,,4.0,Avaliador-21,Avaliador-26,Avaliador-23,9.168,4.305555555666667,9.38,4.666666666666667,5.0,4.5,4.5,,6.7075,5.0,Fase 4,-1,,,7.5,Agata,
RA-1518,Fase 3,3A,Aluno-1518,2009,15,F,2022,Publica,2024,,,,,4.0,Avaliador-21,Avaliador-26,Avaliador-23,7.084,5.714285714333333,9.38,1.75,0.0,3.5,,,6.5825,5.0,Fase 4,-1,,,7.65625,Quartzo,
RA-227,Fase 3,3A,Aluno-227,2010,13,M,2022,Publica,2024,,,Agata,6.470788936720144,4.0,Avaliador-21,Avaliador-26,Avaliador-23,9.585,8.097577276666668,9.38,6.5,4.0,6.0,9.5,,7.54,10.0,Fase 3,0,,Ametista,7.5,Topazio,
RA-487,Fase 3,3A,Aluno-487,2012,12,F,2021,Bolsista,2024,Topazio,Topazio,Topazio,8.416724112554114,4.0,Avaliador-21,Avaliador-26,Avaliador-23,9.168,9.441269841333334,9.38,9.666666666666666,10.0,9.0,10.0,,9.1725,10.0,Fase 3,0,,Topazio,9.0625,Topazio,
RA-1076,Fase 3,3A,Aluno-1076,2011,13,F,2021,Publica,2024,,,,,4.0,Avaliador-21,Avaliador-26,Avaliador-23,8.334,7.777033492666668,8.125,6.333333333333333,5.5,6.5,7.0,,6.5425,10.0,Fase 3,0,,Ametista,7.03125,Ametista,
RA-1084,Fase 3,3A,Aluno-1084,2012,12,F,2023,Publica,2024,,,,,4.0,Avaliador-21,Avaliador-26,Avaliador-23,8.751,7.705263158,5.63,3.6666666666666665,1.0,6.0,4.0,,7.4575,10.0,Fase 3,0,,Ametista,7.03125,Agata,
RA-1519,Fase 3,3A,Aluno-1519,2009,15,M,2024,Outros,2024,,,,,4.0,Avaliador-21,Avaliador-26,Avaliador-23,9.585,5.560902255666666,8.755,4.833333333333333,0.0,6.5,8.0,,7.5025,10.0,Fase 3,3,,,7.96875,Ametista,
RA-490,Fase 3,3A,Aluno-490,2012,12,F,2022,Privada,2024,,,Ametista,7.5764812987012995,4.0,Avaliador-21,Avaliador-26,Avaliador-23,9.168,5.5110047846666665,8.755,6.166666666666667,5.5,6.0,7.0,,7.295,10.0,Fase 2,1,,Ametista,7.8125,Ametista,
RA-346,Fase 3,3A,Aluno-346,2012,12,M,2022,Publica,2024,,,Topazio,8.143057777777779,4.0,Avaliador-21,Avaliador-26,Avaliador-23,10.002,9.149206349333333,2.51,6.166666666666667,6.0,4.5,8.0,,8.2525,10.0,Fase 3,0,,Ametista,7.96875,Ametista,
RA-546,Fase 3,3B,Aluno-546,2011,13,F,2021,Publica,2024,,Quartzo,Agata,6.770192769423559,4.0,Avaliador-21,Avaliador-26,Avaliador-23,5.832,3.7838383836666662,8.135,4.666666666666667,0.0,4.0,10.0,,5.5,10.0,Fase 3,0,,Agata,5.15625,Quartzo,
RA-1087,Fase 3,3B,Aluno-1087,2011,13,F,2023,Publica,2024,,,,,4.0,Avaliador-21,Avaliador-26,Avaliador-23,7.917,8.393265993333333,8.755,2.6666666666666665,2.0,5.0,1.0,,6.58,10.0,Fase 3,0,,Ametista,7.1875,Agata,
RA-493,Fase 3,3B,Aluno-493,2013,11,F,2021,Publica,2024,Topazio,Topazio,Topazio,8.306175283950617,4.0,Avaliador-21,Avaliador-26,Avaliador-23,10.002,8.933333333333334,10.0,3.1666666666666665,3.0,4.0,2.5,,6.705,10.0,Fase 2,1,,Ametista,7.03125,Ametista,
RA-1520,Fase 3,3B,Aluno-1520,2010,14,F,2024,Publica,2024,,,,,4.0,Avaliador-21,Avaliador-26,Avaliador-23,8.334,9.060606060666666,8.75,3.75,4.0,3.5,,,7.3325,5.0,Fase 4,-1,,,7.65625,Ametista,
RA-1072,Fase 3,3B,Aluno-1072,2011,12,M,2023,Publica,2024,,,,,4.0,Avaliador-21,Avaliador-26,Avaliador-23,8.751,5.627886710333333,8.755,8.166666666666666,8.0,7.0,9.5,,7.545,10.0,Fase 3,0,,Topazio,7.96875,Ametista,
RA-1521,Fase 3,3B,Aluno-1521,2010,14,F,2024,Publica,2024,,,,,4.0,Avaliador-21,Avaliador-26,Avaliador-23,7.5,6.157902555,2.51,3.1666666666666665,2.0,5.5,2.0,,5.4525,5.0,Fase 4,-1,,,6.09375,Quartzo,
RA-536,Fase 3,3B,Aluno-536,2012,11,F,2021,Publica,2024,Topazio,Ametista,Ametista,7.105690655172413,4.0,Avaliador-21,Avaliador-26,Avaliador-23,8.334,9.109090909,8.135,5.5,6.5,4.5,5.5,,7.415,10.0,Fase 2,1,,Ametista,7.1875,Ametista,
RA-1079,Fase 3,3B,Aluno-1079,2010,13,M,2023,Publica,2024,,,,,4.0,Avaliador-21,Avaliador-26,Avaliador-23,7.5,4.516498316333333,2.51,6.333333333333333,5.0,7.5,6.5,,4.1625,10.0,Fase 3,0,,Agata,4.21875,Quartzo,
RA-331,Fase 3,3B,Aluno-331,2010,14,F,2021,Publica,2024,Ametista,Ametista,Agata,6.636118019594441,4.0,Avaliador-21,Avaliador-26,Avaliador-23,8.751,7.735353535333334,8.755,3.5,4.0,3.5,3.0,,5.62,5.0,Fase 4,-1,,Ametista,6.09375,Agata,
RA-1522,Fase 3,3B,Aluno-1522,2011,13,M,2024,Publica,2024,,,,,4.0,Avaliador-21,Avaliador-26,Avaliador-23,8.751,10.0,9.38,7.0,10.0,4.0,,,7.1275,10.0,Fase 3,0,,,6.875,Topazio,
RA-1096,Fase 3,3B,Aluno-1096,2012,11,F,2023,Publica,2024,,,,,4.0,Avaliador-21,Avaliador-26,Avaliador-23,9.168,9.866666666666667,8.755,8.5,8.5,7.0,10.0,,9.09,10.0,Fase 2,1,,Topazio,9.0625,Topazio,
RA-513,Fase 3,3B,Aluno-513,2013,11,M,2021,Privada,2024,,Topazio,Topazio,8.228772285714285,4.0,Avaliador-21,Avaliador-26,Avaliador-23,10.002,8.831746031666666,8.135,7.666666666666667,9.0,5.5,8.5,,8.545,10.0,Fase 2,1,,Topazio,9.0625,Topazio,
RA-531,Fase 3,3B,Aluno-531,2012,12,M,2022,Publica,2024,,,Ametista,8.057199636363638,4.0,Avaliador-21,Avaliador-26,Avaliador-23,9.168,9.803921568666667,4.38,6.666666666666667,6.5,4.5,9.0,,7.335,10.0,Fase 3,0,,Topazio,7.96875,Ametista,
RA-1523,Fase 3,3B,Aluno-1523,2012,11,M,2024,Publica,2024,,,,,4.0,Avaliador-21,Avaliador-26,Avaliador-23,6.666,9.283272283333334,8.755,8.166666666666666,8.0,6.5,10.0,,8.755,10.0,Fase 2,1,,,8.90625,Topazio,
RA-1524,Fase 3,3B,Aluno-1524,2010,14,F,2024,Publica,2024,,,,,4.0,Avaliador-21,Avaliador-26,Avaliador-23,7.917,2.777777777666667,7.51,4.0,4.0,,,,6.9175,5.0,Fase 4,-1,,,7.65625,Quartzo,
RA-1147,Fase 3,3B,Aluno-1147,2009,15,F,2023,Publica,2024,,,,,4.0,Avaliador-21,Avaliador-26,Avaliador-23,8.751,6.125925926,8.755,3.1666666666666665,2.0,5.0,2.5,,5.495,5.0,Fase 4,-1,,Ametista,6.25,Quartzo,
RA-479,Fase 3,3C,Aluno-479,2012,12,M,2021,Bolsista,2024,Topazio,Topazio,Topazio,8.464686539682539,3.0,Avaliador-21,Avaliador-23,Avaliador-26,9.168,9.866666666666667,2.51,9.666666666666666,10.0,9.0,10.0,,9.45,10.0,Fase 2,1,,Topazio,9.375,Topazio,
RA-517,Fase 3,3C,Aluno-517,2010,14,F,2021,Publica,2024,Ametista,Agata,Ametista,7.604387307346327,3.0,Avaliador-21,Avaliador-23,Avaliador-26,7.5,5.266499582333334,2.51,5.0,4.5,4.0,6.5,,6.11,10.0,Fase 3,0,,Agata,6.041666667,Quartzo,
RA-325,Fase 3,3C,Aluno-325,2012,12,M,2022,Publica,2024,,,Ametista,7.619194363636365,3.0,Avaliador-21,Avaliador-23,Avaliador-26,9.168,9.866666666666667,7.51,7.0,7.0,5.5,8.5,,7.553333333,10.0,Fase 3,0,,Agata,8.333333333,Topazio,
RA-1525,Fase 3,3C,Aluno-1525,2011,13,M,2024,Publica,2024,,,,,3.0,Avaliador-21,Avaliador-23,Avaliador-26,7.917,8.293650793666666,5.63,7.0,6.5,5.5,9.0,,7.553333333,10.0,Fase 3,0,,,8.541666667,Ametista,
RA-518,Fase 3,3C,Aluno-518,2012,12,M,2022,Publica,2024,,,Ametista,7.660716285714286,3.0,Avaliador-21,Avaliador-23,Avaliador-26,8.334,6.8300751879999995,2.51,4.0,7.5,3.5,1.0,,6.94,10.0,Fase 3,0,,Ametista,7.083333333,Agata,
RA-1146,Fase 3,3C,Aluno-1146,2008,15,F,2023,Publica,2024,,,,,3.0,Avaliador-21,Avaliador-23,Avaliador-26,10.002,5.017209691,6.88,2.0,2.0,0.0,4.0,,5.883333333,5.0,Fase 5,-2,,Agata,6.25,Quartzo,
RA-530,Fase 3,3C,Aluno-530,2012,12,M,2021,Publica,2024,Topazio,Topazio,Topazio,8.33840773949389,3.0,Avaliador-21,Avaliador-23,Avaliador-26,8.751,6.468838763666667,9.38,4.5,4.0,6.0,3.5,,7.496666667,10.0,Fase 3,0,,Ametista,7.083333333,Ametista,
RA-524,Fase 3,3C,Aluno-524,2011,13,M,2021,Publica,2024,Ametista,Ametista,Agata,6.946674134932534,3.0,Avaliador-21,Avaliador-23,Avaliador-26,7.083,5.111779448666667,2.51,8.666666666666666,8.5,7.5,10.0,,7.39,10.0,Fase 3,0,,Ametista,8.333333333,Ametista,
RA-578,Fase 3,3C,Aluno-578,2012,12,M,2021,Bolsista,2024,Ametista,Topazio,Topazio,8.813892666666668,3.0,Avaliador-21,Avaliador-23,Avaliador-26,10.002,10.0,2.51,9.833333333333334,10.0,9.5,10.0,,9.45,10.0,Fase 2,1,,Topazio,9.583333333,Topazio,
RA-526,Fase 3,3C,Aluno-526,2010,14,M,2022,Publica,2024,,,Topazio,8.079349826086958,3.0,Avaliador-21,Avaliador-23,Avaliador-26,9.585,9.382456140333334,8.13,7.333333333333333,8.5,3.5,10.0,,7.496666667,5.0,Fase 4,-1,,Topazio,7.291666667,Ametista,
RA-528,Fase 3,3C,Aluno-528,2011,13,M,2021,Publica,2024,,Ametista,Quartzo,5.334539516483517,3.0,Avaliador-21,Avaliador-23,Avaliador-26,9.168,5.793483709333334,7.51,6.666666666666667,8.5,4.5,7.0,,6.936666667,10.0,Fase 3,0,,Ametista,7.291666667,Ametista,
RA-516,Fase 3,3C,Aluno-516,2013,11,M,2021,Bolsista,2024,Topazio,Topazio,Topazio,8.902781333333333,3.0,Avaliador-21,Avaliador-23,Avaliador-26,10.002,10.0,2.51,8.833333333333334,8.0,8.5,10.0,,7.56,10.0,Fase 2,1,,Topazio,8.541666667,Topazio,
RA-534,Fase 3,3C,Aluno-534,2010,14,M,2021,Publica,2024,,Ametista,Ametista,7.131280678842398,3.0,Avaliador-21,Avaliador-23,Avaliador-26,9.585,6.043441938333333,7.51,5.0,4.0,4.0,7.0,,7.103333333,10.0,Fase 3,0,,Quartzo,7.5,Ametista,
RA-1097,Fase 3,3C,Aluno-1097,2009,15,M,2023,Publica,2024,,,,,3.0,Avaliador-21,Avaliador-23,Avaliador-26,10.002,4.849791144666667,6.25,3.0,4.5,4.5,0.0,,5.88,5.0,Fase 4,-1,,Agata,6.041666667,Quartzo,
RA-360,Fase 3,3C,Aluno-360,2010,14,F,2021,Publica,2024,Ametista,Agata,Ametista,7.075193052489235,3.0,Avaliador-21,Avaliador-23,Avaliador-26,8.334,5.618045113,5.0,5.833333333333333,4.0,6.0,7.5,,6.993333333,5.0,Fase 4,-1,,Quartzo,7.708333333,Agata,
RA-1526,Fase 3,3D,Aluno-1526,2011,13,F,2024,Publica,2024,,,,,4.0,Avaliador-22,Avaliador-23,Avaliador-26,9.168,10.0,8.75,3.75,2.0,5.5,,,8.1275,10.0,Fase 3,0,,,8.125,Ametista,
RA-1077,Fase 3,3D,Aluno-1077,2012,12,M,2023,Publica,2024,,,,,4.0,Avaliador-22,Avaliador-23,Avaliador-26,0.0,7.703703703666666,6.885,2.0,0.0,6.0,0.0,,6.37,10.0,Fase 3,0,,Ametista,6.40625,Quartzo,
RA-508,Fase 3,3D,Aluno-508,2012,12,M,2022,Publica,2024,,,Agata,6.575002222222222,4.0,Avaliador-22,Avaliador-23,Avaliador-26,7.083,5.567251461999999,7.51,4.666666666666667,0.0,7.0,7.0,,7.5,10.0,Fase 2,1,,Ametista,7.65625,Agata,
RA-363,Fase 3,3D,Aluno-363,2010,14,M,2022,Privada,2024,,,Agata,6.644446000000001,4.0,Avaliador-22,Avaliador-23,Avaliador-26,9.585,9.523809524,5.625,5.333333333333333,4.0,3.5,8.5,,6.955,10.0,Fase 3,0,,Agata,7.34375,Ametista,
RA-340,Fase 3,3D,Aluno-340,2011,13,M,2021,Publica,2024,Ametista,Agata,Ametista,7.720835333333334,4.0,Avaliador-22,Avaliador-23,Avaliador-26,7.917,6.585769980666666,7.51,5.166666666666667,6.0,7.0,2.5,,5.83,10.0,Fase 3,0,,Ametista,6.5625,Agata,
RA-1527,Fase 3,3D,Aluno-1527,2010,13,M,2024,Publica,2024,,,,,4.0,Avaliador-22,Avaliador-23,Avaliador-26,9.168,10.0,7.51,8.0,9.0,7.0,,,7.835,10.0,Fase 3,0,,,7.96875,Topazio,
RA-509,Fase 3,3D,Aluno-509,2010,13,F,2021,Publica,2024,Ametista,Agata,Ametista,7.808336000000001,4.0,Avaliador-22,Avaliador-23,Avaliador-26,9.168,6.363636363666667,2.51,6.0,6.0,4.5,7.5,,7.2475,10.0,Fase 3,0,,Ametista,8.28125,Agata,
RA-500,Fase 3,3D,Aluno-500,2012,12,F,2021,Bolsista,2024,Topazio,Topazio,Topazio,8.231946666666667,4.0,Avaliador-22,Avaliador-23,Avaliador-26,9.585,10.0,2.51,6.666666666666667,6.0,6.0,8.0,,8.3775,10.0,Fase 3,0,,Topazio,8.59375,Topazio,
RA-1528,Fase 3,3D,Aluno-1528,2011,13,M,2024,Publica,2024,,,,,4.0,Avaliador-22,Avaliador-23,Avaliador-26,9.168,7.787878788,7.51,5.666666666666667,3.0,6.0,8.0,,7.335,10.0,Fase 3,0,,,7.96875,Ametista,
RA-1089,Fase 3,3D,Aluno-1089,2012,12,F,2023,Publica,2024,,,,,4.0,Avaliador-22,Avaliador-23,Avaliador-26,9.168,7.039682539666667,8.13,6.833333333333333,6.0,6.0,8.5,,6.995,10.0,Fase 3,0,,Ametista,7.1875,Ametista,
RA-1090,Fase 3,3D,Aluno-1090,2010,14,M,2023,Publica,2024,,,,,4.0,Avaliador-22,Avaliador-23,Avaliador-26,9.585,7.621832358666666,7.51,6.333333333333333,3.5,7.5,8.0,,7.4175,10.0,Fase 3,0,,Ametista,7.8125,Ametista,
RA-503,Fase 3,3D,Aluno-503,2012,12,M,2021,Publica,2024,Topazio,Topazio,Ametista,7.950002,4.0,Avaliador-22,Avaliador-23,Avaliador-26,9.585,9.824561403666666,7.51,7.666666666666667,6.0,8.0,9.0,,7.7925,10.0,Fase 2,1,,Topazio,7.8125,Topazio,
RA-1093,Fase 3,3D,Aluno-1093,2012,12,M,2023,Publica,2024,,,,,4.0,Avaliador-22,Avaliador-23,Avaliador-26,7.5,7.722222222333333,8.13,8.666666666666666,8.5,8.0,9.5,,8.8825,10.0,Fase 3,0,,Topazio,8.90625,Topazio,
RA-1094,Fase 3,3D,Aluno-1094,2011,12,F,2023,Publica,2024,,,,,4.0,Avaliador-22,Avaliador-23,Avaliador-26,9.168,9.523809523666666,2.51,7.333333333333333,6.0,7.5,8.5,,8.1675,10.0,Fase 3,0,,Topazio,8.4375,Topazio,
RA-1095,Fase 3,3D,Aluno-1095,2010,14,M,2023,Publica,2024,,,,,4.0,Avaliador-22,Avaliador-23,Avaliador-26,7.5,7.84502924,7.51,2.3333333333333335,3.0,2.0,2.0,,5.125,10.0,Fase 3,0,,Agata,5.46875,Agata,
RA-1098,Fase 3,3D,Aluno-1098,2010,14,F,2023,Publica,2024,,,,,4.0,Avaliador-22,Avaliador-23,Avaliador-26,8.751,5.822406257,7.51,3.5,1.0,3.5,6.0,,6.7475,10.0,Fase 3,0,,Ametista,7.34375,Agata,
RA-1106,Fase 3,3F,Aluno-1106,2011,13,M,2023,Publica,2024,,,,,4.0,Avaliador-22,Avaliador-23,Avaliador-26,8.334,5.4312354313333335,7.51,0.0,0.0,0.0,0.0,,7.5,10.0,Fase 3,0,,Ametista,7.65625,Quartzo,
RA-568,Fase 3,3F,Aluno-568,2008,16,M,2021,Publica,2024,Ametista,Ametista,Ametista,7.305919652173913,5.0,Avaliador-16,Avaliador-26,Avaliador-22,7.917,3.2619047620000003,8.13,5.166666666666667,5.0,5.5,5.0,,5.496,5.0,Fase 5,-2,,Agata,6.5625,Quartzo,
RA-558,Fase 3,3F,Aluno-558,2008,16,M,2022,Publica,2024,,,Quartzo,5.538561201058201,5.0,Avaliador-16,Avaliador-26,Avaliador-22,9.168,3.7763975156666674,8.13,3.0,2.5,4.0,2.5,,4.268,5.0,Fase 5,-2,,Agata,6.09375,Quartzo,
RA-559,Fase 3,3F,Aluno-559,2011,13,M,2021,Publica,2024,,Ametista,Ametista,7.633511273307791,5.0,Avaliador-16,Avaliador-26,Avaliador-22,10.002,5.705128205,8.13,3.1666666666666665,1.0,2.5,6.0,,4.728,10.0,Fase 3,0,,Ametista,6.25,Agata,
RA-1529,Fase 3,3F,Aluno-1529,2010,14,F,2024,Publica,2024,,,,,5.0,Avaliador-16,Avaliador-26,Avaliador-22,6.666,7.435897436,7.51,5.5,6.0,5.5,5.0,,6.964,5.0,Fase 4,-1,,,8.125,Agata,
RA-1111,Fase 3,3F,Aluno-1111,2012,12,F,2023,Publica,2024,,,,,5.0,Avaliador-16,Avaliador-26,Avaliador-22,6.249,4.600414078666667,7.5,5.0,5.0,4.0,6.0,,5.824,10.0,Fase 2,1,,Agata,6.5625,Agata,
RA-1108,Fase 3,3F,Aluno-1108,2010,13,M,2023,Publica,2024,,,,,5.0,Avaliador-16,Avaliador-26,Avaliador-22,9.168,3.7546583853333337,8.13,3.6666666666666665,3.5,3.5,4.0,,5.422,10.0,Fase 3,0,,Agata,7.1875,Agata,
RA-542,Fase 3,3F,Aluno-542,2011,13,F,2021,Publica,2024,Ametista,Agata,Ametista,7.221179827586207,5.0,Avaliador-16,Avaliador-26,Avaliador-22,8.751,6.481366459666667,8.13,3.9333333333333336,1.5,5.0,5.3,,6.232,10.0,Fase 3,0,,Ametista,7.03125,Agata,
RA-543,Fase 3,3F,Aluno-543,2012,12,F,2022,Publica,2024,,,Ametista,7.050000666666667,5.0,Avaliador-16,Avaliador-26,Avaliador-22,8.751,9.616977225666666,2.51,6.833333333333333,7.0,6.5,7.0,,8.7,10.0,Fase 2,1,,Ametista,8.90625,Topazio,
RA-1530,Fase 3,3F,Aluno-1530,2011,13,M,2024,Publica,2024,,,,,5.0,Avaliador-16,Avaliador-26,Avaliador-22,0.0,2.5238095237666665,8.13,2.8333333333333335,1.5,7.0,0.0,,5.258,10.0,Fase 3,0,,,7.03125,Quartzo,
RA-555,Fase 3,3F,Aluno-555,2010,14,M,2021,Publica,2024,Ametista,Ametista,Quartzo,5.949454421052632,5.0,Avaliador-16,Avaliador-26,Avaliador-22,10.002,2.7505175983333334,6.885,4.333333333333333,5.0,4.0,4.0,,5.03,5.0,Fase 4,-1,,Quartzo,5.0,Quartzo,
RA-1531,Fase 3,3F,Aluno-1531,2010,14,M,2024,Publica,2024,,,,,5.0,Avaliador-16,Avaliador-26,Avaliador-22,8.751,7.9726867336666665,7.505,5.833333333333333,4.5,8.0,5.0,,7.14,5.0,Fase 4,-1,,,7.34375,Ametista,
RA-1099,Fase 3,3G,Aluno-1099,2010,14,F,2023,Publica,2024,,,,,4.0,Avaliador-21,Avaliador-16,Avaliador-26,8.334,8.133333333333333,10.0,3.8333333333333335,2.5,3.5,5.5,,6.6225,10.0,Fase 3,0,,Ametista,7.8125,Ametista,
RA-1154,Fase 3,3G,Aluno-1154,2010,14,M,2023,Publica,2024,,,,,4.0,Avaliador-21,Avaliador-16,Avaliador-26,7.917,9.200000000000001,7.51,8.0,7.0,7.0,10.0,,6.745,5.0,Fase 4,-1,,Ametista,7.34375,Ametista,
RA-1100,Fase 3,3G,Aluno-1100,2012,12,M,2023,Publica,2024,,,,,4.0,Avaliador-21,Avaliador-16,Avaliador-26,7.5,7.1000000000000005,7.51,4.666666666666667,4.0,4.0,6.0,,5.6175,10.0,Fase 2,1,,Topazio,6.71875,Agata,
RA-381,Fase 3,3G,Aluno-381,2009,15,M,2021,Publica,2024,Agata,Agata,Agata,6.454070897064289,4.0,Avaliador-21,Avaliador-16,Avaliador-26,8.334,6.133333333333333,7.51,3.6666666666666665,2.5,4.5,4.0,,6.1225,5.0,Fase 5,-2,,Quartzo,6.71875,Quartzo,
RA-364,Fase 3,3G,Aluno-364,2011,13,M,2021,Publica,2024,Ametista,Topazio,Topazio,8.750002666666667,4.0,Avaliador-21,Avaliador-16,Avaliador-26,8.751,9.526143791,7.51,7.5,8.0,5.0,9.5,,7.2075,10.0,Fase 3,0,,Ametista,7.96875,Topazio,
RA-539,Fase 3,3G,Aluno-539,2011,13,F,2022,Bolsista,2024,,,Ametista,7.6649298275862074,4.0,Avaliador-21,Avaliador-16,Avaliador-26,10.002,9.233333333333333,7.51,5.833333333333333,5.0,3.5,9.0,,9.13,10.0,Fase 3,0,,Ametista,8.75,Topazio,
RA-573,Fase 3,3G,Aluno-573,2011,13,M,2021,Publica,2024,Ametista,Topazio,Topazio,8.261113555555557,4.0,Avaliador-21,Avaliador-16,Avaliador-26,9.168,9.5,8.755,5.0,6.0,3.5,5.5,,6.8275,10.0,Fase 3,0,,Ametista,7.8125,Ametista,
RA-1107,Fase 3,3G,Aluno-1107,2010,13,F,2023,Publica,2024,,,,,4.0,Avaliador-21,Avaliador-16,Avaliador-26,8.751,6.2,2.51,2.5,1.0,3.5,3.0,,6.785,10.0,Fase 3,0,,Ametista,7.5,Quartzo,
RA-368,Fase 3,3G,Aluno-368,2009,15,M,2021,Publica,2024,Ametista,Ametista,Agata,6.969181527369182,4.0,Avaliador-21,Avaliador-16,Avaliador-26,7.917,6.166666666666667,7.51,7.0,4.5,7.0,9.5,,6.7025,5.0,Fase 4,-1,,Quartzo,7.65625,Agata,
RA-387,Fase 3,3G,Aluno-387,2009,15,M,2021,Publica,2024,Agata,Agata,Agata,6.322553780885782,4.0,Avaliador-21,Avaliador-16,Avaliador-26,7.5,7.166666666666667,7.51,4.333333333333333,5.0,4.0,4.0,,5.9975,5.0,Fase 4,-1,,Quartzo,6.25,Agata,
RA-556,Fase 3,3G,Aluno-556,2011,13,F,2021,Publica,2024,Topazio,Ametista,Ametista,7.181471298245615,4.0,Avaliador-21,Avaliador-16,Avaliador-26,7.083,6.171428571333333,2.51,3.8333333333333335,1.5,4.5,5.5,,6.1625,10.0,Fase 3,0,,Ametista,6.40625,Quartzo,
RA-389,Fase 3,3G,Aluno-389,2011,13,M,2021,Publica,2024,Ametista,Agata,Ametista,7.184480244200245,4.0,Avaliador-21,Avaliador-16,Avaliador-26,9.585,6.674358974333333,8.76,5.166666666666667,6.5,4.0,5.0,,6.745,10.0,Fase 3,0,,Agata,6.5625,Ametista,
RA-390,Fase 3,3G,Aluno-390,2010,13,F,2022,Publica,2024,,,Agata,6.775947831501832,4.0,Avaliador-21,Avaliador-16,Avaliador-26,7.5,6.080701754333333,8.755,4.166666666666667,3.0,2.5,7.0,,6.08,10.0,Fase 3,0,,Agata,6.5625,Agata,
RA-376,Fase 3,3G,Aluno-376,2010,14,F,2021,Publica,2024,Ametista,Agata,Agata,6.9573737948717955,4.0,Avaliador-21,Avaliador-16,Avaliador-26,10.002,8.287284610666667,2.51,2.8333333333333335,2.0,5.0,1.5,,6.325,5.0,Fase 4,-1,,Ametista,6.5625,Quartzo,
RA-584,Fase 3,3G,Aluno-584,2012,12,F,2021,Publica,2024,Topazio,Ametista,Agata,6.7142532077294685,4.0,Avaliador-21,Avaliador-16,Avaliador-26,8.751,5.636363636333333,8.755,4.333333333333333,2.0,5.0,6.0,,6.37,10.0,Fase 3,0,,Ametista,7.34375,Agata,
RA-535,Fase 3,3H,Aluno-535,2012,12,F,2021,Publica,2024,Topazio,Ametista,Agata,6.953190321839081,5.0,Avaliador-16,Avaliador-26,Avaliador-22,9.168,7.161904762,8.135,6.0,7.0,5.5,5.5,,7.5,10.0,Fase 3,0,,Topazio,7.96875,Ametista,
RA-547,Fase 3,3H,Aluno-547,2011,13,F,2021,Publica,2024,Agata,Agata,Ametista,7.744553615384616,5.0,Avaliador-16,Avaliador-26,Avaliador-22,8.751,7.030620028333334,8.135,6.833333333333333,9.0,4.5,7.0,,5.932,10.0,Fase 3,0,,Agata,5.625,Ametista,
RA-557,Fase 3,3H,Aluno-557,2012,12,M,2021,Bolsista,2024,Ametista,Topazio,Topazio,8.334031111111113,5.0,Avaliador-16,Avaliador-26,Avaliador-22,10.002,8.756265663999999,7.51,9.666666666666666,10.0,9.0,10.0,,9.576,10.0,Fase 3,0,,Topazio,10.0,Topazio,
RA-548,Fase 3,3H,Aluno-548,2010,13,M,2021,Publica,2024,Ametista,Ametista,Ametista,7.292060604010025,5.0,Avaliador-16,Avaliador-26,Avaliador-22,9.168,7.600427350666667,7.51,6.666666666666667,9.0,5.0,6.0,,5.626,10.0,Fase 3,0,,Ametista,5.9375,Ametista,
RA-1102,Fase 3,3H,Aluno-1102,2012,12,M,2023,Publica,2024,,,,,5.0,Avaliador-16,Avaliador-26,Avaliador-22,8.751,9.390476190333333,8.13,9.333333333333334,10.0,8.0,10.0,,7.07,10.0,Fase 2,1,,Topazio,5.9375,Topazio,
RA-1532,Fase 3,3H,Aluno-1532,2009,15,M,2024,Publica,2024,,,,,5.0,Avaliador-16,Avaliador-26,Avaliador-22,0.0,3.9057239053333332,7.51,2.0,0.0,6.0,0.0,,6.832,5.0,Fase 4,-1,,,7.5,Quartzo,
RA-538,Fase 3,3H,Aluno-538,2009,14,M,2022,Publica,2024,,,Agata,6.309259592592594,5.0,Avaliador-16,Avaliador-26,Avaliador-22,8.751,7.668803418666666,7.51,6.166666666666667,10.0,4.5,4.0,,5.292,5.0,Fase 4,-1,,Agata,5.625,Agata,
RA-365,Fase 3,3H,Aluno-365,2012,11,F,2022,Publica,2024,,,Topazio,8.062502666666667,5.0,Avaliador-16,Avaliador-26,Avaliador-22,9.585,10.0,7.51,6.666666666666667,8.0,7.0,5.0,,8.202,10.0,Fase 2,1,,Topazio,8.4375,Topazio,
RA-563,Fase 3,3H,Aluno-563,2011,12,F,2021,Publica,2024,Topazio,Ametista,Topazio,8.219535581098341,5.0,Avaliador-16,Avaliador-26,Avaliador-22,9.168,9.461904762000001,8.135,8.333333333333334,10.0,9.0,6.0,,7.468,10.0,Fase 3,0,,Ametista,8.125,Topazio,
RA-1157,Fase 3,3H,Aluno-1157,2009,15,M,2023,Publica,2024,,,,,5.0,Avaliador-16,Avaliador-26,Avaliador-22,9.585,9.082539682666665,7.51,7.0,8.0,6.0,7.0,,8.466,5.0,Fase 4,-1,,Ametista,7.96875,Ametista,
RA-258,Fase 3,3H,Aluno-258,2010,13,F,2021,Publica,2024,Ametista,Topazio,Agata,6.925909119658121,5.0,Avaliador-16,Avaliador-26,Avaliador-22,7.084,6.944444444333333,7.51,2.5,,5.0,0.0,,6.732,10.0,Fase 3,0,,,7.34375,Agata,
RA-369,Fase 3,3H,Aluno-369,2011,13,M,2022,Publica,2024,,,Agata,6.973149037037037,5.0,Avaliador-16,Avaliador-26,Avaliador-22,8.751,4.908119658333334,7.51,1.6666666666666667,0.0,0.0,5.0,,5.428,10.0,Fase 3,0,,Agata,6.40625,Quartzo,
RA-375,Fase 3,3H,Aluno-375,2011,13,M,2021,Publica,2024,Topazio,Topazio,Ametista,7.830771230769231,5.0,Avaliador-16,Avaliador-26,Avaliador-22,9.585,9.443589743666667,7.51,6.833333333333333,9.0,5.5,6.0,,6.432,10.0,Fase 3,0,,Ametista,7.1875,Ametista,
RA-1533,Fase 3,3I,Aluno-1533,2010,14,F,2024,Publica,2024,,,,,4.0,Avaliador-21,Avaliador-23,Avaliador-26,9.168,9.710144927666667,8.135,9.5,10.0,8.5,10.0,,8.3375,10.0,Fase 3,0,,,8.5,Topazio,
RA-1534,Fase 3,3I,Aluno-1534,2010,13,F,2024,Publica,2024,,,,,4.0,Avaliador-21,Avaliador-23,Avaliador-26,7.917,9.666666666666666,8.135,1.1666666666666667,2.0,1.5,0.0,,8.0825,10.0,Fase 3,0,,,8.0,Ametista,
RA-1160,Fase 3,3I,Aluno-1160,2010,14,M,2023,Publica,2024,,,,,4.0,Avaliador-21,Avaliador-23,Avaliador-26,8.751,8.201288245,7.51,3.1666666666666665,5.5,2.0,2.0,,6.2475,5.0,Fase 4,-1,,Agata,6.25,Agata,
RA-562,Fase 3,3I,Aluno-562,2011,13,F,2021,Publica,2024,,Ametista,Ametista,7.854693065681446,4.0,Avaliador-21,Avaliador-23,Avaliador-26,8.334,9.833333333333334,8.135,7.833333333333333,7.5,7.5,8.5,,7.25,10.0,Fase 3,0,,Agata,7.625,Topazio,
RA-1112,Fase 3,3I,Aluno-1112,2011,13,M,2023,Publica,2024,,,,,4.0,Avaliador-21,Avaliador-23,Avaliador-26,9.585,9.02791197,8.135,4.0,4.0,4.0,4.0,,4.705,10.0,Fase 3,0,,Ametista,5.375,Agata,
RA-1535,Fase 3,3I,Aluno-1535,2011,13,F,2024,Publica,2024,,,,,4.0,Avaliador-21,Avaliador-23,Avaliador-26,8.751,5.103121516333333,7.51,5.833333333333333,7.5,5.5,4.5,,7.9175,10.0,Fase 3,0,,,7.125,Ametista,
RA-1536,Fase 3,3I,Aluno-1536,2009,15,F,2024,Publica,2024,,,,,4.0,Avaliador-21,Avaliador-23,Avaliador-26,9.168,8.722222222333334,8.135,7.0,10.0,3.5,7.5,,7.4575,5.0,Fase 4,-1,,,7.875,Ametista,
RA-357,Fase 3,3I,Aluno-357,2010,14,M,2022,Publica,2024,,,Ametista,7.835649925925926,4.0,Avaliador-21,Avaliador-23,Avaliador-26,8.751,9.028180354333333,8.135,7.666666666666667,8.5,7.0,7.5,,7.0825,5.0,Fase 4,-1,,Topazio,7.875,Ametista,
RA-583,Fase 3,3I,Aluno-583,2010,14,F,2021,Publica,2024,Ametista,Ametista,Ametista,7.455557555555556,4.0,Avaliador-21,Avaliador-23,Avaliador-26,7.917,8.904455179666668,8.135,5.0,6.5,4.5,4.0,,6.87,10.0,Fase 3,0,,Ametista,6.875,Ametista,
RA-1537,Fase 3,3I,Aluno-1537,2010,14,F,2024,Publica,2024,,,,,4.0,Avaliador-21,Avaliador-23,Avaliador-26,9.168,8.33064949,8.135,8.666666666666666,10.0,6.0,10.0,,8.67,5.0,Fase 4,-1,,,8.125,Topazio,
RA-599,Fase 3,3K,Aluno-599,2012,12,M,2022,Publica,2024,,,Topazio,8.199571556935819,3.0,Avaliador-21,Avaliador-7,Avaliador-10,10.002,8.607843137333333,9.375,7.666666666666667,8.0,7.0,8.0,,7.28,10.0,Fase 2,1,,Topazio,7.083333333,Topazio,
RA-651,Fase 3,3K,Aluno-651,2012,12,F,2022,Publica,2024,,,Ametista,7.866088525252525,3.0,Avaliador-21,Avaliador-7,Avaliador-10,9.168,10.0,7.51,7.5,10.0,6.0,6.5,,8.336666667,10.0,Fase 2,1,,Ametista,8.541666667,Topazio,
RA-1131,Fase 3,3K,Aluno-1131,2011,13,F,2023,Bolsista,2024,,,,,3.0,Avaliador-21,Avaliador-7,Avaliador-10,8.334,9.277777777666666,6.255,8.333333333333334,8.0,7.0,10.0,,7.893333333,10.0,Fase 3,0,,Topazio,7.291666667,Topazio,
RA-403,Fase 3,3K,Aluno-403,2010,14,M,2021,Publica,2024,Ametista,Ametista,Ametista,7.454659477025898,3.0,Avaliador-21,Avaliador-7,Avaliador-10,8.751,7.361111111,7.51,7.666666666666667,6.0,8.0,9.0,,7.613333333,10.0,Fase 3,0,,Ametista,8.541666667,Topazio,
RA-1538,Fase 3,3K,Aluno-1538,2010,13,M,2021,Publica,2024,,,,,3.0,Avaliador-21,Avaliador-7,Avaliador-10,9.168,7.935185184999999,8.13,7.166666666666667,7.5,6.0,8.0,,7.106666667,10.0,Fase 2,1,,,7.916666667,Ametista,
RA-469,Fase 3,3K,Aluno-469,2011,13,F,2022,Publica,2024,,,Ametista,7.624482920314255,3.0,Avaliador-21,Avaliador-7,Avaliador-10,9.168,9.498366013,7.51,5.0,6.0,4.0,5.0,,6.94,10.0,Fase 3,0,,Ametista,7.291666667,Ametista,
RA-1121,Fase 3,3K,Aluno-1121,2012,12,M,2023,Publica,2024,,,,,3.0,Avaliador-21,Avaliador-7,Avaliador-10,9.585,10.0,7.51,6.666666666666667,9.0,5.0,6.0,,8.28,10.0,Fase 3,0,,Topazio,7.083333333,Topazio,
RA-1122,Fase 3,3K,Aluno-1122,2012,12,M,2023,Publica,2024,,,,,3.0,Avaliador-21,Avaliador-7,Avaliador-10,8.751,9.861111111,7.51,5.333333333333333,5.0,4.5,6.5,,7.22,10.0,Fase 2,1,,Ametista,7.083333333,Ametista,
RA-422,Fase 3,3K,Aluno-422,2010,14,M,2022,Publica,2024,,,Agata,6.745835333333334,3.0,Avaliador-21,Avaliador-7,Avaliador-10,7.5,6.157407407333333,7.51,2.8333333333333335,3.0,4.5,1.0,,5.5,5.0,Fase 4,-1,,Quartzo,6.458333333,Quartzo,
RA-1117,Fase 3,3K,Aluno-1117,2012,12,F,2023,Publica,2024,,,,,3.0,Avaliador-21,Avaliador-7,Avaliador-10,8.751,8.314814814666667,7.51,5.666666666666667,5.0,5.0,7.0,,6.833333333,10.0,Fase 2,1,,Topazio,8.125,Ametista,
RA-1539,Fase 3,3K,Aluno-1539,2011,13,F,2024,Publica,2024,,,,,3.0,Avaliador-21,Avaliador-7,Avaliador-10,6.667,9.027777777666666,6.885,6.833333333333333,6.0,7.0,7.5,,7.056666667,10.0,Fase 3,0,,,7.708333333,Ametista,
RA-618,Fase 3,3K,Aluno-618,2009,15,M,2021,Publica,2024,Ametista,Ametista,Ametista,7.180380522045855,3.0,Avaliador-21,Avaliador-7,Avaliador-10,10.002,8.324074074,6.88,4.166666666666667,5.0,4.5,3.0,,6.826666667,5.0,Fase 5,-2,,Agata,6.666666667,Agata,
RA-669,Fase 3,3K,Aluno-669,2011,12,M,2022,Publica,2024,,,Ametista,7.475002333333333,3.0,Avaliador-21,Avaliador-7,Avaliador-10,7.5,4.851851851666666,7.51,5.333333333333333,5.0,6.0,5.0,,6.883333333,10.0,Fase 3,0,,Ametista,7.291666667,Agata,
RA-408,Fase 3,3K,Aluno-408,2010,14,F,2022,Publica,2024,,,Agata,6.725002000000001,3.0,Avaliador-21,Avaliador-7,Avaliador-10,7.5,4.981481481666667,7.51,4.833333333333333,3.0,5.5,6.0,,6.776666667,10.0,Fase 3,0,,Ametista,7.083333333,Agata,
RA-610,Fase 3,3K,Aluno-610,2013,11,F,2022,Publica,2024,,,Topazio,8.180094592592592,3.0,Avaliador-21,Avaliador-7,Avaliador-10,9.585,9.694444444333334,3.76,6.333333333333333,8.0,5.0,6.0,,8.336666667,10.0,Fase 2,1,,Topazio,6.875,Ametista,
RA-409,Fase 3,3K,Aluno-409,2011,13,F,2022,Publica,2024,,,Topazio,8.150001333333332,3.0,Avaliador-21,Avaliador-7,Avaliador-10,9.585,9.231481481333333,7.51,7.166666666666667,7.0,7.5,7.0,,7.223333333,10.0,Fase 3,0,,Ametista,7.916666667,Topazio,
RA-464,Fase 3,3L,Aluno-464,2009,15,F,2022,Publica,2024,,,Agata,6.745479946323136,4.0,Avaliador-20,Avaliador-21,Avaliador-26,9.168,7.851461988333334,8.76,4.333333333333333,3.0,3.5,6.5,,7.1175,5.0,Fase 4,-1,,Agata,7.1875,Agata,
RA-1165,Fase 3,3L,Aluno-1165,2011,13,F,2023,Publica,2024,,,,,4.0,Avaliador-20,Avaliador-21,Avaliador-26,8.751,6.829721362333333,8.135,8.0,9.0,7.5,7.5,,7.83,10.0,Fase 3,0,,Ametista,6.875,Ametista,
RA-466,Fase 3,3L,Aluno-466,2009,15,M,2022,Publica,2024,,,Agata,6.825507272727274,4.0,Avaliador-20,Avaliador-21,Avaliador-26,8.751,7.223245614,8.76,4.0,3.0,6.5,2.5,,7.665,5.0,Fase 4,-1,,Agata,7.5,Agata,
RA-414,Fase 3,3L,Aluno-414,2010,14,F,2021,Publica,2024,,Agata,Ametista,7.284286390189521,4.0,Avaliador-20,Avaliador-21,Avaliador-26,7.917,8.429629629666666,7.51,6.0,9.0,3.0,6.0,,5.67,10.0,Fase 3,0,,Ametista,6.25,Ametista,
RA-401,Fase 3,3L,Aluno-401,2010,14,F,2021,Publica,2024,,Quartzo,Agata,6.64462715942029,4.0,Avaliador-20,Avaliador-21,Avaliador-26,6.666,6.839473684333334,6.885,4.833333333333333,7.0,5.0,2.5,,6.915,10.0,Fase 3,0,,Agata,6.5625,Agata,
RA-1141,Fase 3,3L,Aluno-1141,2011,13,F,2023,Publica,2024,,,,,4.0,Avaliador-20,Avaliador-21,Avaliador-26,9.585,6.191537667666666,7.51,4.166666666666667,5.0,4.5,3.0,,6.7825,10.0,Fase 3,0,,Ametista,6.5625,Agata,
RA-592,Fase 3,3L,Aluno-592,2012,12,F,2021,Privada,2024,Ametista,Ametista,Ametista,7.381391333333333,4.0,Avaliador-20,Avaliador-21,Avaliador-26,7.917,6.108152734666667,2.51,7.833333333333333,7.0,8.0,8.5,,7.625,10.0,Fase 2,1,,Ametista,7.65625,Ametista,
RA-474,Fase 3,3L,Aluno-474,2009,15,M,2021,Publica,2024,Ametista,Ametista,Agata,6.445832675903806,4.0,Avaliador-20,Avaliador-21,Avaliador-26,9.168,5.818518518666667,7.51,3.0,4.0,3.0,2.0,,6.8725,5.0,Fase 4,-1,,Quartzo,7.1875,Agata,
RA-602,Fase 3,3L,Aluno-602,2011,13,M,2021,Publica,2024,Ametista,Ametista,Ametista,8.040676603174603,4.0,Avaliador-20,Avaliador-21,Avaliador-26,9.585,9.670588235333334,7.51,7.333333333333333,9.0,5.0,8.0,,8.545,10.0,Fase 3,0,,Topazio,8.28125,Topazio,
RA-666,Fase 3,3L,Aluno-666,2012,12,M,2022,Publica,2024,,,Ametista,7.928601818181819,4.0,Avaliador-20,Avaliador-21,Avaliador-26,10.002,7.881527348,7.51,7.166666666666667,10.0,5.5,6.0,,8.375,10.0,Fase 3,0,,Topazio,7.5,Topazio,
RA-604,Fase 3,3L,Aluno-604,2012,12,F,2021,Publica,2024,,Ametista,Ametista,8.018089853232116,4.0,Avaliador-20,Avaliador-21,Avaliador-26,8.334,7.5029927763333335,8.13,7.0,8.0,5.5,7.5,,6.21,10.0,Fase 2,1,,Topazio,6.40625,Ametista,
RA-476,Fase 3,3L,Aluno-476,2010,14,F,2021,Publica,2024,Agata,Ametista,Agata,6.930756190476192,4.0,Avaliador-20,Avaliador-21,Avaliador-26,7.917,6.5964912280000005,7.51,4.5,7.0,4.0,2.5,,6.745,10.0,Fase 3,0,,Agata,6.25,Agata,
RA-423,Fase 3,3L,Aluno-423,2010,14,F,2022,Publica,2024,,,Agata,6.646760592592592,4.0,Avaliador-20,Avaliador-21,Avaliador-26,5.833,6.501135191,8.13,4.333333333333333,6.0,3.5,3.5,,6.8275,10.0,Fase 3,0,,Agata,6.875,Agata,
RA-631,Fase 3,3L,Aluno-631,2010,14,M,2022,Publica,2024,,,Agata,6.927631024851692,4.0,Avaliador-20,Avaliador-21,Avaliador-26,8.334,7.2122004356666665,8.75,4.166666666666667,7.0,3.5,2.0,,6.245,10.0,Fase 3,0,,Quartzo,5.625,Agata,
RA-658,Fase 3,3M,Aluno-658,2012,12,F,2022,Publica,2024,,,Ametista,7.406743477025898,5.0,Avaliador-20,Avaliador-21,Avaliador-17,8.751,10.0,8.135,3.6666666666666665,5.5,2.5,3.0,,6.738,10.0,Fase 2,1,,Topazio,7.375,Ametista,
RA-1540,Fase 3,3M,Aluno-1540,2010,14,F,2024,Publica,2024,,,,,5.0,Avaliador-20,Avaliador-21,Avaliador-17,8.334,5.0,7.51,2.6666666666666665,2.0,2.0,4.0,,6.83,5.0,Fase 4,-1,,,7.125,Quartzo,
RA-1541,Fase 3,3M,Aluno-1541,2011,13,M,2024,Publica,2024,,,,,5.0,Avaliador-20,Avaliador-21,Avaliador-17,9.168,8.633333333333333,6.88,8.166666666666666,9.0,7.0,8.5,,7.736,10.0,Fase 3,0,,,8.25,Topazio,
RA-1114,Fase 3,3M,Aluno-1114,2011,12,F,2023,Publica,2024,,,,,5.0,Avaliador-20,Avaliador-21,Avaliador-17,8.751,9.533333333333333,2.51,5.0,5.0,3.0,7.0,,7.836,10.0,Fase 3,0,,Ametista,8.375,Ametista,
RA-662,Fase 3,3M,Aluno-662,2011,13,F,2022,Publica,2024,,,Ametista,7.044440865959365,5.0,Avaliador-20,Avaliador-21,Avaliador-17,7.917,7.6107226106666666,7.51,4.166666666666667,4.5,5.0,3.0,,7.234,10.0,Fase 3,0,,Agata,7.625,Ametista,
RA-760,Fase 3,3M,Aluno-760,2011,13,M,2021,Publica,2024,,Ametista,Topazio,8.172164185520362,5.0,Avaliador-20,Avaliador-21,Avaliador-17,9.168,7.090909091,7.51,5.0,2.5,3.5,9.0,,6.158,10.0,Fase 3,0,,Agata,6.25,Agata,
RA-1542,Fase 3,3M,Aluno-1542,2008,16,F,2024,Publica,2024,,,,,5.0,Avaliador-20,Avaliador-21,Avaliador-17,7.501,6.304873294333333,8.135,3.1666666666666665,1.0,3.5,5.0,,6.966,5.0,Fase 5,-2,,,7.375,Agata,
RA-404,Fase 3,3M,Aluno-404,2010,14,F,2021,Publica,2024,Ametista,Agata,Agata,6.658016026362202,5.0,Avaliador-20,Avaliador-21,Avaliador-17,8.334,6.286274509666666,2.51,5.666666666666667,6.0,5.0,6.0,,6.998,10.0,Fase 3,0,,Agata,7.5,Agata,
RA-1119,Fase 3,3M,Aluno-1119,2010,14,F,2023,Publica,2024,,,,,5.0,Avaliador-20,Avaliador-21,Avaliador-17,9.585,8.716666666666667,7.51,5.666666666666667,6.0,3.5,7.5,,7.698,5.0,Fase 4,-1,,Ametista,7.625,Ametista,
RA-1116,Fase 3,3M,Aluno-1116,2009,15,M,2023,Publica,2024,,,,,5.0,Avaliador-20,Avaliador-21,Avaliador-17,0.0,3.3555555556666667,6.26,2.3333333333333335,1.0,3.0,3.0,,5.066,5.0,Fase 4,-1,,Agata,5.125,Quartzo,
RA-667,Fase 3,3M,Aluno-667,2011,13,M,2021,Publica,2024,,Ametista,Quartzo,5.84372876673568,5.0,Avaliador-20,Avaliador-21,Avaliador-17,9.168,7.038986354666666,7.51,4.666666666666667,5.5,4.5,4.0,,6.966,10.0,Fase 3,0,,Agata,7.75,Ametista,
RA-605,Fase 3,3M,Aluno-605,2010,13,F,2021,Publica,2024,,Ametista,Ametista,7.276307053600185,5.0,Avaliador-20,Avaliador-21,Avaliador-17,7.5,6.194444444333333,6.885,2.6666666666666665,1.5,3.5,3.0,,5.534,10.0,Fase 3,0,,Ametista,7.0,Agata,
RA-1543,Fase 3,3M,Aluno-1543,2010,14,M,2024,Publica,2024,,,,,5.0,Avaliador-20,Avaliador-21,Avaliador-17,7.5,8.076923077,7.51,5.0,6.0,4.0,,,7.066,5.0,Fase 4,-1,,,7.25,Agata,
RA-1118,Fase 3,3M,Aluno-1118,2010,14,F,2023,Publica,2024,,,,,5.0,Avaliador-20,Avaliador-21,Avaliador-17,7.084,7.846439628666666,9.38,3.8333333333333335,3.0,4.5,4.0,,6.866,10.0,Fase 3,0,,Ametista,6.75,Ametista,
RA-1544,Fase 3,3M,Aluno-1544,2010,14,F,2024,Publica,2024,,,,,5.0,Avaliador-20,Avaliador-21,Avaliador-17,8.334,8.674509804,6.885,5.833333333333333,5.5,5.5,6.5,,6.598,5.0,Fase 4,-1,,,6.625,Agata,
RA-1545,Fase 3,3N,Aluno-1545,2012,12,F,2024,Publica,2024,,,,,2.0,Avaliador-21,Avaliador-23,,7.501,6.210826211,8.13,8.166666666666666,8.0,6.5,10.0,,6.165,10.0,Fase 3,0,,,6.25,Ametista,
RA-1127,Fase 3,3N,Aluno-1127,2012,12,F,2023,Publica,2024,,,,,2.0,Avaliador-21,Avaliador-23,,9.168,10.0,7.51,5.833333333333333,8.5,4.5,4.5,,7.67,10.0,Fase 3,0,,Topazio,8.125,Topazio,
RA-1129,Fase 3,3N,Aluno-1129,2012,12,M,2023,Publica,2024,,,,,2.0,Avaliador-21,Avaliador-23,,9.168,7.137254902,8.13,6.833333333333333,9.0,5.5,6.0,,5.745,10.0,Fase 3,0,,Ametista,6.875,Ametista,
RA-1546,Fase 3,3N,Aluno-1546,2010,14,M,2024,Publica,2024,,,,,2.0,Avaliador-21,Avaliador-23,,8.334,6.374643874666667,8.75,4.666666666666667,5.0,3.0,6.0,,6.17,10.0,Fase 3,0,,,7.5,Agata,
RA-1130,Fase 3,3N,Aluno-1130,2012,12,M,2023,Publica,2024,,,,,2.0,Avaliador-21,Avaliador-23,,8.751,6.278431372666667,8.13,4.333333333333333,7.5,3.5,2.0,,5.33,10.0,Fase 3,0,,Topazio,6.875,Agata,
RA-1168,Fase 3,3N,Aluno-1168,2010,14,F,2023,Publica,2024,,,,,2.0,Avaliador-21,Avaliador-23,,9.585,7.682352941333334,7.51,5.666666666666667,8.5,3.5,5.0,,6.33,5.0,Fase 4,-1,,Quartzo,7.1875,Agata,
RA-613,Fase 3,3N,Aluno-613,2009,15,M,2021,Publica,2024,Ametista,Ametista,Topazio,8.12134394356261,2.0,Avaliador-21,Avaliador-23,,8.334,9.566666666666666,7.51,7.333333333333333,8.0,6.0,8.0,,6.25,5.0,Fase 4,-1,,Agata,6.875,Ametista,
RA-433,Fase 3,3N,Aluno-433,2010,14,M,2022,Publica,2024,,,Quartzo,5.557438118548119,2.0,Avaliador-21,Avaliador-23,,7.918,8.380952381,8.13,4.833333333333333,6.5,4.0,4.0,,6.415,10.0,Fase 3,0,,Agata,6.875,Ametista,
RA-1547,Fase 3,3N,Aluno-1547,2009,14,F,2024,Publica,2024,,,,,2.0,Avaliador-21,Avaliador-23,,7.917,6.467236467333334,8.13,6.666666666666667,9.5,6.0,4.5,,6.335,5.0,Fase 4,-1,,,7.5,Agata,
RA-1548,Fase 3,3N,Aluno-1548,2011,13,F,2024,Publica,2024,,,,,2.0,Avaliador-21,Avaliador-23,,8.334,5.2421652420000004,7.51,4.833333333333333,9.0,4.5,1.0,,5.665,10.0,Fase 3,0,,,7.5,Agata,
RA-304,Fase 3,3N,Aluno-304,2007,16,M,2021,Publica,2024,Ametista,Agata,Agata,6.355207500000001,2.0,Avaliador-21,Avaliador-23,,10.002,7.826890756333333,7.51,7.166666666666667,9.0,5.5,7.0,,5.825,2.5,Fase 6,-3,,Agata,6.875,Agata,
RA-1549,Fase 3,3N,Aluno-1549,2009,15,M,2024,Publica,2024,,,,,2.0,Avaliador-21,Avaliador-23,,9.585,7.441394335666668,7.51,4.166666666666667,5.5,3.0,4.0,,6.325,5.0,Fase 5,-2,,,7.1875,Agata,
RA-632,Fase 3,3P,Aluno-632,2012,12,F,2022,Publica,2024,,,Agata,6.995504201058202,4.0,Avaliador-21,Avaliador-23,Avaliador-5,7.917,8.999164578333334,6.875,4.166666666666667,0.0,6.0,6.5,,7.875,10.0,Fase 3,0,,Ametista,8.28125,Ametista,
RA-633,Fase 3,3P,Aluno-633,2011,13,F,2021,Publica,2024,Ametista,Agata,Ametista,7.475860455026456,4.0,Avaliador-21,Avaliador-23,Avaliador-5,4.584,4.707017544,2.51,3.3333333333333335,4.0,6.0,0.0,,6.1175,10.0,Fase 3,0,,Agata,6.875,Quartzo,
RA-1137,Fase 3,3P,Aluno-1137,2013,11,F,2023,Publica,2024,,,,,4.0,Avaliador-21,Avaliador-23,Avaliador-5,8.334,7.588638262333333,8.13,3.5,1.0,4.5,5.0,,7.4575,10.0,Fase 2,1,,Topazio,8.28125,Ametista,
RA-646,Fase 3,3P,Aluno-646,2009,14,M,2021,Publica,2024,Ametista,Ametista,Topazio,8.18081096969697,4.0,Avaliador-21,Avaliador-23,Avaliador-5,10.002,9.266666666666667,7.51,6.166666666666667,9.0,4.5,5.0,,7.7475,5.0,Fase 4,-1,,Topazio,8.28125,Ametista,
RA-1550,Fase 3,3P,Aluno-1550,2009,15,M,2024,Publica,2024,,,,,4.0,Avaliador-21,Avaliador-23,Avaliador-5,9.585,5.222222222,7.51,4.333333333333333,5.0,3.0,5.0,,6.2025,5.0,Fase 4,-1,,,7.03125,Agata,
RA-1139,Fase 3,3P,Aluno-1139,2012,12,M,2023,Publica,2024,,,,,4.0,Avaliador-21,Avaliador-23,Avaliador-5,8.334,6.152715121333333,7.51,4.666666666666667,5.0,3.0,6.0,,7.04,10.0,Fase 2,1,,Ametista,7.5,Agata,
RA-444,Fase 3,3P,Aluno-444,2009,14,M,2021,Publica,2024,Agata,Ametista,Agata,6.664746446689114,4.0,Avaliador-21,Avaliador-23,Avaliador-5,8.334,6.377276524666667,2.51,3.6666666666666665,2.0,5.0,4.0,,5.96,5.0,Fase 4,-1,,Quartzo,6.25,Quartzo,
RA-445,Fase 3,3P,Aluno-445,2010,14,M,2022,Publica,2024,,,Agata,6.923613111111111,4.0,Avaliador-21,Avaliador-23,Avaliador-5,7.917,8.715873016,7.51,4.0,3.0,6.0,3.0,,7.3725,10.0,Fase 3,0,,Ametista,7.8125,Ametista,
RA-639,Fase 3,3P,Aluno-639,2012,12,F,2021,Publica,2024,,Ametista,Agata,6.613163153439154,4.0,Avaliador-21,Avaliador-23,Avaliador-5,7.917,5.278195488666667,2.51,3.8333333333333335,1.0,4.5,6.0,,6.1625,10.0,Fase 3,0,,Ametista,6.71875,Quartzo,
RA-1142,Fase 3,3P,Aluno-1142,2012,12,F,2023,Publica,2024,,,,,4.0,Avaliador-21,Avaliador-23,Avaliador-5,8.334,9.133333333333333,7.51,8.5,10.0,8.0,7.5,,7.335,10.0,Fase 3,0,,Topazio,8.125,Topazio,
RA-1551,Fase 3,3P,Aluno-1551,2009,15,M,2024,Publica,2024,,,,,4.0,Avaliador-21,Avaliador-23,Avaliador-5,9.585,4.7710437709999995,7.51,3.5,1.0,5.5,4.0,,6.79,5.0,Fase 5,-2,,,7.5,Quartzo,
RA-458,Fase 3,3P,Aluno-458,2009,15,M,2021,Publica,2024,Ametista,Quartzo,Agata,6.511662330532213,4.0,Avaliador-21,Avaliador-23,Avaliador-5,8.751,3.7396825396666666,6.88,4.0,3.0,4.0,5.0,,6.83,5.0,Fase 4,-1,,Agata,7.03125,Quartzo,
RA-1552,Fase 3,3P,Aluno-1552,2011,13,M,2024,Publica,2024,,,,,4.0,Avaliador-21,Avaliador-23,Avaliador-5,9.585,9.743589743666666,7.51,3.1666666666666665,1.0,4.5,4.0,,7.165,10.0,Fase 3,0,,,7.1875,Ametista,
RA-1170,Fase 3,3P,Aluno-1170,2009,15,M,2023,Publica,2024,,,,,4.0,Avaliador-21,Avaliador-23,Avaliador-5,9.168,5.565079365,8.13,3.5,1.0,2.5,7.0,,6.7475,5.0,Fase 5,-2,,Agata,7.03125,Agata,
RA-642,Fase 3,3P,Aluno-642,2012,12,F,2021,Publica,2024,,Topazio,Ametista,7.750398603174604,4.0,Avaliador-21,Avaliador-23,Avaliador-5,9.585,9.149206349333333,3.76,4.0,2.0,5.0,5.0,,6.9975,10.0,Fase 3,0,,Topazio,7.1875,Ametista,
RA-1553,Fase 3,3R,Aluno-1553,2011,13,M,2024,Publica,2024,,,,,3.0,Avaliador-20,Avaliador-21,Avaliador-23,8.334,9.003921568666668,7.51,4.333333333333333,6.0,5.0,2.0,,7.78,10.0,Fase 3,0,,,8.333333333,Ametista,
RA-1554,Fase 3,3R,Aluno-1554,2009,15,M,2024,Publica,2024,,,,,3.0,Avaliador-20,Avaliador-21,Avaliador-23,6.666,9.629629629666667,8.76,4.0,3.0,,5.0,,7.22,5.0,Fase 5,-2,,,7.291666667,Agata,
RA-649,Fase 3,3R,Aluno-649,2010,14,F,2021,Publica,2024,Agata,Ametista,Ametista,7.301750696192697,3.0,Avaliador-20,Avaliador-21,Avaliador-23,8.751,6.004481792666667,8.76,3.6666666666666665,5.5,4.0,1.5,,7.333333333,10.0,Fase 3,0,,Ametista,8.333333333,Agata,
RA-1136,Fase 3,3R,Aluno-1136,2009,14,F,2023,Publica,2024,,,,,3.0,Avaliador-20,Avaliador-21,Avaliador-23,8.751,4.547899159666667,8.135,1.6666666666666667,1.0,2.0,2.0,,6.383333333,5.0,Fase 4,-1,,Agata,7.5,Quartzo,
RA-653,Fase 3,3R,Aluno-653,2011,13,F,2022,Publica,2024,,,Topazio,8.100927925925927,3.0,Avaliador-20,Avaliador-21,Avaliador-23,8.751,9.537254901999999,8.76,5.166666666666667,6.5,4.5,4.5,,7.89,10.0,Fase 3,0,,Ametista,8.333333333,Topazio,
RA-456,Fase 3,3R,Aluno-456,2010,13,F,2022,Publica,2024,,,Ametista,7.192527343915344,3.0,Avaliador-20,Avaliador-21,Avaliador-23,7.083,9.382456140333334,7.51,6.5,9.0,6.0,4.5,,8.893333333,10.0,Fase 3,0,,Ametista,9.166666667,Topazio,
RA-655,Fase 3,3R,Aluno-655,2010,14,F,2021,Publica,2024,Ametista,Ametista,Ametista,7.7853369992229995,3.0,Avaliador-20,Avaliador-21,Avaliador-23,7.501,10.0,8.76,6.833333333333333,8.0,4.0,8.5,,7.166666667,10.0,Fase 3,0,,Topazio,8.125,Topazio,
RA-656,Fase 3,3R,Aluno-656,2011,13,F,2021,Publica,2024,Topazio,Ametista,Agata,6.65156698989899,3.0,Avaliador-20,Avaliador-21,Avaliador-23,9.168,5.978431372666667,7.51,4.166666666666667,5.0,3.5,4.0,,6.106666667,10.0,Fase 3,0,,Agata,7.5,Agata,
RA-657,Fase 3,3R,Aluno-657,2010,13,F,2021,Publica,2024,,Ametista,Topazio,8.093255968253969,3.0,Avaliador-20,Avaliador-21,Avaliador-23,8.751,9.6,6.885,7.5,8.0,4.5,10.0,,7.056666667,10.0,Fase 3,0,,Topazio,8.125,Topazio,
RA-1555,Fase 3,3R,Aluno-1555,2011,13,M,2024,Publica,2024,,,,,3.0,Avaliador-20,Avaliador-21,Avaliador-23,8.334,10.0,6.255,3.0,9.0,0.0,0.0,,8.056666667,10.0,Fase 3,0,,,8.125,Ametista,
RA-461,Fase 3,3R,Aluno-461,2010,13,F,2021,Publica,2024,Ametista,Ametista,Quartzo,5.451260674038036,3.0,Avaliador-20,Avaliador-21,Avaliador-23,8.751,9.182446312,7.51,4.5,3.0,4.5,6.0,,7.056666667,10.0,Fase 3,0,,Ametista,7.708333333,Ametista,
RA-398,Fase 3,3U,Aluno-398,2012,12,F,2022,Publica,2024,,,Ametista,7.741668666666667,3.0,Avaliador-21,Avaliador-23,Avaliador-20,7.083,5.733333333333333,7.51,8.0,8.5,7.5,8.0,,6.553333333,10.0,Fase 3,0,,Ametista,7.291666667,Ametista,
RA-586,Fase 3,3U,Aluno-586,2012,11,F,2021,Bolsista,2024,,Topazio,Ametista,7.987503111111112,3.0,Avaliador-21,Avaliador-23,Avaliador-20,9.168,9.241269841333333,7.51,8.5,7.5,8.0,10.0,,8.056666667,10.0,Fase 2,1,,Topazio,8.75,Topazio,
RA-623,Fase 3,3U,Aluno-623,2009,15,M,2022,Publica,2024,,,Ametista,7.523833791887125,3.0,Avaliador-21,Avaliador-23,Avaliador-20,8.334,7.3999999999999995,6.885,4.0,3.5,2.5,6.0,,7.05,5.0,Fase 4,-1,,Ametista,6.458333333,Agata,
RA-588,Fase 3,3U,Aluno-588,2013,11,F,2021,Bolsista,2024,,Topazio,Topazio,8.622225333333333,3.0,Avaliador-21,Avaliador-23,Avaliador-20,9.168,9.833333333333334,7.51,7.833333333333333,8.5,8.0,7.0,,8.0,10.0,Fase 2,1,,Topazio,8.75,Topazio,
RA-626,Fase 3,3U,Aluno-626,2011,13,M,2021,Publica,2024,,Agata,Quartzo,5.818056666666667,3.0,Avaliador-21,Avaliador-23,Avaliador-20,9.585,3.380451127666667,6.885,5.333333333333333,5.5,3.5,7.0,,6.443333333,10.0,Fase 3,0,,Ametista,7.291666667,Agata,
RA-1556,Fase 3,3U,Aluno-1556,2010,14,M,2024,Publica,2024,,,,,3.0,Avaliador-21,Avaliador-23,Avaliador-20,7.917,5.222222222333333,7.51,4.0,3.5,,4.5,,7.44,10.0,Fase 3,0,,,7.916666667,Agata,
RA-455,Fase 3,3U,Aluno-455,2010,14,F,2022,Publica,2024,,,Agata,6.875668240944242,3.0,Avaliador-21,Avaliador-23,Avaliador-20,8.751,6.111111111,8.13,4.5,3.0,6.5,4.0,,7.276666667,10.0,Fase 3,0,,,8.333333333,Ametista,
RA-614,Fase 3,3U,Aluno-614,2010,14,M,2021,Publica,2024,,Topazio,Topazio,8.339199975308643,3.0,Avaliador-21,Avaliador-23,Avaliador-20,9.585,9.700000000000001,7.51,6.833333333333333,8.0,4.5,8.0,,7.603333333,5.0,Fase 4,-1,,Topazio,7.916666667,Ametista,
RA-434,Fase 3,3U,Aluno-434,2011,13,M,2022,Publica,2024,,,Ametista,7.403129618406286,3.0,Avaliador-21,Avaliador-23,Avaliador-20,7.084,5.061904762,7.51,5.5,5.5,5.5,5.5,,6.55,10.0,Fase 3,0,,Ametista,7.291666667,Agata,
RA-603,Fase 3,3U,Aluno-603,2011,12,M,2022,Publica,2024,,,Ametista,7.779763904761905,3.0,Avaliador-21,Avaliador-23,Avaliador-20,9.585,7.155555555666666,6.885,4.666666666666667,4.5,5.5,4.0,,6.216666667,10.0,Fase 3,0,,Agata,6.875,Agata,
RA-1133,Fase 3,3U,Aluno-1133,2013,11,F,2023,Publica,2024,,,,,4.0,Avaliador-20,Avaliador-21,Avaliador-26,9.168,9.841269841333334,8.75,4.5,5.0,3.5,5.0,,8.83,10.0,Fase 2,1,,Topazio,8.125,Topazio,
RA-616,Fase 3,3U,Aluno-616,2010,14,M,2021,Publica,2024,Agata,Ametista,Ametista,7.303241851851853,3.0,Avaliador-21,Avaliador-23,Avaliador-20,7.5,3.087719298333333,6.885,3.8333333333333335,3.0,3.5,5.0,,4.946666667,10.0,Fase 3,0,,Quartzo,6.458333333,Quartzo,
RA-1134,Fase 3,3U,Aluno-1134,2011,12,M,2023,Publica,2024,,,,,3.0,Avaliador-21,Avaliador-23,Avaliador-20,8.751,8.914285714,7.51,6.0,6.0,5.5,6.5,,6.883333333,10.0,Fase 3,0,,Ametista,7.708333333,Ametista,
RA-1557,Fase 3,3U,Aluno-1557,2010,14,F,2024,Publica,2024,,,,,3.0,Avaliador-21,Avaliador-23,Avaliador-20,9.585,8.916666666666666,7.51,7.0,6.0,,8.0,,7.72,10.0,Fase 3,0,,,7.916666667,Topazio,
RA-670,Fase 3,3U,Aluno-670,2012,12,F,2022,Bolsista,2024,,,Ametista,7.451335164578111,3.0,Avaliador-21,Avaliador-23,Avaliador-20,9.585,9.441269841333334,7.51,8.666666666666666,9.0,7.0,10.0,,8.166666667,10.0,Fase 2,1,,Topazio,8.958333333,Topazio,
RA-620,Fase 3,3U,Aluno-620,2010,14,M,2021,Publica,2024,,Ametista,Agata,6.017619047619047,3.0,Avaliador-21,Avaliador-23,Avaliador-20,8.334,3.9841269843333333,7.51,2.5,3.5,2.5,1.5,,5.886666667,10.0,Fase 3,0,,Ametista,7.083333333,Quartzo,
RA-1149,Fase 4,4A,Aluno-1149,2009,15,F,2023,Publica,2024,,,,,5.0,Avaliador-21,Avaliador-23,Avaliador-26,8.334,10.0,10.0,6.0,2.0,6.0,10.0,,8.706,5.0,Fase 5,-1,,Ametista,8.625,Topazio,
RA-1558,Fase 4,4A,Aluno-1558,2008,16,M,2024,Publica,2024,,,,,5.0,Avaliador-21,Avaliador-23,Avaliador-26,9.168,8.705360238666666,8.755,5.5,5.0,5.5,6.0,,8.302,5.0,Fase 5,-1,,,8.5,Ametista,
RA-326,Fase 4,4A,Aluno-326,2010,14,F,2022,Privada,2024,,,Topazio,8.219954610229276,5.0,Avaliador-21,Avaliador-23,Avaliador-26,9.168,8.973112128333334,6.26,9.333333333333334,10.0,9.0,9.0,,8.704,10.0,Fase 3,1,,Topazio,8.875,Topazio,
RA-339,Fase 4,4A,Aluno-339,2011,13,F,2021,Publica,2024,Topazio,Ametista,Topazio,8.48808864197531,5.0,Avaliador-21,Avaliador-23,Avaliador-26,7.5,7.155537064000001,5.635,8.166666666666666,8.0,7.0,9.5,,7.668,10.0,Fase 3,1,,Ametista,8.0,Ametista,
RA-179,Fase 4,4A,Aluno-179,2010,13,M,2022,Privada,2024,,,Ametista,7.992900671071327,5.0,Avaliador-21,Avaliador-23,Avaliador-26,9.168,9.407894737,9.38,8.166666666666666,7.0,8.0,9.5,,8.44,10.0,Fase 3,1,,Topazio,8.75,Topazio,
RA-1559,Fase 4,4A,Aluno-1559,2009,15,F,2024,Publica,2024,,,,,5.0,Avaliador-21,Avaliador-23,Avaliador-26,7.917,5.2929755216666665,6.885,4.666666666666667,8.0,0.0,6.0,,7.604,5.0,Fase 5,-1,,,8.375,Agata,
RA-332,Fase 4,4A,Aluno-332,2009,15,M,2021,Bolsista,2024,Ametista,Ametista,Ametista,7.882917128747796,5.0,Avaliador-21,Avaliador-23,Avaliador-26,9.585,7.605358505000001,9.38,7.0,7.0,7.0,7.0,,8.706,10.0,Fase 3,1,,Topazio,8.625,Topazio,
RA-1560,Fase 4,4A,Aluno-1560,2010,14,F,2024,Privada,2024,,,,,5.0,Avaliador-21,Avaliador-23,Avaliador-26,9.168,9.206349206333334,5.635,8.166666666666666,6.0,8.5,10.0,,8.336,10.0,Fase 3,1,,,8.5,Topazio,
RA-1153,Fase 4,4A,Aluno-1153,2009,15,F,2021,Bolsista,2024,,,,,5.0,Avaliador-21,Avaliador-23,Avaliador-26,8.751,9.702380952333334,5.635,8.5,8.0,8.5,9.0,,9.074,5.0,Fase 5,-1,,Ametista,8.75,Topazio,
RA-183,Fase 4,4A,Aluno-183,2009,15,F,2022,Publica,2024,,,Ametista,7.3003789545454545,5.0,Avaliador-21,Avaliador-23,Avaliador-26,7.917,9.249011857666666,6.26,7.5,5.0,7.5,10.0,,8.372,10.0,Fase 4,0,,Ametista,8.25,Topazio,
RA-199,Fase 4,4A,Aluno-199,2009,15,M,2022,Privada,2024,,,Ametista,7.5636047979797985,5.0,Avaliador-21,Avaliador-23,Avaliador-26,8.334,7.554824561666667,6.88,7.166666666666667,5.0,9.0,7.5,,8.206,5.0,Fase 5,-1,,Ametista,8.125,Ametista,
RA-1561,Fase 4,4A,Aluno-1561,2008,16,M,2024,Publica,2024,,,,,5.0,Avaliador-21,Avaliador-23,Avaliador-26,9.585,9.174603174666666,5.0,9.0,8.5,8.5,10.0,,7.734,5.0,Fase 5,-1,,,8.0,Ametista,
RA-336,Fase 4,4A,Aluno-336,2009,15,M,2021,Publica,2024,Ametista,Agata,Agata,6.787123434343435,5.0,Avaliador-21,Avaliador-23,Avaliador-26,7.5,5.512100409000001,6.26,5.833333333333333,6.0,6.5,5.0,,7.196,10.0,Fase 4,0,,Quartzo,7.5,Agata,
RA-347,Fase 4,4A,Aluno-347,2010,14,F,2021,Publica,2024,Topazio,Ametista,Ametista,7.908336,5.0,Avaliador-21,Avaliador-23,Avaliador-26,8.751,9.673046251999999,6.885,7.666666666666667,6.5,7.5,9.0,,7.766,10.0,Fase 3,1,,Ametista,8.0,Topazio,
RA-397,Fase 4,4A,Aluno-397,2008,16,F,2021,Publica,2024,Quartzo,Quartzo,Quartzo,5.8522472498487605,5.0,Avaliador-21,Avaliador-23,Avaliador-26,7.918,7.885292942666666,5.63,5.666666666666667,5.0,4.5,7.5,,7.398,5.0,Fase 6,-2,,Agata,7.625,Agata,
RA-338,Fase 4,4B,Aluno-338,2010,14,M,2021,Publica,2024,Ametista,Ametista,Agata,6.837216877492878,4.0,Avaliador-22,Avaliador-26,Avaliador-1,9.168,7.441643324,7.51,6.833333333333333,5.0,8.0,7.5,,8.8375,10.0,Fase 4,0,,Topazio,7.625,Topazio,
RA-392,Fase 4,4B,Aluno-392,2008,16,M,2022,Publica,2024,,,Agata,6.417875178463399,4.0,Avaliador-22,Avaliador-26,Avaliador-1,9.585,5.414731682,5.635,1.0,0.0,2.0,1.0,,3.545,5.0,Fase 5,-1,,Agata,3.5,Quartzo,
RA-352,Fase 4,4B,Aluno-352,2011,13,M,2021,Publica,2024,Ametista,Ametista,Ametista,7.834006201914523,4.0,Avaliador-22,Avaliador-26,Avaliador-1,8.334,4.453748006333333,6.26,3.1666666666666665,2.0,5.5,2.0,,6.7925,10.0,Fase 3,1,,Ametista,6.375,Quartzo,
RA-1562,Fase 4,4B,Aluno-1562,2008,16,F,2024,Publica,2024,,,,,4.0,Avaliador-22,Avaliador-26,Avaliador-1,6.25,8.666666666666666,5.01,0.5,0.5,,,,6.8725,5.0,Fase 6,-2,,,6.25,Quartzo,
RA-367,Fase 4,4B,Aluno-367,2010,13,F,2021,Publica,2024,Topazio,Ametista,Agata,6.950124578570855,4.0,Avaliador-22,Avaliador-26,Avaliador-1,9.168,7.268170426,6.26,5.0,2.0,5.5,7.5,,7.6275,10.0,Fase 3,1,,Ametista,6.875,Ametista,
RA-1563,Fase 4,4B,Aluno-1563,2009,15,F,2024,Publica,2024,,,,,4.0,Avaliador-22,Avaliador-26,Avaliador-1,8.751,8.305555555666666,7.51,7.0,5.0,7.5,8.5,,8.46,5.0,Fase 5,-1,,,7.25,Ametista,
RA-1564,Fase 4,4B,Aluno-1564,2009,15,M,2024,Publica,2024,,,,,4.0,Avaliador-22,Avaliador-26,Avaliador-1,8.334,4.942067736333334,6.885,2.1666666666666665,1.0,3.5,2.0,,5.2875,5.0,Fase 5,-1,,,5.75,Quartzo,
RA-1565,Fase 4,4B,Aluno-1565,2008,16,M,2024,Publica,2024,,,,,4.0,Avaliador-22,Avaliador-26,Avaliador-1,0.0,8.102240896333333,7.51,5.5,7.0,3.0,6.5,,6.0375,5.0,Fase 5,-1,,,6.375,Quartzo,
RA-1566,Fase 4,4B,Aluno-1566,2007,17,F,2024,Publica,2024,,,,,4.0,Avaliador-22,Avaliador-26,Avaliador-1,9.168,9.247219355666667,7.51,6.5,3.0,8.0,8.5,,8.335,5.0,Fase 6,-2,,,7.75,Ametista,
RA-1567,Fase 4,4B,Aluno-1567,2008,16,F,2024,Publica,2024,,,,,4.0,Avaliador-22,Avaliador-26,Avaliador-1,8.334,8.771043771,7.51,8.166666666666666,5.0,9.5,10.0,,8.335,5.0,Fase 6,-2,,,7.75,Ametista,
RA-356,Fase 4,4B,Aluno-356,2010,14,M,2021,Publica,2024,Topazio,Topazio,Agata,6.689521871961853,4.0,Avaliador-22,Avaliador-26,Avaliador-1,8.334,6.656346749333334,5.635,5.333333333333333,1.0,7.0,8.0,,6.5375,10.0,Fase 3,1,,Agata,5.25,Agata,
RA-1568,Fase 4,4B,Aluno-1568,2009,15,F,2024,Publica,2024,,,,,4.0,Avaliador-22,Avaliador-26,Avaliador-1,9.168,7.493464052333334,7.51,8.166666666666666,7.5,7.5,9.5,,8.5025,5.0,Fase 5,-1,,,8.0,Ametista,
RA-247,Fase 4,4B,Aluno-247,2009,14,F,2021,Publica,2024,,Agata,Ametista,7.720170621212121,4.0,Avaliador-22,Avaliador-26,Avaliador-1,0.0,8.306595365666666,6.26,4.333333333333333,0.0,5.0,8.0,,8.5875,10.0,Fase 4,0,,Ametista,7.75,Agata,
RA-204,Fase 4,4B,Aluno-204,2009,15,F,2021,Publica,2024,Ametista,Ametista,Agata,6.943054722222223,4.0,Avaliador-22,Avaliador-26,Avaliador-1,9.168,6.827094474333333,6.26,7.5,5.0,7.5,10.0,,8.5875,10.0,Fase 4,0,,Ametista,7.125,Ametista,
RA-1569,Fase 4,4B,Aluno-1569,2007,17,F,2024,Publica,2024,,,,,4.0,Avaliador-22,Avaliador-26,Avaliador-1,6.666,7.111111111333334,6.26,2.1666666666666665,2.0,3.0,1.5,,6.9175,5.0,Fase 6,-2,,,6.875,Quartzo,
RA-1570,Fase 4,4B,Aluno-1570,2008,16,F,2024,Publica,2024,,,,,4.0,Avaliador-22,Avaliador-26,Avaliador-1,9.585,7.542087542,7.51,8.333333333333334,6.5,9.0,9.5,,8.6725,5.0,Fase 5,-1,,,7.75,Ametista,
RA-1571,Fase 4,4B,Aluno-1571,2008,16,M,2024,Publica,2024,,,,,4.0,Avaliador-22,Avaliador-26,Avaliador-1,8.334,9.111111111333335,5.005,5.666666666666667,5.0,6.0,6.0,,8.545,5.0,Fase 5,-1,,,7.5,Ametista,
RA-1572,Fase 4,4C,Aluno-1572,2009,15,F,2024,Publica,2024,,,,,3.0,Avaliador-21,Avaliador-20,Avaliador-26,9.168,9.841269841333334,7.51,7.5,7.5,6.5,8.5,,8.393333333,5.0,Fase 5,-1,,,7.65625,Topazio,
RA-1150,Fase 4,4C,Aluno-1150,2007,17,M,2023,Publica,2024,,,,,3.0,Avaliador-21,Avaliador-20,Avaliador-26,8.334,6.481481481666667,7.51,6.833333333333333,4.0,6.5,10.0,,7.946666667,5.0,Fase 6,-2,,Ametista,7.65625,Ametista,
RA-1573,Fase 4,4C,Aluno-1573,2008,16,M,2024,Publica,2024,,,,,3.0,Avaliador-21,Avaliador-20,Avaliador-26,9.168,6.120448179333334,6.26,5.0,0.0,6.0,9.0,,8.556666667,5.0,Fase 5,-1,,,7.65625,Agata,
RA-1574,Fase 4,4C,Aluno-1574,2008,16,F,2024,Publica,2024,,,,,3.0,Avaliador-21,Avaliador-20,Avaliador-26,8.751,8.399470899666667,7.51,7.333333333333333,7.0,6.0,9.0,,8.616666667,5.0,Fase 5,-1,,,7.8125,Ametista,
RA-1151,Fase 4,4C,Aluno-1151,2011,13,F,2023,Publica,2024,,,,,3.0,Avaliador-21,Avaliador-20,Avaliador-26,7.5,9.722222222333334,5.635,9.0,9.0,8.0,10.0,,9.393333333,10.0,Fase 3,1,,Ametista,8.125,Topazio,
RA-1575,Fase 4,4C,Aluno-1575,2008,16,F,2024,Publica,2024,,,,,3.0,Avaliador-21,Avaliador-20,Avaliador-26,9.168,8.624338624,6.885,5.333333333333333,0.0,7.5,8.5,,8.28,5.0,Fase 5,-1,,,7.65625,Ametista,
RA-1081,Fase 4,4C,Aluno-1081,2009,15,F,2023,Bolsista,2024,,,,,3.0,Avaliador-21,Avaliador-23,Avaliador-17,6.667,9.523809523666666,5.005,8.833333333333334,9.5,8.0,9.0,,8.95,10.0,Fase 4,0,,Ametista,9.166666667,Topazio,
RA-342,Fase 4,4C,Aluno-342,2008,16,F,2021,Publica,2024,,Quartzo,Agata,6.940909599240267,3.0,Avaliador-21,Avaliador-20,Avaliador-26,8.751,7.728174603333334,6.26,4.5,6.5,7.0,0.0,,7.723333333,5.0,Fase 5,-1,,Ametista,7.65625,Agata,
RA-1576,Fase 4,4C,Aluno-1576,2008,16,F,2024,Publica,2024,,,,,3.0,Avaliador-21,Avaliador-20,Avaliador-26,8.334,9.523809523666666,5.635,6.666666666666667,7.5,4.5,8.0,,8.44,5.0,Fase 5,-1,,,6.40625,Ametista,
RA-187,Fase 4,4C,Aluno-187,2010,14,F,2021,Bolsista,2024,Ametista,Topazio,Ametista,7.928183035966957,3.0,Avaliador-21,Avaliador-20,Avaliador-26,8.751,9.537037037,5.635,7.833333333333333,7.5,7.0,9.0,,9.06,10.0,Fase 4,0,,Ametista,8.4375,Topazio,
RA-359,Fase 4,4C,Aluno-359,2010,14,F,2021,Publica,2024,Ametista,Agata,Agata,6.605761359666916,3.0,Avaliador-21,Avaliador-20,Avaliador-26,9.168,7.162698412666667,6.26,5.5,4.0,4.5,8.0,,8.333333333,10.0,Fase 3,1,,Ametista,7.5,Ametista,
RA-1577,Fase 4,4C,Aluno-1577,2008,16,M,2024,Publica,2024,,,,,3.0,Avaliador-21,Avaliador-20,Avaliador-26,10.002,4.993386243333333,7.51,4.333333333333333,4.0,7.0,2.0,,7.273333333,5.0,Fase 5,-1,,,7.34375,Agata,
RA-236,Fase 4,4F,Aluno-236,2010,14,F,2022,Publica,2024,,,Ametista,7.110494326118326,5.0,Avaliador-22,Avaliador-17,Avaliador-1,9.168,7.890668700666666,6.26,4.5,1.5,4.0,8.0,,6.362,10.0,Fase 4,0,,Ametista,6.875,Agata,
RA-249,Fase 4,4F,Aluno-249,2008,16,M,2021,Publica,2024,Agata,Agata,Quartzo,5.096608405982907,5.0,Avaliador-22,Avaliador-17,Avaliador-1,7.083,6.645021645,5.0,5.0,1.0,8.0,6.0,,7.064,5.0,Fase 6,-2,,Quartzo,6.75,Agata,
RA-239,Fase 4,4F,Aluno-239,2007,17,F,2021,Publica,2024,,Quartzo,Quartzo,4.571673982861744,5.0,Avaliador-22,Avaliador-17,Avaliador-1,8.751,6.361737677333333,5.635,6.666666666666667,4.0,10.0,6.0,,8.502,2.5,Fase 7,-3,,Agata,7.875,Agata,
RA-382,Fase 4,4F,Aluno-382,2008,16,M,2021,Publica,2024,Ametista,Agata,Agata,6.77720046886447,5.0,Avaliador-22,Avaliador-17,Avaliador-1,9.168,6.324561403666666,5.63,3.0,2.0,3.0,4.0,,6.43,5.0,Fase 5,-1,,Agata,6.75,Quartzo,
RA-383,Fase 4,4F,Aluno-383,2011,13,M,2021,Publica,2024,Topazio,Ametista,Topazio,8.400003111111111,5.0,Avaliador-22,Avaliador-17,Avaliador-1,9.168,8.600288600333334,7.51,5.833333333333333,1.0,8.0,8.5,,8.47,10.0,Fase 3,1,,Ametista,7.875,Topazio,
RA-1155,Fase 4,4F,Aluno-1155,2009,15,F,2023,Publica,2024,,,,,5.0,Avaliador-22,Avaliador-17,Avaliador-1,8.334,8.888888889,5.005,4.666666666666667,6.0,8.0,0.0,,8.87,5.0,Fase 5,-1,,Ametista,8.0,Ametista,
RA-384,Fase 4,4F,Aluno-384,2010,14,F,2021,Publica,2024,Ametista,Ametista,Ametista,7.558498337662337,5.0,Avaliador-22,Avaliador-17,Avaliador-1,7.5,8.607503607333333,7.51,7.5,5.0,9.5,8.0,,7.936,10.0,Fase 4,0,,Agata,7.625,Topazio,
RA-1156,Fase 4,4F,Aluno-1156,2011,13,F,2023,Publica,2024,,,,,5.0,Avaliador-22,Avaliador-17,Avaliador-1,7.5,7.821067821,7.51,2.0,6.0,0.0,0.0,,7.5,10.0,Fase 3,1,,Ametista,7.125,Agata,
RA-1578,Fase 4,4F,Aluno-1578,2010,13,F,2024,Publica,2024,,,,,5.0,Avaliador-22,Avaliador-17,Avaliador-1,8.334,6.761695906666667,7.51,7.333333333333333,6.0,6.0,10.0,,8.636,10.0,Fase 3,1,,,7.5,Ametista,
RA-388,Fase 4,4F,Aluno-388,2008,16,F,2021,Publica,2024,Agata,Agata,Agata,6.654070674842067,5.0,Avaliador-22,Avaliador-17,Avaliador-1,7.5,6.349206349,7.51,4.333333333333333,1.0,7.0,5.0,,5.764,5.0,Fase 5,-1,,Quartzo,6.75,Quartzo,
RA-260,Fase 4,4F,Aluno-260,2009,15,F,2021,Publica,2024,Topazio,Ametista,Ametista,7.439744423076924,5.0,Avaliador-22,Avaliador-17,Avaliador-1,8.751,9.674603174666666,7.51,7.0,7.5,5.5,8.0,,8.502,10.0,Fase 4,0,,Topazio,7.875,Topazio,
RA-395,Fase 4,4F,Aluno-395,2011,13,F,2021,Publica,2024,Ametista,Topazio,Ametista,7.682753058681186,5.0,Avaliador-22,Avaliador-17,Avaliador-1,8.751,6.921693121666666,6.26,4.333333333333333,2.5,5.5,5.0,,8.464,10.0,Fase 3,1,,Ametista,7.25,Ametista,
RA-262,Fase 4,4F,Aluno-262,2007,17,M,2021,Privada,2024,,Quartzo,Quartzo,4.786323286324786,5.0,Avaliador-22,Avaliador-17,Avaliador-1,7.917,4.854560643666667,7.51,4.166666666666667,1.0,4.5,7.0,,6.296,5.0,Fase 6,-2,,Quartzo,7.0,Quartzo,
RA-1579,Fase 4,4F,Aluno-1579,2008,16,F,2022,Publica,2024,,,,,5.0,Avaliador-22,Avaliador-17,Avaliador-1,8.751,9.090261886999999,5.635,7.166666666666667,7.5,6.0,8.0,,9.272,5.0,Fase 6,-2,,,8.5,Ametista,
RA-1580,Fase 4,4F,Aluno-1580,2008,16,M,2024,Publica,2024,,,,,5.0,Avaliador-22,Avaliador-17,Avaliador-1,8.751,9.049953314666666,7.51,6.166666666666667,5.0,7.5,6.0,,9.168,5.0,Fase 5,-1,,,7.875,Ametista,
RA-377,Fase 4,4F,Aluno-377,2010,14,F,2021,Publica,2024,,Quartzo,Agata,6.742777235591996,5.0,Avaliador-22,Avaliador-17,Avaliador-1,9.168,7.698412698333333,7.51,5.166666666666667,4.0,6.5,5.0,,7.634,10.0,Fase 4,0,,Ametista,7.125,Ametista,
RA-250,Fase 4,4H,Aluno-250,2010,14,F,2022,Bolsista,2024,,,Ametista,7.958056222222224,3.0,Avaliador-21,Avaliador-23,Avaliador-17,9.168,9.629629629666667,6.88,9.166666666666666,10.0,7.5,10.0,,8.95,10.0,Fase 4,0,,Ametista,8.958333333,Topazio,
RA-1581,Fase 4,4H,Aluno-1581,2008,16,M,2024,Publica,2024,,,,,3.0,Avaliador-21,Avaliador-23,Avaliador-17,8.334,7.834844760666667,6.26,6.333333333333333,7.0,4.5,7.5,,7.386666667,5.0,Fase 5,-1,,,7.083333333,Agata,
RA-1582,Fase 4,4H,Aluno-1582,2009,15,M,2024,Publica,2024,,,,,3.0,Avaliador-21,Avaliador-23,Avaliador-17,8.334,8.069444444333334,6.255,4.5,7.0,2.0,4.5,,6.666666667,5.0,Fase 5,-1,,,6.666666667,Agata,
RA-1583,Fase 4,4H,Aluno-1583,2009,15,F,2024,Publica,2024,,,,,3.0,Avaliador-21,Avaliador-23,Avaliador-17,7.917,7.753623188333333,6.26,8.166666666666666,8.0,6.5,10.0,,9.006666667,5.0,Fase 5,-1,,,9.166666667,Ametista,
RA-450,Fase 4,4L,Aluno-450,2009,15,M,2021,Publica,2024,,Agata,Ametista,7.843149036414566,4.0,Avaliador-23,Avaliador-20,Avaliador-22,8.751,8.954191033333332,5.63,7.5,8.0,8.5,6.0,,7.58,5.0,Fase 5,-1,,Agata,7.8125,Ametista,
RA-426,Fase 4,4L,Aluno-426,2008,15,F,2022,Publica,2024,,,Agata,6.350091965367965,4.0,Avaliador-23,Avaliador-20,Avaliador-22,7.917,7.9050567596666665,4.38,4.833333333333333,3.5,7.0,4.0,,8.0,5.0,Fase 5,-1,,Agata,7.65625,Agata,
RA-1584,Fase 4,4L,Aluno-1584,2009,15,F,2024,Publica,2024,,,,,4.0,Avaliador-23,Avaliador-20,Avaliador-22,8.334,9.153439153333332,7.51,5.5,6.0,5.5,5.0,,8.1675,5.0,Fase 5,-1,,,7.8125,Ametista,
RA-313,Fase 4,4L,Aluno-313,2008,15,F,2022,Publica,2024,,,Quartzo,5.800078489240228,4.0,Avaliador-23,Avaliador-20,Avaliador-22,8.751,9.666666666666666,5.63,4.833333333333333,1.0,8.0,5.5,,8.1675,5.0,Fase 5,-1,,Ametista,7.8125,Ametista,
RA-467,Fase 4,4L,Aluno-467,2009,15,F,2022,Publica,2024,,,Agata,6.380177212121212,4.0,Avaliador-23,Avaliador-20,Avaliador-22,7.917,9.140350877333333,5.01,6.833333333333333,5.5,9.0,6.0,,7.54,10.0,Fase 4,0,,Agata,7.34375,Ametista,
RA-1585,Fase 4,4L,Aluno-1585,2009,15,F,2024,Publica,2024,,,,,4.0,Avaliador-23,Avaliador-20,Avaliador-22,10.002,6.775210084333334,7.51,4.0,5.0,3.0,4.0,,7.7925,5.0,Fase 5,-1,,,7.65625,Agata,
RA-432,Fase 4,4L,Aluno-432,2008,16,F,2021,Publica,2024,Quartzo,Quartzo,Agata,6.339605488215488,4.0,Avaliador-23,Avaliador-20,Avaliador-22,7.501,10.0,6.26,5.5,5.0,6.0,5.5,,7.2875,5.0,Fase 5,-1,,Agata,7.34375,Ametista,
RA-1586,Fase 4,4L,Aluno-1586,2009,15,F,2024,Publica,2024,,,,,4.0,Avaliador-23,Avaliador-20,Avaliador-22,10.002,6.128654970666666,5.01,5.666666666666667,3.5,5.5,8.0,,7.54,5.0,Fase 5,-1,,,6.875,Agata,
RA-470,Fase 4,4L,Aluno-470,2009,15,F,2021,Publica,2024,Ametista,Ametista,Ametista,7.378176603174603,4.0,Avaliador-23,Avaliador-20,Avaliador-22,9.585,8.011695906666667,7.51,3.3333333333333335,3.5,4.0,2.5,,6.4975,10.0,Fase 4,0,,Agata,7.03125,Agata,
RA-417,Fase 4,4L,Aluno-417,2009,14,F,2022,Publica,2024,,,Topazio,8.427782,4.0,Avaliador-23,Avaliador-20,Avaliador-22,8.334,8.401559454333333,7.51,8.833333333333334,9.0,10.0,7.5,,8.2925,10.0,Fase 4,0,,Topazio,8.4375,Topazio,
RA-407,Fase 4,4L,Aluno-407,2009,15,M,2022,Publica,2024,,,Ametista,7.195372592592593,4.0,Avaliador-23,Avaliador-20,Avaliador-22,8.334,7.614522417333333,6.26,3.6666666666666665,2.0,5.0,4.0,,7.875,10.0,Fase 4,0,,Ametista,7.96875,Ametista,
RA-1587,Fase 4,4L,Aluno-1587,2008,16,F,2024,Publica,2024,,,,,4.0,Avaliador-23,Avaliador-20,Avaliador-22,9.168,10.0,7.51,3.75,7.5,0.0,,,8.2075,5.0,Fase 6,-2,,,7.8125,Ametista,
RA-1588,Fase 4,4L,Aluno-1588,2010,14,F,2024,Publica,2024,,,,,4.0,Avaliador-23,Avaliador-20,Avaliador-22,7.917,8.640618640666666,7.51,4.0,3.5,4.5,,,7.415,10.0,Fase 4,0,,,7.5,Ametista,
RA-424,Fase 4,4L,Aluno-424,2010,14,F,2022,Publica,2024,,,Ametista,7.940280666666667,4.0,Avaliador-23,Avaliador-20,Avaliador-22,8.334,9.616228070333333,7.51,3.3333333333333335,2.0,6.0,2.0,,7.1625,10.0,Fase 4,0,,Ametista,7.34375,Ametista,
RA-1193,Fase 4,4L,Aluno-1193,2009,15,F,2023,Publica,2024,,,,,4.0,Avaliador-23,Avaliador-20,Avaliador-22,8.751,7.763157895,5.635,4.0,3.0,6.0,3.0,,7.79,5.0,Fase 5,-1,,Agata,7.8125,Agata,
RA-411,Fase 4,4M,Aluno-411,2010,14,F,2021,Privada,2024,Ametista,Ametista,Ametista,7.2323363079922025,4.0,Avaliador-21,Avaliador-20,Avaliador-1,7.083,9.148148147999999,5.635,4.833333333333333,3.5,7.0,4.0,,7.4125,10.0,Fase 4,0,,Ametista,7.291666667,Ametista,
RA-412,Fase 4,4M,Aluno-412,2010,14,F,2021,Publica,2024,Agata,Agata,Ametista,7.5555417556855105,4.0,Avaliador-21,Avaliador-20,Avaliador-1,8.334,8.456140351,6.26,7.333333333333333,8.0,6.0,8.0,,8.125,10.0,Fase 4,0,,Ametista,8.020833333,Topazio,
RA-428,Fase 4,4M,Aluno-428,2009,14,M,2022,Publica,2024,,,Ametista,7.68295498989899,4.0,Avaliador-21,Avaliador-20,Avaliador-1,9.168,8.898245614,5.635,5.0,3.0,4.0,8.0,,7.625,10.0,Fase 4,0,,Ametista,7.5,Ametista,
RA-315,Fase 4,4M,Aluno-315,2009,15,F,2022,Publica,2024,,,Quartzo,5.671800072463768,4.0,Avaliador-21,Avaliador-20,Avaliador-1,0.0,5.918518518666667,7.51,6.833333333333333,6.5,6.5,7.5,,7.6275,5.0,Fase 5,-1,,Quartzo,7.5,Agata,
RA-442,Fase 4,4M,Aluno-442,2011,13,F,2022,Publica,2024,,,Topazio,8.226391777777778,4.0,Avaliador-21,Avaliador-20,Avaliador-1,8.334,5.9151960783333335,5.635,5.0,4.5,7.0,3.5,,7.8775,10.0,Fase 3,1,,Agata,7.5,Agata,
RA-301,Fase 4,4M,Aluno-301,2009,15,F,2021,Publica,2024,Ametista,Ametista,Agata,6.802149357015729,4.0,Avaliador-21,Avaliador-20,Avaliador-1,9.168,7.4947368423333325,7.51,9.0,10.0,9.0,8.0,,8.21,10.0,Fase 4,0,,Agata,8.020833333,Topazio,
RA-1163,Fase 4,4M,Aluno-1163,2009,15,M,2023,Publica,2024,,,,,4.0,Avaliador-21,Avaliador-20,Avaliador-1,8.334,9.824561403666666,7.51,7.833333333333333,9.5,6.5,7.5,,8.755,10.0,Fase 4,0,,Ametista,8.125,Topazio,
RA-402,Fase 4,4M,Aluno-402,2010,14,F,2021,Publica,2024,Agata,Agata,Quartzo,5.261113333333334,4.0,Avaliador-21,Avaliador-20,Avaliador-1,7.5,3.074074074,6.26,4.166666666666667,3.0,3.5,6.0,,6.1175,10.0,Fase 4,0,,Agata,6.354166667,Quartzo,
RA-1589,Fase 4,4M,Aluno-1589,2009,15,F,2024,Publica,2024,,,,,4.0,Avaliador-21,Avaliador-20,Avaliador-1,0.0,6.259259259333334,7.51,2.5,3.0,2.0,,,7.54,5.0,Fase 5,-1,,,7.5,Quartzo,
RA-1162,Fase 4,4M,Aluno-1162,2009,14,F,2023,Publica,2024,,,,,4.0,Avaliador-21,Avaliador-20,Avaliador-1,7.917,9.135672514666666,6.26,5.666666666666667,4.0,7.5,5.5,,7.0375,10.0,Fase 4,0,,Ametista,6.875,Ametista,
RA-471,Fase 4,4M,Aluno-471,2009,14,F,2021,Publica,2024,Agata,Agata,Agata,6.535165330634278,4.0,Avaliador-21,Avaliador-20,Avaliador-1,0.0,7.027568922333333,7.51,5.5,4.0,5.5,7.0,,8.0425,10.0,Fase 4,0,,Agata,7.708333333,Agata,
RA-416,Fase 4,4M,Aluno-416,2010,14,M,2021,Bolsista,2024,Ametista,Ametista,Ametista,7.912811530864198,4.0,Avaliador-21,Avaliador-20,Avaliador-1,8.751,8.972709551666666,7.51,8.0,8.0,7.5,8.5,,9.13,10.0,Fase 3,1,,Topazio,8.541666667,Topazio,
RA-303,Fase 4,4M,Aluno-303,2008,16,M,2021,Publica,2024,Ametista,Agata,Agata,6.0302058333333335,4.0,Avaliador-21,Avaliador-20,Avaliador-1,8.751,3.9520467836666664,7.51,5.666666666666667,5.0,5.0,7.0,,7.535,5.0,Fase 6,-2,,Quartzo,6.875,Agata,
RA-418,Fase 4,4M,Aluno-418,2012,12,F,2021,Bolsista,2024,Topazio,Topazio,Topazio,8.175157209876545,4.0,Avaliador-21,Avaliador-20,Avaliador-1,8.751,10.0,7.51,9.333333333333334,9.5,8.5,10.0,,9.0475,10.0,Fase 3,1,,Topazio,8.229166667,Topazio,
RA-419,Fase 4,4M,Aluno-419,2010,14,F,2021,Bolsista,2024,Ametista,Ametista,Ametista,7.35895350617284,4.0,Avaliador-21,Avaliador-20,Avaliador-1,7.083,9.382456140666667,6.26,8.166666666666666,6.5,8.0,10.0,,8.5475,10.0,Fase 3,1,,Ametista,8.020833333,Topazio,
RA-420,Fase 4,4M,Aluno-420,2011,13,F,2021,Bolsista,2024,Topazio,Ametista,Ametista,7.460804469135802,4.0,Avaliador-21,Avaliador-20,Avaliador-1,8.334,9.557894737,6.26,4.0,3.0,4.5,4.5,,7.96,10.0,Fase 3,1,,Ametista,7.8125,Ametista,
RA-1166,Fase 4,4M,Aluno-1166,2008,16,F,2023,Publica,2024,,,,,4.0,Avaliador-21,Avaliador-20,Avaliador-1,8.334,8.498245614,6.26,6.333333333333333,5.0,7.0,7.0,,8.625,5.0,Fase 5,-1,,Ametista,8.020833333,Ametista,
RA-425,Fase 4,4M,Aluno-425,2010,14,M,2022,Publica,2024,,,Topazio,8.116668666666667,4.0,Avaliador-21,Avaliador-20,Avaliador-1,10.002,10.0,6.26,9.0,10.0,7.5,9.5,,8.8375,10.0,Fase 4,0,,Topazio,8.229166667,Topazio,
RA-1590,Fase 4,4N,Aluno-1590,2009,15,F,2024,Publica,2024,,,,,5.0,Avaliador-21,Avaliador-5,Avaliador-17,7.917,8.267770876333332,7.51,8.666666666666666,8.5,8.0,9.5,,8.806,5.0,Fase 5,-1,,,10.0,Topazio,
RA-1591,Fase 4,4N,Aluno-1591,2007,16,F,2024,Publica,2024,,,,,5.0,Avaliador-21,Avaliador-5,Avaliador-17,7.083,6.430976431,7.51,3.5,3.0,4.5,3.0,,7.064,5.0,Fase 6,-2,,,8.125,Agata,
RA-273,Fase 4,4N,Aluno-273,2008,16,F,2021,Publica,2024,Ametista,Ametista,Quartzo,5.679047285714286,5.0,Avaliador-21,Avaliador-5,Avaliador-17,9.168,7.323153899,6.26,4.5,3.0,6.5,4.0,,6.896,5.0,Fase 5,-1,,Agata,8.125,Agata,
RA-1592,Fase 4,4N,Aluno-1592,2009,15,F,2024,Publica,2024,,,,,5.0,Avaliador-21,Avaliador-5,Avaliador-17,7.917,6.854727398333334,7.51,5.5,4.0,7.5,5.0,,7.432,5.0,Fase 5,-1,,,8.125,Agata,
RA-457,Fase 4,4N,Aluno-457,2010,14,F,2022,Publica,2024,,,Ametista,7.680083750915751,5.0,Avaliador-21,Avaliador-5,Avaliador-17,8.334,8.743961352333335,7.51,8.666666666666666,8.0,8.0,10.0,,7.77,10.0,Fase 3,1,,Topazio,9.6875,Topazio,
RA-305,Fase 4,4N,Aluno-305,2008,16,M,2021,Publica,2024,Ametista,Agata,Agata,6.05804740909091,5.0,Avaliador-21,Avaliador-5,Avaliador-17,8.334,7.898550724666666,6.26,4.833333333333333,3.0,3.0,8.5,,7.03,5.0,Fase 5,-1,,Agata,7.8125,Agata,
RA-421,Fase 4,4N,Aluno-421,2011,13,M,2021,Publica,2024,,Topazio,Topazio,8.716975028083027,5.0,Avaliador-21,Avaliador-5,Avaliador-17,8.751,9.540744978333334,7.51,6.666666666666667,5.0,6.0,9.0,,8.572,10.0,Fase 3,1,,Topazio,9.0625,Topazio,
RA-1169,Fase 4,4N,Aluno-1169,2009,15,F,2023,Publica,2024,,,,,5.0,Avaliador-21,Avaliador-5,Avaliador-17,6.25,8.444444444333334,5.635,6.833333333333333,6.0,6.5,8.0,,6.8,5.0,Fase 5,-1,,Ametista,7.8125,Agata,
RA-1593,Fase 4,4N,Aluno-1593,2008,15,M,2024,Publica,2024,,,,,5.0,Avaliador-21,Avaliador-5,Avaliador-17,6.249,4.868875086666667,6.26,6.5,9.0,6.5,4.0,,8.538,5.0,Fase 5,-1,,,9.0625,Agata,
RA-1594,Fase 4,4N,Aluno-1594,2008,16,M,2024,Publica,2024,,,,,5.0,Avaliador-21,Avaliador-5,Avaliador-17,9.585,6.112836439,6.26,3.0,1.0,4.0,4.0,,5.996,5.0,Fase 6,-2,,,6.25,Quartzo,
RA-283,Fase 4,4N,Aluno-283,2008,16,M,2021,Publica,2024,Agata,Agata,Ametista,7.130972888888889,5.0,Avaliador-21,Avaliador-5,Avaliador-17,8.751,9.761904762,6.885,8.0,6.5,8.0,9.5,,7.736,5.0,Fase 6,-2,,Ametista,7.8125,Ametista,
RA-459,Fase 4,4N,Aluno-459,2010,14,M,2021,Publica,2024,Ametista,Ametista,Ametista,7.280371036414566,5.0,Avaliador-21,Avaliador-5,Avaliador-17,7.917,8.454106280333333,5.635,4.666666666666667,0.0,6.0,8.0,,7.366,10.0,Fase 4,0,,Topazio,7.8125,Ametista,
RA-454,Fase 4,4R,Aluno-454,2007,17,M,2021,Publica,2024,Quartzo,Agata,Quartzo,5.561111555555557,6.0,Avaliador-23,Avaliador-22,Avaliador-17,9.585,6.633138401666667,6.255,3.6666666666666665,3.0,2.0,6.0,,5.833333333,5.0,Fase 6,-2,,Quartzo,5.416666667,Quartzo,
RA-1595,Fase 4,4R,Aluno-1595,2010,14,M,2024,Publica,2024,,,,,6.0,Avaliador-23,Avaliador-22,Avaliador-17,8.334,7.949735449666666,6.26,2.3333333333333335,3.0,0.0,4.0,,7.021666667,10.0,Fase 4,0,,,7.395833333,Agata,
RA-1596,Fase 4,4R,Aluno-1596,2007,17,F,2024,Publica,2024,,,,,6.0,Avaliador-23,Avaliador-22,Avaliador-17,8.751,10.0,7.51,3.3333333333333335,5.0,0.0,5.0,,8.226666667,5.0,Fase 6,-2,,,8.229166667,Ametista,
RA-170,Fase 4,4R,Aluno-170,2008,16,F,2021,Bolsista,2024,Ametista,Ametista,Agata,7.006941758454106,6.0,Avaliador-23,Avaliador-22,Avaliador-17,9.168,8.5,5.635,8.0,10.0,6.5,7.5,,8.028333333,5.0,Fase 5,-1,,Ametista,7.604166667,Ametista,
RA-1597,Fase 4,4R,Aluno-1597,2008,16,F,2024,Publica,2024,,,,,6.0,Avaliador-23,Avaliador-22,Avaliador-17,7.5,8.412698412666666,7.51,2.8333333333333335,2.0,0.0,6.5,,8.28,5.0,Fase 5,-1,,,8.125,Agata,
RA-1171,Fase 4,4R,Aluno-1171,2009,15,M,2023,Publica,2024,,,,,6.0,Avaliador-23,Avaliador-22,Avaliador-17,8.334,7.230158729999999,7.51,7.5,5.0,9.5,8.0,,8.643333333,5.0,Fase 5,-1,,Ametista,8.645833333,Ametista,
RA-116,Fase 5,5A,Aluno-116,2006,18,F,2021,Publica,2024,Ametista,Agata,Agata,6.854039584291188,5.0,Avaliador-23,Avaliador-24,Avaliador-26,8.334,7.535353535666666,5.635,4.5,6.5,2.0,5.0,,6.73,5.0,Fase 7,-2,,Agata,6.875,Agata,
RA-217,Fase 5,5A,Aluno-217,2007,17,F,2021,Bolsista,2024,,Ametista,Ametista,7.3965272777777775,5.0,Avaliador-23,Avaliador-24,Avaliador-26,8.334,8.917748917666666,6.26,7.833333333333333,9.0,7.0,7.5,,6.994,5.0,Fase 6,-1,,Agata,7.125,Ametista,
RA-103,Fase 5,5A,Aluno-103,2009,15,F,2021,Bolsista,2024,Agata,Ametista,Topazio,8.107440578115117,5.0,Avaliador-23,Avaliador-24,Avaliador-26,8.334,9.603174603333335,6.26,9.166666666666666,9.0,9.0,9.5,,8.872,10.0,Fase 5,0,,Topazio,7.875,Topazio,
RA-178,Fase 5,5A,Aluno-178,2008,16,F,2021,Bolsista,2024,Ametista,Ametista,Agata,7.024874570707071,5.0,Avaliador-23,Avaliador-24,Avaliador-26,9.585,8.739177489333334,6.26,4.166666666666667,2.5,2.5,7.5,,6.53,10.0,Fase 5,0,,Ametista,7.625,Ametista,
RA-1172,Fase 5,5A,Aluno-1172,2007,17,F,2023,Publica,2024,,,,,5.0,Avaliador-23,Avaliador-24,Avaliador-26,7.5,6.0634920633333325,6.26,3.3333333333333335,0.0,5.0,5.0,,6.196,5.0,Fase 6,-1,,Ametista,7.25,Quartzo,
RA-180,Fase 5,5A,Aluno-180,2010,14,M,2021,Bolsista,2024,Topazio,Topazio,Topazio,8.441663515948964,5.0,Avaliador-23,Avaliador-24,Avaliador-26,9.168,9.431818181666666,7.51,8.5,9.0,8.5,8.0,,8.674,10.0,Fase 3,2,,Topazio,8.125,Topazio,
RA-181,Fase 5,5A,Aluno-181,2009,15,F,2021,Bolsista,2024,Topazio,Ametista,Topazio,8.622797438146648,5.0,Avaliador-23,Avaliador-24,Avaliador-26,7.5,8.737373737333334,6.26,4.333333333333333,0.0,7.5,5.5,,8.436,10.0,Fase 5,0,,Ametista,7.625,Ametista,
RA-121,Fase 5,5A,Aluno-121,2006,17,F,2021,Publica,2024,,Agata,Ametista,7.244678043887148,5.0,Avaliador-23,Avaliador-24,Avaliador-26,8.751,8.152958153,6.26,8.833333333333334,7.5,9.0,10.0,,6.764,5.0,Fase 7,-2,,Agata,7.25,Ametista,
RA-211,Fase 5,5A,Aluno-211,2009,15,M,2021,Bolsista,2024,,Topazio,Topazio,8.464935044778892,5.0,Avaliador-23,Avaliador-24,Avaliador-26,9.585,9.379509379666667,7.51,7.0,5.5,6.5,9.0,,7.866,10.0,Fase 5,0,,Topazio,7.25,Topazio,
RA-1198,Fase 5,5A,Aluno-1198,2007,17,F,2023,Publica,2024,,,,,5.0,Avaliador-23,Avaliador-24,Avaliador-26,8.751,9.458874459,7.51,3.5,0.0,1.0,9.5,,7.332,5.0,Fase 6,-1,,Ametista,7.375,Agata,
RA-110,Fase 5,5A,Aluno-110,2008,16,M,2021,Bolsista,2024,Ametista,Topazio,Topazio,8.149929726333543,5.0,Avaliador-23,Avaliador-24,Avaliador-26,9.168,9.696969697,6.255,8.5,10.0,7.0,8.5,,8.504,10.0,Fase 5,0,,Topazio,7.5,Topazio,
RA-189,Fase 5,5A,Aluno-189,2008,15,M,2021,Bolsista,2024,Ametista,Ametista,Ametista,7.628620754385966,5.0,Avaliador-23,Avaliador-24,Avaliador-26,10.002,10.0,6.255,8.166666666666666,7.0,7.5,10.0,,8.2,10.0,Fase 5,0,,Ametista,6.875,Topazio,
RA-127,Fase 5,5A,Aluno-127,2008,16,F,2022,Bolsista,2024,,,Topazio,8.28325764036921,5.0,Avaliador-23,Avaliador-24,Avaliador-26,8.751,9.488636363666666,7.51,7.833333333333333,10.0,3.5,10.0,,8.538,10.0,Fase 5,0,,Ametista,7.625,Topazio,
RA-115,Fase 5,5A,Aluno-115,2006,17,F,2021,Publica,2024,Ametista,Ametista,Quartzo,5.885500876499922,5.0,Avaliador-23,Avaliador-24,Avaliador-26,7.917,4.164756812,6.26,4.166666666666667,6.5,4.5,1.5,,5.726,5.0,Fase 7,-2,,Agata,6.75,Quartzo,
RA-215,Fase 5,5B,Aluno-215,2009,15,F,2021,Publica,2024,,Agata,Ametista,7.171874500000001,5.0,Avaliador-23,Avaliador-24,Avaliador-26,7.084,6.455627705333334,6.26,5.666666666666667,5.0,2.0,10.0,,7.432,10.0,Fase 5,0,,Ametista,8.0,Ametista,
RA-1598,Fase 5,5B,Aluno-1598,2009,15,F,2024,Publica,2024,,,,,5.0,Avaliador-23,Avaliador-24,Avaliador-26,9.585,8.857142857,7.51,7.5,7.5,7.5,,,8.236,10.0,Fase 5,0,,,8.375,Topazio,
RA-1174,Fase 5,5B,Aluno-1174,2008,16,F,2023,Publica,2024,,,,,5.0,Avaliador-23,Avaliador-24,Avaliador-26,8.751,8.349567099333333,6.26,5.0,5.0,3.0,7.0,,7.266,10.0,Fase 5,0,,Ametista,7.5,Ametista,
RA-192,Fase 5,5B,Aluno-192,2007,17,M,2021,Privada,2024,,Quartzo,Quartzo,4.9321151079328756,5.0,Avaliador-23,Avaliador-24,Avaliador-26,8.334,6.363636363666667,7.51,7.166666666666667,4.0,7.5,10.0,,6.9,5.0,Fase 7,-2,,Agata,7.125,Agata,
RA-220,Fase 5,5B,Aluno-220,2009,15,F,2022,Publica,2024,,,Agata,7.027986444444445,5.0,Avaliador-23,Avaliador-24,Avaliador-26,8.751,8.198051948,6.26,6.833333333333333,8.0,3.5,9.0,,7.332,10.0,Fase 5,0,,Ametista,7.25,Ametista,
RA-186,Fase 5,5B,Aluno-186,2009,15,F,2021,Privada,2024,Ametista,Ametista,Ametista,7.831592958621301,5.0,Avaliador-23,Avaliador-24,Avaliador-26,7.917,9.640151515,6.26,7.166666666666667,6.0,7.0,8.5,,8.672,10.0,Fase 4,1,,Ametista,8.125,Topazio,
RA-1181,Fase 5,5B,Aluno-1181,2009,15,F,2023,Publica,2024,,,,,5.0,Avaliador-23,Avaliador-24,Avaliador-26,9.168,5.036075036,6.26,3.8333333333333335,1.0,1.0,9.5,,5.862,10.0,Fase 5,0,,Agata,7.125,Agata,
RA-1599,Fase 5,5B,Aluno-1599,2006,17,F,2024,Publica,2024,,,,,5.0,Avaliador-23,Avaliador-24,Avaliador-26,8.334,9.666666666666666,7.51,6.5,7.0,6.0,,,7.566,5.0,Fase 7,-2,,,7.75,Ametista,
RA-111,Fase 5,5B,Aluno-111,2009,15,F,2021,Bolsista,2024,Ametista,Topazio,Topazio,8.645932539215686,5.0,Avaliador-23,Avaliador-24,Avaliador-26,9.168,9.488636363666666,6.26,8.333333333333334,8.0,7.0,10.0,,8.74,10.0,Fase 5,0,,Ametista,8.125,Topazio,
RA-1600,Fase 5,5B,Aluno-1600,2007,17,F,2024,Publica,2024,,,,,5.0,Avaliador-23,Avaliador-24,Avaliador-26,8.751,8.425925926,6.26,5.666666666666667,5.0,2.0,10.0,,6.03,5.0,Fase 7,-2,,,7.25,Agata,
RA-1601,Fase 5,5C,Aluno-1601,2007,17,F,2024,Publica,2024,,,,,4.0,Avaliador-23,Avaliador-22,Avaliador-1,8.751,7.0,7.51,6.5,5.0,5.0,9.5,,8.335,5.0,Fase 6,-1,,,7.5,Ametista,
RA-176,Fase 5,5C,Aluno-176,2009,15,F,2021,Bolsista,2024,Topazio,Ametista,Topazio,8.427269800194932,4.0,Avaliador-23,Avaliador-22,Avaliador-1,9.585,9.545454545333333,6.26,8.833333333333334,9.0,8.0,9.5,,8.545,10.0,Fase 4,1,,Topazio,8.59375,Topazio,
RA-1602,Fase 5,5C,Aluno-1602,2009,15,F,2024,Publica,2024,,,,,4.0,Avaliador-23,Avaliador-22,Avaliador-1,7.917,8.782407407333332,7.51,7.166666666666667,9.5,2.0,10.0,,7.875,10.0,Fase 5,0,,,7.34375,Topazio,
RA-1603,Fase 5,5C,Aluno-1603,2008,16,F,2024,Publica,2024,,,,,4.0,Avaliador-23,Avaliador-22,Avaliador-1,7.5,9.259259258999998,7.51,8.333333333333334,8.5,7.0,9.5,,7.835,5.0,Fase 6,-1,,,7.5,Ametista,
RA-1604,Fase 5,5C,Aluno-1604,2008,16,M,2024,Publica,2024,,,,,4.0,Avaliador-23,Avaliador-22,Avaliador-1,9.168,7.777777778,7.51,8.5,10.0,5.5,10.0,,8.88,5.0,Fase 6,-1,,,8.125,Topazio,
RA-193,Fase 5,5C,Aluno-193,2010,14,M,2021,Bolsista,2024,Topazio,Topazio,Topazio,8.155073214424952,4.0,Avaliador-23,Avaliador-22,Avaliador-1,8.751,9.848484848333333,6.26,7.0,6.5,4.5,10.0,,8.7525,10.0,Fase 4,1,,Ametista,8.4375,Topazio,
RA-195,Fase 5,5C,Aluno-195,2009,15,F,2021,Bolsista,2024,Ametista,Ametista,Ametista,8.016570200779729,4.0,Avaliador-23,Avaliador-22,Avaliador-1,7.5,9.682539682666667,6.26,7.833333333333333,9.0,6.5,8.0,,8.965,10.0,Fase 4,1,,Ametista,7.96875,Topazio,
RA-196,Fase 5,5C,Aluno-196,2010,14,M,2021,Bolsista,2024,Ametista,Topazio,Topazio,8.124397285239297,4.0,Avaliador-23,Avaliador-22,Avaliador-1,8.751,9.689754689666666,7.51,8.0,8.0,7.0,9.0,,8.9225,10.0,Fase 4,1,,Ametista,8.75,Topazio,
RA-197,Fase 5,5C,Aluno-197,2009,14,F,2021,Bolsista,2024,,Topazio,Topazio,8.217507976608186,4.0,Avaliador-23,Avaliador-22,Avaliador-1,7.5,9.848484848333333,6.26,8.333333333333334,7.0,8.0,10.0,,8.795,10.0,Fase 5,0,,Ametista,7.96875,Topazio,
RA-229,Fase 5,5C,Aluno-229,2010,14,M,2022,Bolsista,2024,,,Topazio,8.62014138888889,4.0,Avaliador-23,Avaliador-22,Avaliador-1,9.585,9.841269841333334,5.635,8.833333333333334,9.5,7.0,10.0,,8.8375,10.0,Fase 4,1,,Topazio,8.28125,Topazio,
RA-202,Fase 5,5C,Aluno-202,2008,16,F,2021,Publica,2024,Ametista,Ametista,Quartzo,5.201146520702537,4.0,Avaliador-23,Avaliador-22,Avaliador-1,8.334,7.880952381,6.26,7.5,8.5,6.0,8.0,,7.75,5.0,Fase 6,-1,,Agata,7.65625,Ametista,
RA-1176,Fase 5,5C,Aluno-1176,2010,14,M,2023,Bolsista,2024,,,,,4.0,Avaliador-23,Avaliador-22,Avaliador-1,8.751,9.682539682666667,6.26,9.166666666666666,10.0,8.0,9.5,,8.9225,10.0,Fase 4,1,,Topazio,8.59375,Topazio,
RA-1177,Fase 5,5C,Aluno-1177,2008,15,F,2023,Publica,2024,,,,,4.0,Avaliador-23,Avaliador-22,Avaliador-1,8.751,9.824561403666666,6.26,7.333333333333333,9.5,5.5,7.0,,8.125,10.0,Fase 5,0,,Topazio,7.65625,Topazio,
RA-146,Fase 5,5D,Aluno-146,2007,17,F,2022,Publica,2024,,,Ametista,7.946686340802987,5.0,Avaliador-23,Avaliador-26,Avaliador-22,8.751,9.514316093333333,5.635,9.333333333333334,9.0,9.0,10.0,,8.304,5.0,Fase 7,-2,,Ametista,7.65625,Topazio,
RA-1199,Fase 5,5D,Aluno-1199,2006,18,M,2023,Outros,2024,,,,,5.0,Avaliador-23,Avaliador-26,Avaliador-22,7.5,8.571428571333334,5.005,9.0,10.0,7.0,10.0,,8.466,5.0,Fase 7,-2,,Ametista,6.5625,Ametista,
RA-1178,Fase 5,5D,Aluno-1178,2007,17,M,2023,Publica,2024,,,,,5.0,Avaliador-23,Avaliador-26,Avaliador-22,8.751,9.682539682666667,6.26,8.333333333333334,9.0,8.0,8.0,,8.696,5.0,Fase 6,-1,,Ametista,7.5,Topazio,
RA-149,Fase 5,5D,Aluno-149,2007,17,F,2022,Publica,2024,,,Agata,6.322651405982906,5.0,Avaliador-23,Avaliador-26,Avaliador-22,9.585,4.104378593666667,6.26,3.8333333333333335,0.0,6.5,5.0,,6.626,5.0,Fase 7,-2,,Quartzo,7.34375,Quartzo,
RA-1605,Fase 5,5D,Aluno-1605,2008,16,M,2024,Publica,2024,,,,,5.0,Avaliador-23,Avaliador-26,Avaliador-22,0.0,5.0694444443333335,7.51,2.5,0.0,7.5,0.0,,7.028,5.0,Fase 6,-1,,,7.5,Quartzo,
RA-107,Fase 5,5D,Aluno-107,2007,16,F,2021,Publica,2024,Topazio,Agata,Agata,6.258056446780273,5.0,Avaliador-23,Avaliador-26,Avaliador-22,7.5,7.9949874686666655,7.51,4.666666666666667,0.0,4.5,9.5,,6.964,5.0,Fase 6,-1,,Agata,7.5,Agata,
RA-184,Fase 5,5D,Aluno-184,2010,14,M,2021,Bolsista,2024,Ametista,Ametista,Ametista,7.2799257424242425,5.0,Avaliador-23,Avaliador-26,Avaliador-22,8.751,8.696741854666667,6.26,8.166666666666666,9.5,5.0,10.0,,9.004,10.0,Fase 4,1,,Topazio,7.96875,Topazio,
RA-1606,Fase 5,5D,Aluno-1606,2006,17,F,2024,Publica,2024,,,,,5.0,Avaliador-23,Avaliador-26,Avaliador-22,8.334,5.148148148,7.51,2.5,7.5,0.0,0.0,,7.132,5.0,Fase 7,-2,,,7.8125,Quartzo,
RA-1607,Fase 5,5D,Aluno-1607,2008,16,M,2024,Publica,2024,,,,,5.0,Avaliador-23,Avaliador-26,Avaliador-22,5.833,6.222222222333333,5.635,0.0,,0.0,0.0,,6.762,5.0,Fase 6,-1,,,6.5625,Quartzo,
RA-1608,Fase 5,5D,Aluno-1608,2009,15,M,2024,Publica,2024,,,,,5.0,Avaliador-23,Avaliador-26,Avaliador-22,8.751,7.199074074333335,7.51,5.0,8.5,3.5,3.0,,6.83,10.0,Fase 5,0,,,6.40625,Ametista,
RA-1173,Fase 5,5D,Aluno-1173,2009,15,M,2023,Publica,2024,,,,,5.0,Avaliador-23,Avaliador-26,Avaliador-22,9.168,9.665831245,7.51,5.833333333333333,6.0,7.5,4.0,,8.2,10.0,Fase 5,0,,Ametista,8.125,Topazio,
RA-237,Fase 5,5F,Aluno-237,2008,16,F,2022,Bolsista,2024,,,Topazio,8.083730668737061,3.0,Avaliador-24,Avaliador-1,Avaliador-7,8.751,9.689754689666666,6.26,7.666666666666667,6.0,7.0,10.0,,8.336666667,5.0,Fase 6,-1,,Ametista,7.916666667,Ametista,
RA-147,Fase 5,5F,Aluno-147,2008,16,F,2022,Publica,2024,,,Ametista,7.540822106753813,3.0,Avaliador-24,Avaliador-1,Avaliador-7,8.334,9.277056277,7.51,6.166666666666667,6.0,2.5,10.0,,7.386666667,5.0,Fase 6,-1,,Quartzo,7.5,Ametista,
RA-131,Fase 5,5F,Aluno-131,2007,17,F,2021,Publica,2024,Topazio,Ametista,Ametista,7.174196928571429,3.0,Avaliador-24,Avaliador-1,Avaliador-7,8.751,9.444444444666667,7.51,5.0,4.0,5.0,6.0,,7.386666667,5.0,Fase 7,-2,,Quartzo,7.708333333,Ametista,
RA-1609,Fase 5,5F,Aluno-1609,2007,17,F,2024,Publica,2024,,,,,3.0,Avaliador-24,Avaliador-1,Avaliador-7,8.334,9.666666666666666,7.51,6.0,6.0,4.0,8.0,,7.943333333,5.0,Fase 7,-2,,,7.708333333,Ametista,
RA-137,Fase 5,5F,Aluno-137,2005,18,F,2021,Outros,2024,Quartzo,Agata,Ametista,7.056350274891774,3.0,Avaliador-24,Avaliador-1,Avaliador-7,9.585,7.582972583,5.005,6.833333333333333,2.0,8.5,10.0,,6.276666667,5.0,Fase 7,-2,,Quartzo,4.791666667,Agata,
RA-1184,Fase 5,5F,Aluno-1184,2007,17,M,2023,Publica,2024,,,,,3.0,Avaliador-24,Avaliador-1,Avaliador-7,6.666,8.658008657666668,7.51,7.666666666666667,6.0,7.0,10.0,,7.5,5.0,Fase 6,-1,,Ametista,7.291666667,Ametista,
RA-138,Fase 5,5F,Aluno-138,2007,17,M,2021,Publica,2024,Ametista,Agata,Agata,6.7380259603174615,3.0,Avaliador-24,Avaliador-1,Avaliador-7,9.585,8.751803751666666,7.51,5.833333333333333,7.5,5.0,5.0,,7.443333333,5.0,Fase 7,-2,,Agata,7.708333333,Ametista,
RA-1610,Fase 5,5F,Aluno-1610,2007,17,M,2024,Publica,2024,,,,,3.0,Avaliador-24,Avaliador-1,Avaliador-7,9.168,7.753697970666667,7.51,5.166666666666667,4.0,2.0,9.5,,6.106666667,5.0,Fase 7,-2,,,7.291666667,Agata,
RA-1611,Fase 5,5F,Aluno-1611,2007,17,M,2024,Publica,2024,,,,,3.0,Avaliador-24,Avaliador-1,Avaliador-7,7.083,8.361426442,7.51,4.5,2.0,2.5,9.0,,5.886666667,5.0,Fase 7,-2,,,7.5,Agata,
RA-1612,Fase 5,5F,Aluno-1612,2006,18,M,2024,Publica,2024,,,,,3.0,Avaliador-24,Avaliador-1,Avaliador-7,6.666,8.523809523666666,7.51,6.166666666666667,5.0,6.5,7.0,,6.94,5.0,Fase 7,-2,,,7.708333333,Ametista,
RA-1188,Fase 5,5G,Aluno-1188,2008,16,F,2023,Publica,2024,,,,,3.0,Avaliador-23,Avaliador-1,Avaliador-5,9.168,10.0,7.51,7.0,7.0,6.0,8.0,,7.106666667,5.0,Fase 6,-1,,,8.125,Ametista,
RA-1613,Fase 5,5G,Aluno-1613,2007,17,F,2024,Publica,2024,,,,,3.0,Avaliador-23,Avaliador-1,Avaliador-5,8.334,7.1428571430000005,7.51,3.0,0.0,1.0,8.0,,6.216666667,5.0,Fase 7,-2,,,7.291666667,Agata,
RA-244,Fase 5,5G,Aluno-244,2010,14,F,2021,Bolsista,2024,Topazio,Topazio,Topazio,8.510208575470424,3.0,Avaliador-23,Avaliador-1,Avaliador-5,7.5,10.0,6.26,9.5,10.0,9.0,9.5,,8.17,10.0,Fase 4,1,,Ametista,8.125,Topazio,
RA-267,Fase 5,5G,Aluno-267,2007,17,F,2021,Publica,2024,Agata,Quartzo,Agata,6.011790235258207,3.0,Avaliador-23,Avaliador-1,Avaliador-5,10.002,8.285533910333333,6.26,2.0,0.0,2.0,4.0,,6.273333333,5.0,Fase 7,-2,,,4.583333333,Quartzo,
RA-1189,Fase 5,5G,Aluno-1189,2008,16,F,2023,Publica,2024,,,,,3.0,Avaliador-23,Avaliador-1,Avaliador-5,9.585,8.672360248333332,7.51,7.666666666666667,7.0,7.0,9.0,,7.106666667,5.0,Fase 6,-1,,,7.5,Ametista,
RA-113,Fase 5,5G,Aluno-113,2007,16,F,2021,Publica,2024,Ametista,Agata,Quartzo,3.0318062222222224,3.0,Avaliador-23,Avaliador-5,Avaliador-5,8.751,7.063851181666667,7.51,6.666666666666667,7.0,6.0,7.0,,7.106666667,5.0,Fase 6,-1,,,7.5,Ametista,
RA-152,Fase 5,5L,Aluno-152,2006,17,F,2022,Publica,2024,,,Agata,6.712044773504273,3.0,Avaliador-23,Avaliador-24,Avaliador-7,7.5,7.337719298333333,5.63,5.166666666666667,0.0,7.5,8.0,,7.443333333,5.0,Fase 7,-2,,Agata,7.8125,Agata,
RA-318,Fase 5,5L,Aluno-318,2008,16,F,2021,Publica,2024,Agata,Ametista,Agata,6.527470839262188,3.0,Avaliador-23,Avaliador-24,Avaliador-7,7.917,9.129629629666667,7.51,4.666666666666667,2.0,6.0,6.0,,7.443333333,5.0,Fase 6,-1,,Agata,7.34375,Ametista,
RA-274,Fase 5,5L,Aluno-274,2011,13,F,2021,Bolsista,2024,Ametista,Topazio,Ametista,7.945715145299146,3.0,Avaliador-23,Avaliador-24,Avaliador-7,8.334,9.648148147999999,5.635,9.333333333333334,9.0,9.0,10.0,,8.226666667,10.0,Fase 3,2,,Topazio,8.125,Topazio,
RA-319,Fase 5,5L,Aluno-319,2009,15,M,2022,Publica,2024,,,Ametista,7.448464223100571,3.0,Avaliador-23,Avaliador-24,Avaliador-7,9.585,9.024122807,7.51,5.833333333333333,4.0,5.0,8.5,,7.666666667,10.0,Fase 5,0,,Topazio,7.34375,Ametista,
RA-160,Fase 5,5L,Aluno-160,2007,17,F,2021,Bolsista,2024,,Agata,Agata,6.745866585563862,3.0,Avaliador-23,Avaliador-24,Avaliador-7,8.334,7.416666666666667,6.26,5.666666666666667,3.0,5.5,8.5,,7.723333333,5.0,Fase 6,-1,,Agata,7.34375,Agata,
RA-161,Fase 5,5L,Aluno-161,2009,15,F,2021,Bolsista,2024,Ametista,Ametista,Ametista,7.95721614036921,3.0,Avaliador-23,Avaliador-24,Avaliador-7,8.751,7.965686274666666,6.26,4.0,5.0,7.0,0.0,,7.836666667,10.0,Fase 5,0,,Agata,7.96875,Ametista,
RA-1614,Fase 5,5L,Aluno-1614,2008,16,M,2024,Publica,2024,,,,,3.0,Avaliador-23,Avaliador-24,Avaliador-7,7.5,6.574494949666668,7.51,6.5,5.0,5.5,9.0,,7.11,5.0,Fase 6,-1,,,7.5,Agata,
RA-164,Fase 5,5L,Aluno-164,2006,17,M,2021,Privada,2024,Agata,Agata,Agata,6.775990920062696,3.0,Avaliador-23,Avaliador-24,Avaliador-7,9.585,8.084795321666666,6.26,5.666666666666667,6.0,2.0,9.0,,6.886666667,5.0,Fase 7,-2,,Quartzo,6.25,Agata,
RA-165,Fase 5,5L,Aluno-165,2008,16,F,2021,Bolsista,2024,Ametista,Ametista,Topazio,8.063313842911878,3.0,Avaliador-23,Avaliador-24,Avaliador-7,7.5,9.431042884999998,7.51,8.5,10.0,7.5,8.0,,7.893333333,10.0,Fase 5,0,,Ametista,7.96875,Topazio,
RA-1615,Fase 5,5M,Aluno-1615,2008,15,F,2024,Publica,2024,,,,,4.0,Avaliador-23,Avaliador-24,Avaliador-1,7.917,9.833333333333334,7.51,8.333333333333334,8.0,7.0,10.0,,7.4575,10.0,Fase 5,0,,,7.5,Topazio,
RA-1616,Fase 5,5M,Aluno-1616,2007,17,F,2024,Publica,2024,,,,,4.0,Avaliador-23,Avaliador-24,Avaliador-1,8.334,8.436274509666667,7.51,6.166666666666667,5.5,6.5,6.5,,7.12,5.0,Fase 6,-1,,,7.1875,Ametista,
RA-271,Fase 5,5M,Aluno-271,2007,17,F,2022,Publica,2024,,,Ametista,7.254680434997751,4.0,Avaliador-23,Avaliador-24,Avaliador-1,9.168,8.958333333333334,6.26,7.333333333333333,5.0,7.5,9.5,,6.7475,5.0,Fase 6,-1,,Agata,7.5,Ametista,
RA-316,Fase 5,5M,Aluno-316,2008,15,F,2022,Bolsista,2024,,,Ametista,7.8888911111111115,4.0,Avaliador-23,Avaliador-24,Avaliador-1,9.168,10.0,7.51,8.0,8.5,7.0,8.5,,8.3775,10.0,Fase 5,0,,Topazio,7.65625,Topazio,
RA-286,Fase 5,5M,Aluno-286,2007,16,F,2022,Publica,2024,,,Quartzo,5.423826381118881,4.0,Avaliador-23,Avaliador-24,Avaliador-1,6.666,4.031862745000001,6.26,3.1666666666666665,5.0,0.0,4.5,,5.7825,5.0,Fase 6,-1,,Quartzo,7.34375,Quartzo,
RA-320,Fase 5,5M,Aluno-320,2008,15,F,2022,Bolsista,2024,,,Ametista,7.897223888888889,4.0,Avaliador-23,Avaliador-24,Avaliador-1,9.168,10.0,7.51,6.666666666666667,7.5,5.5,7.0,,8.3775,10.0,Fase 5,0,,Topazio,7.65625,Topazio,
RA-1207,Fase 5,5M,Aluno-1207,2008,16,F,2023,Publica,2024,,,,,4.0,Avaliador-23,Avaliador-24,Avaliador-1,8.334,6.581140350999999,7.51,5.333333333333333,4.5,1.5,10.0,,6.5375,5.0,Fase 6,-1,,Ametista,7.34375,Agata,
RA-1617,Fase 5,5M,Aluno-1617,2008,16,F,2024,Publica,2024,,,,,4.0,Avaliador-23,Avaliador-24,Avaliador-1,0.0,5.571428571333333,7.51,3.25,0.5,6.0,,,6.1175,5.0,Fase 6,-1,,,6.875,Quartzo,
RA-158,Fase 5,5M,Aluno-158,2009,15,F,2021,Bolsista,2024,Ametista,Ametista,Ametista,7.302153111111111,4.0,Avaliador-23,Avaliador-24,Avaliador-1,8.334,7.796296296333334,6.26,4.0,2.5,1.5,8.0,,6.745,10.0,Fase 5,0,,Ametista,6.875,Agata,
RA-306,Fase 5,5M,Aluno-306,2008,16,F,2021,Publica,2024,,Ametista,Agata,6.427354572463768,4.0,Avaliador-23,Avaliador-24,Avaliador-1,7.917,7.699561403666666,7.51,2.8333333333333335,3.5,1.5,3.5,,6.4125,5.0,Fase 6,-1,,Quartzo,7.34375,Agata,
RA-1618,Fase 5,5M,Aluno-1618,2007,17,M,2024,Publica,2024,,,,,4.0,Avaliador-23,Avaliador-24,Avaliador-1,8.334,7.908496732000001,7.51,6.333333333333333,5.0,7.0,7.0,,6.83,5.0,Fase 6,-1,,,7.5,Ametista,
RA-308,Fase 5,5M,Aluno-308,2009,15,M,2021,Publica,2024,Ametista,Ametista,Agata,6.929611095238096,4.0,Avaliador-23,Avaliador-24,Avaliador-1,7.083,8.714912280666667,5.635,6.5,5.5,7.0,7.0,,7.1225,10.0,Fase 4,1,,Agata,7.5,Ametista,
RA-1619,Fase 5,5M,Aluno-1619,2009,15,M,2024,Publica,2024,,,,,4.0,Avaliador-23,Avaliador-24,Avaliador-1,7.501,9.259259259333334,7.51,4.25,4.0,4.5,,,7.205,10.0,Fase 4,1,,,7.5,Ametista,
RA-299,Fase 5,5N,Aluno-299,2009,15,F,2021,Bolsista,2024,Topazio,Ametista,Ametista,7.278024793650793,3.0,Avaliador-23,Avaliador-22,Avaliador-1,8.751,8.963768115999999,6.26,8.166666666666666,8.0,7.5,9.0,,7.5,10.0,Fase 4,1,,Agata,7.5,Topazio,
RA-251,Fase 5,5N,Aluno-251,2007,16,M,2021,Publica,2024,Ametista,Ametista,Agata,7.0217378212853765,3.0,Avaliador-23,Avaliador-22,Avaliador-1,8.751,8.612836439,5.63,4.5,4.0,2.5,7.0,,7.326666667,5.0,Fase 6,-1,,Agata,6.875,Agata,
RA-157,Fase 5,5N,Aluno-157,2010,14,F,2021,Bolsista,2024,Ametista,Topazio,Topazio,8.31659788888889,3.0,Avaliador-23,Avaliador-22,Avaliador-1,8.334,10.0,6.26,9.666666666666666,10.0,9.0,10.0,,8.726666667,10.0,Fase 4,1,,Ametista,8.125,Topazio,
RA-1620,Fase 5,5N,Aluno-1620,2007,16,M,2024,Publica,2024,,,,,3.0,Avaliador-23,Avaliador-22,Avaliador-1,8.751,6.666666666666667,7.51,5.166666666666667,5.5,7.0,3.0,,7.05,5.0,Fase 6,-1,,,7.5,Agata,
RA-321,Fase 5,5N,Aluno-321,2010,14,F,2022,Publica,2024,,,Ametista,7.792205060606061,3.0,Avaliador-23,Avaliador-22,Avaliador-1,7.917,9.534706331,6.26,7.166666666666667,6.0,6.0,9.5,,7.776666667,10.0,Fase 4,1,,Ametista,8.125,Topazio,
RA-1195,Fase 5,5N,Aluno-1195,2006,18,F,2022,Publica,2024,,,,,3.0,Avaliador-23,Avaliador-22,Avaliador-1,9.585,9.855072463666666,5.63,6.166666666666667,8.0,5.0,5.5,,7.663333333,5.0,Fase 7,-2,,Quartzo,7.5,Ametista,
RA-1200,Fase 5,5N,Aluno-1200,2007,16,F,2023,Publica,2024,,,,,3.0,Avaliador-23,Avaliador-22,Avaliador-1,7.917,7.099419478000001,6.26,1.5,0.0,4.5,0.0,,6.27,5.0,Fase 6,-1,,Quartzo,7.5,Quartzo,
RA-278,Fase 5,5N,Aluno-278,2010,14,M,2021,Bolsista,2024,Ametista,Topazio,Ametista,7.740831693121693,3.0,Avaliador-23,Avaliador-22,Avaliador-1,9.168,9.855072463666666,7.51,9.333333333333334,9.0,9.0,10.0,,7.946666667,10.0,Fase 4,1,,Ametista,8.125,Topazio,
RA-85,Fase 5,5N,Aluno-85,2007,17,M,2022,Publica,2024,,,Agata,6.243027512820514,3.0,Avaliador-23,Avaliador-22,Avaliador-1,8.334,8.668046928999999,3.755,7.666666666666667,9.0,4.5,9.5,,6.993333333,5.0,Fase 7,-2,,Ametista,6.25,Agata,
RA-279,Fase 5,5N,Aluno-279,2009,15,M,2021,Bolsista,2024,Topazio,Topazio,Topazio,8.815164203703704,3.0,Avaliador-23,Avaliador-22,Avaliador-1,9.168,10.0,7.51,9.333333333333334,10.0,8.0,10.0,,8.726666667,10.0,Fase 4,1,,Topazio,8.333333333,Topazio,
RA-1621,Fase 5,5N,Aluno-1621,2007,17,F,2024,Publica,2024,,,,,3.0,Avaliador-23,Avaliador-22,Avaliador-1,7.917,10.0,6.26,8.333333333333334,7.5,7.5,10.0,,8.446666667,5.0,Fase 6,-1,,,8.333333333,Topazio,
RA-280,Fase 5,5N,Aluno-280,2009,15,F,2021,Bolsista,2024,,Topazio,Ametista,8.045898786731787,3.0,Avaliador-23,Avaliador-22,Avaliador-1,7.917,9.855072463666666,6.26,9.333333333333334,10.0,8.0,10.0,,8.67,10.0,Fase 4,1,,Topazio,8.333333333,Topazio,
RA-1201,Fase 5,5N,Aluno-1201,2008,16,M,2023,Publica,2024,,,,,3.0,Avaliador-23,Avaliador-22,Avaliador-1,8.751,9.523809523666666,7.51,9.0,9.0,8.0,10.0,,8.56,5.0,Fase 6,-1,,Topazio,8.333333333,Topazio,
RA-1622,Fase 5,5N,Aluno-1622,2007,16,F,2024,Publica,2024,,,,,3.0,Avaliador-23,Avaliador-22,Avaliador-1,8.334,10.0,7.51,9.666666666666666,10.0,9.0,10.0,,7.89,5.0,Fase 6,-1,,,8.333333333,Topazio,
RA-132,Fase 6,6A,Aluno-132,2008,16,F,2021,Bolsista,2024,Topazio,Ametista,Topazio,8.354717840548341,5.0,Avaliador-23,Avaliador-24,Avaliador-1,8.334,8.380952380666665,7.51,8.333333333333334,7.0,8.0,10.0,,8.44,10.0,Fase 6,0,,Ametista,8.59375,Topazio,
RA-42,Fase 6,6A,Aluno-42,2007,17,M,2021,Publica,2024,Topazio,Ametista,Agata,6.719708994708995,5.0,Avaliador-23,Avaliador-24,Avaliador-1,9.168,9.682539682666667,5.635,8.166666666666666,9.0,7.5,8.0,,7.134,5.0,Fase 7,-1,,Agata,6.796875,Ametista,
RA-1623,Fase 6,6A,Aluno-1623,2007,17,M,2024,Publica,2024,,,,,5.0,Avaliador-23,Avaliador-24,Avaliador-1,9.168,8.518518518666667,6.26,6.0,5.5,2.5,10.0,,7.666,10.0,Fase 6,0,,,7.8125,Ametista,
RA-106,Fase 6,6A,Aluno-106,2007,16,F,2021,Bolsista,2024,Topazio,Ametista,Ametista,7.9733816513168145,5.0,Avaliador-23,Avaliador-24,Avaliador-1,9.168,8.761904762,5.635,5.666666666666667,7.0,3.5,6.5,,7.872,10.0,Fase 6,0,,Ametista,7.8125,Ametista,
RA-123,Fase 6,6A,Aluno-123,2006,18,M,2021,Bolsista,2024,Ametista,Ametista,Ametista,7.0841091954022986,5.0,Avaliador-23,Avaliador-24,Avaliador-1,7.5,8.412698412666666,5.635,7.166666666666667,6.5,5.5,9.5,,6.43,5.0,Fase 7,-1,,Agata,6.71875,Agata,
RA-125,Fase 6,6A,Aluno-125,2007,17,F,2022,Privada,2024,,,Ametista,7.619179857540927,5.0,Avaliador-23,Avaliador-24,Avaliador-1,8.334,5.6428571430000005,7.51,6.166666666666667,3.0,7.0,8.5,,7.232,5.0,Fase 7,-1,,Agata,7.34375,Agata,
RA-1624,Fase 6,6A,Aluno-1624,2006,18,F,2024,Outros,2024,,,,,5.0,Avaliador-23,Avaliador-24,Avaliador-1,7.917,9.460317460333334,7.51,7.5,8.0,5.5,9.0,,7.636,5.0,Fase 7,-1,,,7.8125,Ametista,
RA-1625,Fase 6,6A,Aluno-1625,2007,17,M,2024,Publica,2024,,,,,5.0,Avaliador-23,Avaliador-24,Avaliador-1,7.5,7.112887113,7.51,4.333333333333333,3.0,2.0,8.0,,6.896,10.0,Fase 6,0,,,7.1875,Agata,
RA-1626,Fase 6,6A,Aluno-1626,2008,16,F,2024,Publica,2024,,,,,5.0,Avaliador-23,Avaliador-24,Avaliador-1,8.751,9.696969697,7.51,7.333333333333333,5.5,6.5,10.0,,8.404,10.0,Fase 6,0,,,8.28125,Topazio,
RA-1627,Fase 6,6A,Aluno-1627,2007,17,F,2024,Publica,2024,,,,,5.0,Avaliador-23,Avaliador-24,Avaliador-1,7.083,7.777777777666667,7.51,7.833333333333333,6.0,7.5,10.0,,8.172,5.0,Fase 7,-1,,,7.65625,Ametista,
RA-1628,Fase 6,6A,Aluno-1628,2008,16,F,2024,Publica,2024,,,,,5.0,Avaliador-23,Avaliador-24,Avaliador-1,8.334,8.509823509666667,7.51,5.833333333333333,3.0,5.0,9.5,,6.798,10.0,Fase 6,0,,,6.875,Ametista,
RA-112,Fase 6,6A,Aluno-112,2007,17,F,2021,Bolsista,2024,Ametista,Ametista,Ametista,7.83582013255232,5.0,Avaliador-23,Avaliador-24,Avaliador-1,7.083,7.978174603333333,7.51,8.0,9.5,6.0,8.5,,8.004,10.0,Fase 6,0,,Ametista,7.96875,Topazio,
RA-1629,Fase 6,6A,Aluno-1629,2007,17,F,2024,Publica,2024,,,,,5.0,Avaliador-23,Avaliador-24,Avaliador-1,9.585,8.645502645666667,7.51,7.25,8.75,3.0,10.0,,7.266,5.0,Fase 7,-1,,,7.1875,Ametista,
RA-91,Fase 6,6L,Aluno-91,2006,18,F,2021,Bolsista,2024,Ametista,Ametista,Agata,6.644810737664296,5.0,Avaliador-23,Avaliador-24,Avaliador-26,10.002,7.476190476333334,5.635,7.333333333333333,9.0,4.0,9.0,,8.068,5.0,Fase 7,-1,,Ametista,7.875,Ametista,
RA-167,Fase 6,6L,Aluno-167,2006,18,F,2021,Bolsista,2024,Ametista,Ametista,Ametista,7.7984703695652176,5.0,Avaliador-23,Avaliador-24,Avaliador-26,8.751,9.473684210666667,6.26,8.166666666666666,8.0,6.5,10.0,,8.334,5.0,Fase 7,-1,,Ametista,8.375,Topazio,
RA-1203,Fase 6,6L,Aluno-1203,2007,17,F,2023,Bolsista,2024,,,,,5.0,Avaliador-23,Avaliador-24,Avaliador-26,9.168,9.649122807,7.51,9.0,8.5,9.0,9.5,,8.572,10.0,Fase 6,0,,Ametista,8.375,Topazio,
RA-94,Fase 6,6L,Aluno-94,2007,17,F,2021,Bolsista,2024,Ametista,Topazio,Topazio,8.920648367521368,5.0,Avaliador-23,Avaliador-24,Avaliador-26,10.002,9.666666666666666,6.26,8.0,7.0,7.0,10.0,,8.2,10.0,Fase 6,0,,Ametista,8.375,Topazio,
RA-81,Fase 6,6L,Aluno-81,2008,16,F,2021,Bolsista,2024,Ametista,Topazio,Ametista,7.674870047785548,5.0,Avaliador-23,Avaliador-24,Avaliador-26,9.168,9.333333333333334,6.26,7.5,9.0,6.5,7.0,,7.798,10.0,Fase 6,0,,Ametista,7.875,Topazio,
RA-1630,Fase 6,6L,Aluno-1630,2008,16,M,2024,Bolsista,2024,,,,,5.0,Avaliador-23,Avaliador-24,Avaliador-26,8.334,9.833333333333334,7.51,7.333333333333333,9.0,9.0,4.0,,8.702,10.0,Fase 6,0,,,8.25,Topazio,
RA-171,Fase 6,6L,Aluno-171,2006,18,M,2022,Publica,2024,,,Agata,6.580933343434343,5.0,Avaliador-23,Avaliador-24,Avaliador-26,7.5,7.833333333333333,5.635,8.333333333333334,7.0,8.0,10.0,,7.598,5.0,Fase 7,-1,,Agata,7.625,Ametista,
RA-1220,Fase 6,6L,Aluno-1220,2005,18,F,2023,Outros,2024,,,,,5.0,Avaliador-23,Avaliador-24,Avaliador-26,7.083,8.555555555666666,6.885,7.666666666666667,9.0,7.0,7.0,,6.26,5.0,Fase 7,-1,,Agata,7.5,Ametista,
RA-1631,Fase 6,6L,Aluno-1631,2007,17,M,2024,Privada,2024,,,,,5.0,Avaliador-23,Avaliador-24,Avaliador-26,9.585,10.0,7.51,7.166666666666667,5.0,6.5,10.0,,8.468,5.0,Fase 7,-1,,,8.5,Topazio,
RA-1632,Fase 6,6L,Aluno-1632,2008,16,M,2024,Publica,2024,,,,,5.0,Avaliador-23,Avaliador-24,Avaliador-26,9.168,10.0,7.51,6.666666666666667,9.0,6.0,5.0,,8.066,10.0,Fase 6,0,,,7.75,Topazio,
RA-1210,Fase 6,6L,Aluno-1210,2007,17,F,2023,Publica,2024,,,,,5.0,Avaliador-23,Avaliador-24,Avaliador-26,9.585,10.0,7.51,5.5,5.0,6.5,5.0,,8.166,10.0,Fase 6,0,,Ametista,7.875,Topazio,
RA-175,Fase 6,6L,Aluno-175,2007,17,F,2021,Bolsista,2024,Ametista,Ametista,Agata,6.749980560606062,5.0,Avaliador-23,Avaliador-24,Avaliador-26,10.002,9.473684210666667,6.26,8.5,9.5,6.5,9.5,,7.766,5.0,Fase 7,-1,,Agata,7.5,Topazio,
RA-80,Fase 7,7A,Aluno-80,2006,18,F,2021,Bolsista,2024,Ametista,Topazio,Ametista,7.2897954425019424,3.0,Avaliador-22,Avaliador-26,Avaliador-7,8.751,7.8961292116666675,8.13,7.0,5.0,6.0,10.0,,7.946666667,10.0,Fase 7,0,,Ametista,8.75,Topazio,
RA-40,Fase 7,7A,Aluno-40,2006,18,F,2021,Bolsista,2024,Ametista,Agata,Ametista,7.2029775238095235,3.0,Avaliador-22,Avaliador-26,Avaliador-7,7.083,7.211257310000001,8.13,5.333333333333333,3.5,6.0,6.5,,6.276666667,10.0,Fase 7,0,,Ametista,8.125,Ametista,
RA-1214,Fase 7,7A,Aluno-1214,2007,17,M,2023,Publica,2024,,,,,3.0,Avaliador-22,Avaliador-26,Avaliador-7,10.002,9.081527348,8.13,8.0,8.0,6.0,10.0,,7.663333333,10.0,Fase 7,0,,Topazio,8.28125,Topazio,
RA-92,Fase 7,7A,Aluno-92,2006,18,F,2021,Bolsista,2024,Topazio,Ametista,Agata,6.957316284888314,3.0,Avaliador-22,Avaliador-26,Avaliador-7,10.002,8.769145085,7.51,7.5,8.0,5.0,9.5,,6.33,10.0,Fase 7,0,,Ametista,7.8125,Topazio,
RA-45,Fase 7,7A,Aluno-45,2007,17,F,2021,Bolsista,2024,Ametista,Topazio,Ametista,7.590972222222223,3.0,Avaliador-22,Avaliador-26,Avaliador-7,7.5,9.619047619,9.38,8.0,7.5,7.0,9.5,,8.283333333,10.0,Fase 7,0,,Topazio,8.75,Topazio,
RA-56,Fase 7,7A,Aluno-56,2007,17,F,2021,Bolsista,2024,Topazio,Topazio,Topazio,8.404169666666668,3.0,Avaliador-22,Avaliador-26,Avaliador-7,10.002,9.265350877333333,10.0,7.666666666666667,8.0,6.0,9.0,,9.233333333,10.0,Fase 7,0,,Topazio,8.4375,Topazio,
RA-57,Fase 7,7A,Aluno-57,2006,18,M,2021,Bolsista,2024,Ametista,Ametista,Ametista,7.304722388888888,3.0,Avaliador-22,Avaliador-26,Avaliador-7,9.585,6.010860484333333,6.88,6.166666666666667,6.0,6.5,6.0,,7.39,10.0,Fase 7,0,,Agata,8.59375,Ametista,
RA-58,Fase 7,7A,Aluno-58,2007,17,M,2021,Bolsista,2024,Topazio,Topazio,Topazio,8.135882296296298,3.0,Avaliador-22,Avaliador-26,Avaliador-7,9.585,9.824561403666666,7.51,7.333333333333333,8.0,6.5,7.5,,8.62,10.0,Fase 7,0,,Ametista,9.0625,Topazio,
RA-78,Fase 7,7A,Aluno-78,2005,19,F,2021,Bolsista,2024,Ametista,Agata,Ametista,7.039504634920634,3.0,Avaliador-22,Avaliador-26,Avaliador-7,8.751,8.028404344,8.755,7.5,6.5,6.0,10.0,,7.39,10.0,Fase 7,0,,Agata,8.4375,Topazio,
RA-87,Fase 7,7A,Aluno-87,2007,17,M,2021,Bolsista,2024,,Ametista,Topazio,8.71196797863248,3.0,Avaliador-22,Avaliador-26,Avaliador-7,8.751,9.649122807,9.375,9.166666666666666,10.0,7.5,10.0,,9.623333333,10.0,Fase 6,1,,Topazio,9.375,Topazio,
RA-64,Fase 7,7A,Aluno-64,2006,18,F,2021,Bolsista,2024,Ametista,Topazio,Ametista,7.3675192298474945,3.0,Avaliador-22,Avaliador-26,Avaliador-7,10.002,8.980785296666667,8.135,8.166666666666666,8.0,6.5,10.0,,8.283333333,10.0,Fase 7,0,,Ametista,8.4375,Topazio,
RA-48,Fase 7,7A,Aluno-48,2007,17,F,2021,Bolsista,2024,Ametista,Ametista,Ametista,8.005754301587302,3.0,Avaliador-22,Avaliador-26,Avaliador-7,7.917,8.339076859,9.375,7.5,6.5,6.0,10.0,,8.23,10.0,Fase 7,0,,Ametista,8.59375,Topazio,
RA-1230,Fase 7,7E,Aluno-1230,2007,17,F,2021,Bolsista,2024,,,,,0.0,,,,7.917,0.0,7.195,0.0,0.0,0.0,0.0,,7.5,10.0,Fase 7,0,,,7.5,Quartzo,
RA-90,Fase 7,7E,Aluno-90,2009,15,F,2021,Bolsista,2024,Topazio,Topazio,Topazio,9.441521857142858,0.0,,,,10.002,9.0,6.885,8.066666666666666,7.7,8.3,8.2,,7.5,10.0,Fase 5,2,,Topazio,7.5,Topazio,
RA-269,Fase 7,7E,Aluno-269,2009,15,M,2022,Bolsista,2024,,,Topazio,8.230908478550688,0.0,,,,9.168,9.6,7.505,8.200000000000001,8.1,8.6,7.9,,7.5,10.0,Fase 5,2,,Topazio,7.5,Topazio,
RA-270,Fase 7,7E,Aluno-270,2009,15,F,2021,Bolsista,2024,Ametista,Topazio,Topazio,8.225582168498168,0.0,,,,9.168,0.0,6.2575,0.0,0.0,0.0,0.0,,7.5,10.0,Fase 5,2,,Ametista,7.5,Quartzo,
RA-76,Fase 7,7E,Aluno-76,2007,16,F,2021,Bolsista,2024,Ametista,Topazio,Topazio,9.105280944444445,0.0,,,,10.002,9.0,6.885,7.066666666666666,7.3,7.8,6.1,,7.5,10.0,Fase 5,2,,,7.5,Topazio,
RA-153,Fase 7,7E,Aluno-153,2008,16,F,2021,Bolsista,2024,Agata,Ametista,Ametista,7.535259906926407,0.0,,,,8.751,0.0,6.5675,0.0,0.0,0.0,0.0,,7.5,10.0,Fase 5,2,,Ametista,7.5,Quartzo,
RA-1226,Fase 7,7E,Aluno-1226,2007,17,F,2021,Bolsista,2024,,,,,0.0,,,,8.334,9.0,6.885,6.066666666666666,6.0,6.2,6.0,,7.5,10.0,Fase 7,0,,,7.5,Ametista,
RA-93,Fase 7,7E,Aluno-93,2007,17,F,2021,Bolsista,2024,Ametista,Topazio,Topazio,8.940600419054803,0.0,,,,9.168,9.931666667,6.2575,7.483333333333333,6.75,7.2,8.5,,7.5,10.0,Fase 6,1,,,7.5,Topazio,
RA-119,Fase 7,7E,Aluno-119,2008,16,F,2021,Bolsista,2024,Ametista,Agata,Ametista,7.500521257187258,0.0,,,,7.083,9.983333333,6.57,7.366666666666667,6.05,7.5,8.55,,7.5,10.0,Fase 6,1,,,7.5,Topazio,
RA-241,Fase 7,7E,Aluno-241,2008,16,M,2021,Bolsista,2024,Ametista,Topazio,Topazio,8.467711333333334,0.0,,,,10.002,9.891666667,7.1975,6.816666666666667,6.15,7.2,7.1,,7.5,10.0,Fase 5,2,,Ametista,7.5,Topazio,
RA-242,Fase 7,7E,Aluno-242,2009,15,M,2021,Bolsista,2024,Ametista,Ametista,Topazio,8.672919666666665,0.0,,,,9.585,9.621,6.26,7.650000000000001,8.05,8.05,6.85,,7.5,10.0,Fase 5,2,,Topazio,7.5,Topazio,
RA-52,Fase 7,7E,Aluno-52,2009,15,M,2021,Bolsista,2024,Topazio,Ametista,Ametista,7.8608746825396825,0.0,,,,8.751,9.437666667,6.885,7.216666666666666,6.8,8.85,6.0,,7.5,10.0,Fase 5,2,,Ametista,7.5,Topazio,
RA-1227,Fase 7,7E,Aluno-1227,2006,17,F,2021,Bolsista,2024,,,,,0.0,,,,8.751,0.0,7.195,0.0,0.0,0.0,0.0,,7.5,10.0,Fase 7,0,,,7.5,Quartzo,
RA-245,Fase 7,7E,Aluno-245,2008,16,M,2021,Bolsista,2024,Ametista,Topazio,Topazio,8.655707365079365,0.0,,,,9.168,9.953333333,6.885,8.033333333333333,8.4,7.6,8.1,,7.5,10.0,Fase 5,2,,Ametista,7.5,Topazio,
RA-246,Fase 7,7E,Aluno-246,2009,15,M,2022,Bolsista,2024,,,Topazio,8.639021494227995,0.0,,,,8.334,0.0,6.57,0.0,0.0,0.0,0.0,,7.5,10.0,Fase 5,2,,Topazio,7.5,Quartzo,
RA-1228,Fase 7,7E,Aluno-1228,2006,18,F,2021,Bolsista,2024,,,,,0.0,,,,8.751,0.0,7.51,0.0,0.0,0.0,0.0,,7.5,10.0,Fase 7,0,,,7.5,Quartzo,
RA-1229,Fase 7,7E,Aluno-1229,2006,17,F,2021,Bolsista,2024,,,,,0.0,,,,9.168,0.0,6.57,0.0,0.0,0.0,0.0,,7.5,10.0,Fase 7,0,,,7.5,Quartzo,
RA-98,Fase 7,7E,Aluno-98,2007,16,F,2021,Bolsista,2024,Topazio,Topazio,Topazio,9.354308222222222,0.0,,,,9.585,9.546,7.1975,8.9,9.2,8.9,8.6,,7.5,10.0,Fase 6,1,,,7.5,Topazio,
RA-277,Fase 7,7E,Aluno-277,2008,16,M,2021,Bolsista,2024,,Ametista,Ametista,7.411457833333333,0.0,,,,8.334,9.741666667,6.5725,6.8999999999999995,6.5,8.15,6.05,,7.5,10.0,Fase 5,2,,Ametista,7.5,Topazio,
RA-172,Fase 7,7E,Aluno-172,2008,16,F,2021,Bolsista,2024,Ametista,Topazio,Topazio,8.67342461904762,0.0,,,,8.751,9.8,6.57,6.933333333333334,6.7,7.7,6.4,,7.5,10.0,Fase 6,1,,,7.5,Topazio,
RA-291,Fase 7,7E,Aluno-291,2009,15,M,2022,Bolsista,2024,,,Topazio,8.121970030303032,0.0,,,,8.751,9.737666667,6.26,6.166666666666667,6.0,6.5,6.0,,7.5,10.0,Fase 5,2,,Topazio,7.5,Ametista,
RA-86,Fase 7,7E,Aluno-86,2006,18,M,2021,Bolsista,2024,Topazio,Ametista,Ametista,7.566015304972806,0.0,,,,6.667,9.704333333,6.57,5.483333333333333,6.35,6.3,3.8,,7.5,10.0,Fase 7,0,,,7.5,Ametista,
RA-143,Fase 7,7E,Aluno-143,2009,15,M,2021,Bolsista,2024,Topazio,Topazio,Topazio,8.63847438888889,0.0,,,,10.002,9.92,6.885,2.6333333333333333,0.0,0.0,7.9,,7.5,10.0,Fase 5,2,,Ametista,7.5,Ametista,
RA-166,Fase 7,7E,Aluno-166,2008,16,M,2021,Bolsista,2024,Ametista,Ametista,Topazio,8.253049807035875,0.0,,,,8.334,9.246,6.5725,8.266666666666667,8.2,7.8,8.8,,7.5,10.0,Fase 6,1,,Topazio,7.5,Topazio,
RA-191,Fase 7,7E,Aluno-191,2009,15,M,2021,Bolsista,2024,Topazio,Topazio,Topazio,8.740216279956428,0.0,,,,7.5,9.571,5.945,6.3999999999999995,6.0,6.9,6.3,,7.5,10.0,Fase 5,2,,Ametista,7.5,Ametista,
RA-1236,Fase 8,8A,Aluno-1236,2002,22,F,2021,Privada,2024,,,,,0.0,,,,,0.0,,,,,,,,10.0,Fase 8,0,,,,,
RA-1234,Fase 8,8A,Aluno-1234,2002,21,F,2021,Privada,2024,,,,,0.0,,,,,0.0,,,,,,,,10.0,Fase 8,0,,,,,
RA-1633,Fase 8,8B,Aluno-1633,2003,21,M,2021,Privada,2024,,,,,0.0,,,,,0.0,,,,,,,,10.0,Fase 8,0,,,,,
RA-1248,Fase 8,8B,Aluno-1248,2003,21,M,2021,Privada,2024,,,,,0.0,,,,,0.0,,,,,,,,10.0,Fase 8,0,,,,,
RA-1246,Fase 8,8B,Aluno-1246,2003,21,F,2021,Privada,2024,,,,,0.0,,,,,0.0,,,,,,,,10.0,Fase 8,0,,,,,
RA-1245,Fase 8,8B,Aluno-1245,2003,21,M,2021,Privada,2024,,,,,0.0,,,,,0.0,,,,,,,,10.0,Fase 8,0,,,,,
RA-1244,Fase 8,8B,Aluno-1244,2003,21,F,2021,Privada,2024,,,,,0.0,,,,,0.0,,,,,,,,10.0,Fase 8,0,,,,,
RA-1634,Fase 8,8B,Aluno-1634,2003,21,F,2021,Privada,2024,,,,,0.0,,,,,0.0,,,,,,,,10.0,Fase 8,0,,,,,
RA-1242,Fase 8,8B,Aluno-1242,2003,20,F,2021,Privada,2024,,,,,0.0,,,,,0.0,,,,,,,,10.0,Fase 8,0,,,,,
RA-1250,Fase 8,8B,Aluno-1250,2003,21,M,2021,Bolsista,2024,,,,,0.0,,,,,0.0,,,,,,,,10.0,Fase 8,0,,,,,
RA-1241,Fase 8,8B,Aluno-1241,2003,21,F,2021,Privada,2024,,,,,0.0,,,,,0.0,,,,,,,,10.0,Fase 8,0,,,,,
RA-1240,Fase 8,8B,Aluno-1240,2003,21,M,2021,Privada,2024,,,,,0.0,,,,,0.0,,,,,,,,10.0,Fase 8,0,,,,,
RA-1249,Fase 8,8B,Aluno-1249,1996,27,M,2021,Privada,2024,,,,,0.0,,,,,0.0,,,,,,,,10.0,Fase 8,0,,,,,
RA-1239,Fase 8,8B,Aluno-1239,2003,21,F,2021,Bolsista,2024,,,,,0.0,,,,,0.0,,,,,,,,10.0,Fase 8,0,,,,,
RA-1251,Fase 8,8B,Aluno-1251,2003,21,F,2021,Privada,2024,,,,,0.0,,,,,0.0,,,,,,,,10.0,Fase 8,0,,,,,
RA-1264,Fase 8,8D,Aluno-1264,2002,21,F,2021,Privada,2024,,,,,0.0,,,,,0.0,,,,,,,,10.0,Fase 8,0,,,,,
RA-1263,Fase 8,8D,Aluno-1263,2003,21,F,2021,Bolsista,2024,,,,,0.0,,,,,0.0,,,,,,,,10.0,Fase 8,0,,,,,
RA-1262,Fase 8,8D,Aluno-1262,2004,20,F,2021,Privada,2024,,,,,0.0,,,,,0.0,,,,,,,,10.0,Fase 8,0,,,,,
RA-1261,Fase 8,8D,Aluno-1261,2004,20,F,2021,Privada,2024,,,,,0.0,,,,,0.0,,,,,,,,10.0,Fase 8,0,,,,,
RA-1259,Fase 8,8D,Aluno-1259,2004,20,F,2021,Privada,2024,,,,,0.0,,,,,0.0,,,,,,,,10.0,Fase 8,0,,,,,
RA-1257,Fase 8,8D,Aluno-1257,2004,19,M,2021,Privada,2024,,,,,0.0,,,,,0.0,,,,,,,,10.0,Fase 8,0,,,,,
RA-1256,Fase 8,8D,Aluno-1256,2004,19,F,2021,Privada,2024,,,,,0.0,,,,,0.0,,,,,,,,10.0,Fase 8,0,,,,,
RA-1265,Fase 8,8D,Aluno-1265,2002,21,M,2022,Publica,2024,,,,,0.0,,,,,0.0,,,,,,,,10.0,Fase 8,0,,,,,
RA-1255,Fase 8,8D,Aluno-1255,2004,20,M,2021,Privada,2024,,,,,0.0,,,,,0.0,,,,,,,,10.0,Fase 8,0,,,,,
RA-13,Fase 8,8D,Aluno-13,2004,19,M,2021,Bolsista,2024,Ametista,Ametista,Agata,6.901589607843138,0.0,,,,,0.0,,,,,,,,10.0,Fase 8,0,,,,,
RA-1253,Fase 8,8D,Aluno-1253,1999,24,F,2021,Privada,2024,,,,,0.0,,,,,0.0,,,,,,,,10.0,Fase 8,0,,,,,
RA-1635,Fase 8,8D,Aluno-1635,2004,20,F,2021,Privada,2024,,,,,0.0,,,,,0.0,,,,,,,,10.0,Fase 8,0,,,,,
RA-1273,Fase 8,8E,Aluno-1273,2005,18,F,2023,Bolsista,2024,,,,,0.0,,,,,0.0,,,,,,,,10.0,Fase 8,0,,,,,
RA-14,Fase 8,8E,Aluno-14,2001,22,M,2022,Bolsista,2024,,,Agata,6.792708666666667,0.0,,,,,0.0,,,,,,,,10.0,Fase 8,0,,,,,
RA-1271,Fase 8,8E,Aluno-1271,2004,19,F,2021,Bolsista,2024,,,,,0.0,,,,,0.0,,,,,,,,10.0,Fase 8,0,,,,,
RA-1,Fase 8,8E,Aluno-1,2003,21,F,2021,Bolsista,2024,Ametista,Ametista,Quartzo,5.783132947712418,0.0,,,,,0.0,,,,,,,,10.0,Fase 8,0,,,,,
RA-1270,Fase 8,8E,Aluno-1270,2004,20,F,2021,Bolsista,2024,,,,,0.0,,,,,0.0,,,,,,,,10.0,Fase 8,0,,,,,
RA-1274,Fase 8,8E,Aluno-1274,2005,19,F,2021,Bolsista,2024,,,,,0.0,,,,,0.0,,,,,,,,10.0,Fase 8,0,,,,,
RA-23,Fase 8,8E,Aluno-23,2005,19,M,2021,Bolsista,2024,,Ametista,Ametista,7.676832382089068,0.0,,,,,0.0,,,,,,,,10.0,Fase 8,0,,,,,
RA-2,Fase 8,8E,Aluno-2,2005,19,F,2021,Bolsista,2024,Ametista,Ametista,Ametista,7.054851281182869,0.0,,,,,0.0,,,,,,,,10.0,Fase 8,0,,,,,
RA-25,Fase 8,8E,Aluno-25,2005,19,F,2021,Bolsista,2024,,Topazio,Ametista,7.979045229610685,0.0,,,,,0.0,,,,,,,,10.0,Fase 8,0,,,,,
RA-1272,Fase 8,8E,Aluno-1272,2004,20,F,2021,Bolsista,2024,,,,,0.0,,,,,0.0,,,,,,,,10.0,Fase 8,0,,,,,
RA-6,Fase 8,8E,Aluno-6,2004,20,F,2021,Bolsista,2024,,Agata,Quartzo,5.848312797385621,0.0,,,,,0.0,,,,,,,,10.0,Fase 8,0,,,,,
RA-29,Fase 8,8E,Aluno-29,2005,19,M,2022,Bolsista,2024,,,Quartzo,4.985248010595543,0.0,,,,,0.0,,,,,,,,10.0,Fase 8,0,,,,,
RA-17,Fase 8,8E,Aluno-17,2002,22,M,2022,Bolsista,2024,,,Topazio,8.0677095,0.0,,,,,0.0,,,,,,,,10.0,Fase 8,0,,,,,
RA-7,Fase 8,8E,Aluno-7,2004,20,M,2021,Bolsista,2024,Ametista,Ametista,Agata,6.818223705882353,0.0,,,,,0.0,,,,,,,,10.0,Fase 8,0,,,,,
RA-31,Fase 8,8E,Aluno-31,2005,19,F,2021,Bolsista,2024,Topazio,Topazio,Topazio,8.842987091787439,0.0,,,,,0.0,,,,,,,,10.0,Fase 8,0,,,,,
RA-1269,Fase 8,8E,Aluno-1269,2005,19,F,2021,Bolsista,2024,,,,,0.0,,,,,0.0,,,,,,,,10.0,Fase 8,0,,,,,
RA-12,Fase 8,8E,Aluno-12,2005,19,F,2021,Bolsista,2024,Agata,Agata,Quartzo,4.831948084967321,0.0,,,,,0.0,,,,,,,,10.0,Fase 8,0,,,,,
RA-35,Fase 8,8E,Aluno-35,2005,19,F,2021,Bolsista,2024,Ametista,Topazio,Topazio,8.96534820289855,0.0,,,,,0.0,,,,,,,,10.0,Fase 8,0,,,,,
RA-1636,Fase 8,8E,Aluno-1636,2004,20,F,2021,Privada,2024,,,,,0.0,,,,,0.0,,,,,,,,10.0,Fase 8,0,,,,,
RA-88,Fase 8,8E,Aluno-88,2005,19,M,2021,Bolsista,2024,,Ametista,Ametista,7.4984926759906765,0.0,,,,,0.0,,,,,,,,10.0,Fase 8,0,,,,,
RA-36,Fase 8,8E,Aluno-36,2005,19,F,2021,Bolsista,2024,Topazio,Ametista,Ametista,7.875768381520724,0.0,,,,,0.0,,,,,,,,10.0,Fase 8,0,,,,,
RA-21,Fase 8,8E,Aluno-21,2004,20,M,2022,Bolsista,2024,,,Agata,6.944792333333333,0.0,,,,,0.0,,,,,,,,10.0,Fase 8,0,,,,,
RA-49,Fase 8,8E,Aluno-49,2005,19,F,2022,Bolsista,2024,,,Agata,6.304434274042951,0.0,,,,,0.0,,,,,,,,10.0,Fase 8,0,,,,,
RA-1225,Fase 8,8F,Aluno-1225,2005,19,F,2021,Bolsista,2024,,,,,0.0,,,,,0.0,,,,,,,,10.0,Fase 8,0,,,,,
RA-1221,Fase 8,8F,Aluno-1221,2001,23,F,2023,Outros,2024,,,,,0.0,,,,,0.0,,8.0,7.0,7.0,10.0,,,10.0,Fase 8,0,,Topazio,,,
RA-26,Fase 8,8F,Aluno-26,2005,19,M,2022,Bolsista,2024,,,Topazio,8.676670333333334,0.0,,,,,0.0,,,,,,,,10.0,Fase 8,0,,,,,
RA-27,Fase 8,8F,Aluno-27,2006,18,M,2021,Bolsista,2024,Topazio,Ametista,Ametista,7.123577106726749,0.0,,,,,0.0,,,,,,,,10.0,Fase 8,0,,Ametista,,,
RA-155,Fase 8,8F,Aluno-155,2006,18,M,2022,Bolsista,2024,,,Ametista,7.051313529258098,0.0,,,,,0.0,,,,,,,,10.0,Fase 8,0,,Agata,,,
RA-96,Fase 8,8F,Aluno-96,2006,18,M,2021,Outros,2024,,Ametista,Ametista,7.539924757631258,0.0,,,,,0.0,,,,,,,,10.0,Fase 8,0,,Ametista,,,
RA-59,Fase 8,8F,Aluno-59,2005,19,M,2022,Bolsista,2024,,,Ametista,7.641655050108932,0.0,,,,,0.0,,,,,,,,10.0,Fase 8,0,,Ametista,,,
RA-1216,Fase 8,8F,Aluno-1216,2004,20,F,2023,Bolsista,2024,,,,,0.0,,,,,0.0,,,,,,,,10.0,Fase 8,0,,Ametista,,,
RA-19,Fase 8,8F,Aluno-19,2003,20,F,2022,Bolsista,2024,,,Ametista,7.665178904761905,0.0,,,,,0.0,,,,,,,,10.0,Fase 8,0,,Ametista,,,
RA-62,Fase 8,8F,Aluno-62,2005,18,F,2022,Bolsista,2024,,,Ametista,7.8914507164502155,0.0,,,,,0.0,,,,,,,,10.0,Fase 8,0,,Ametista,,,
RA-173,Fase 8,8F,Aluno-173,2005,18,M,2021,Bolsista,2024,Ametista,Ametista,Ametista,7.815768210526317,0.0,,,,,0.0,,,,,,,,10.0,Fase 8,0,,Ametista,,,
RA-38,Fase 8,8F,Aluno-38,2005,18,F,2021,Bolsista,2024,Ametista,Ametista,Topazio,8.523222128427129,0.0,,,,,0.0,,,,,,,,10.0,Fase 8,0,,Topazio,,,
RA-1224,Fase 8,8F,Aluno-1224,2003,21,M,2023,Outros,2024,,,,,0.0,,,,,0.0,,,,,,,,10.0,Fase 8,0,,Ametista,,,
RA-39,Fase 8,8F,Aluno-39,2006,18,F,2021,Bolsista,2024,Ametista,Ametista,Agata,6.032563917069858,0.0,,,,,0.0,,,,,,,,10.0,Fase 8,0,,Topazio,,,
RA-1637,Fase 8,9,Aluno-1637,2001,23,M,2021,Privada,2024,,,,,0.0,,,,,0.0,,,,,,,,10.0,Fase 8,1,,,,,
RA-1638,Fase 8,9,Aluno-1638,2002,22,F,2021,Bolsista,2024,,,,,0.0,,,,,0.0,,,,,,,,10.0,Fase 8,1,,,,,
RA-1268,Fase 8,9,Aluno-1268,2004,20,M,2021,Privada,2024,,,,,0.0,,,,,0.0,,,,,,,,10.0,Fase 8,1,,,,,
RA-1260,Fase 8,9,Aluno-1260,2004,20,M,2021,Privada,2024,,,,,0.0,,,,,0.0,,,,,,,,10.0,Fase 8,1,,,,,
RA-1639,Fase 8,9,Aluno-1639,2003,21,M,2021,Bolsista,2024,,,,,0.0,,,,,0.0,,,,,,,,10.0,Fase 8,1,,,,,
RA-1640,Fase 8,9,Aluno-1640,2001,23,F,2021,Privada,2024,,,,,0.0,,,,,0.0,,,,,,,,10.0,Fase 8,1,,,,,
RA-1641,Fase 8,9,Aluno-1641,2002,21,M,2021,Privada,2024,,,,,0.0,,,,,0.0,,,,,,,,10.0,Fase 8,1,,,,,
RA-1266,Fase 8,9,Aluno-1266,2004,20,F,2021,Privada,2024,,,,,0.0,,,,,0.0,,,,,,,,10.0,Fase 8,1,,,,,
RA-1642,Fase 8,9,Aluno-1642,2001,23,M,2021,Bolsista,2024,,,,,0.0,,,,,0.0,,,,,,,,10.0,Fase 8,1,,,,,
RA-1258,Fase 8,9,Aluno-1258,1998,25,M,2021,Privada,2024,,,,,0.0,,,,,0.0,,,,,,,,10.0,Fase 8,1,,,,,
RA-1235,Fase 8,9,Aluno-1235,2002,22,M,2021,Privada,2024,,,,,0.0,,,,,0.0,,,,,,,,10.0,Fase 8,1,,,,,
RA-1643,Fase 8,9,Aluno-1643,2002,22,M,2021,Privada,2024,,,,,0.0,,,,,0.0,,,,,,,,10.0,Fase 8,1,,,,,
RA-1644,Fase 8,9,Aluno-1644,2003,21,M,2021,Bolsista,2024,,,,,0.0,,,,,0.0,,,,,,,,10.0,Fase 8,1,,,,,
RA-1645,Fase 8,9,Aluno-1645,2001,23,M,2021,Privada,2024,,,,,0.0,,,,,0.0,,,,,,,,10.0,Fase 8,1,,,,,
RA-1646,Fase 8,9,Aluno-1646,2003,21,M,2021,Bolsista,2024,,,,,0.0,,,,,0.0,,,,,,,,10.0,Fase 8,1,,,,,
RA-1647,Fase 8,9,Aluno-1647,2002,22,F,2021,Privada,2024,,,,,0.0,,,,,0.0,,,,,,,,10.0,Fase 8,1,,,,,
RA-1237,Fase 8,9,Aluno-1237,2002,22,F,2021,Bolsista,2024,,,,,0.0,,,,,0.0,,,,,,,,10.0,Fase 8,1,,,,,
RA-1648,Fase 8,9,Aluno-1648,2002,22,M,2021,Bolsista,2024,,,,,0.0,,,,,0.0,,,,,,,,10.0,Fase 8,1,,,,,
RA-1649,Fase 8,9,Aluno-1649,2001,23,M,2021,Privada,2024,,,,,0.0,,,,,0.0,,,,,,,,10.0,Fase 8,1,,,,,
RA-1650,Fase 8,9,Aluno-1650,2002,22,M,2021,Privada,2024,,,,,0.0,,,,,0.0,,,,,,,,10.0,Fase 8,1,,,,,
RA-1651,Fase 8,9,Aluno-1651,2002,22,M,2021,Bolsista,2024,,,,,0.0,,,,,0.0,,,,,,,,10.0,Fase 8,1,,,,,
RA-1652,Fase 8,9,Aluno-1652,2002,22,F,2021,Privada,2024,,,,,0.0,,,,,0.0,,,,,,,,10.0,Fase 8,1,,,,,
RA-1653,Fase 8,9,Aluno-1653,2003,20,M,2021,Bolsista,2024,,,,,0.0,,,,,0.0,,,,,,,,10.0,Fase 8,1,,,,,
RA-1654,Fase 8,9,Aluno-1654,2002,22,M,2021,Bolsista,2024,,,,,0.0,,,,,0.0,,,,,,,,10.0,Fase 8,1,,,,,
RA-1655,Fase 8,9,Aluno-1655,2003,21,F,2022,Privada,2024,,,,,0.0,,,,,0.0,,,,,,,,10.0,Fase 8,1,,,,,
RA-1656,Fase 8,9,Aluno-1656,2002,22,M,2021,Privada,2024,,,,,0.0,,,,,0.0,,,,,,,,10.0,Fase 8,1,,,,,
RA-1254,Fase 8,9,Aluno-1254,2003,20,M,2021,Privada,2024,,,,,0.0,,,,,0.0,,,,,,,,10.0,Fase 8,1,,,,,
RA-1233,Fase 8,9,Aluno-1233,2001,23,F,2021,Privada,2024,,,,,0.0,,,,,0.0,,,,,,,,10.0,Fase 8,1,,,,,
RA-1232,Fase 8,9,Aluno-1232,2002,22,M,2021,Privada,2024,,,,,0.0,,,,,0.0,,,,,,,,10.0,Fase 8,1,,,,,
RA-1231,Fase 8,9,Aluno-1231,2001,23,M,2021,Privada,2024,,,,,0.0,,,,,0.0,,,,,,,,10.0,Fase 8,1,,,,,
RA-1238,Fase 8,9,Aluno-1238,2002,22,F,2021,Privada,2024,,,,,0.0,,,,,0.0,,,,,,,,10.0,Fase 8,1,,,,,
RA-1267,Fase 8,9,Aluno-1267,2001,23,F,2021,Privada,2024,,,,,0.0,,,,,0.0,,,,,,,,10.0,Fase 8,1,,,,,
RA-1657,Fase 8,9,Aluno-1657,2003,20,M,2021,Bolsista,2024,,,,,0.0,,,,,0.0,,,,,,,,10.0,Fase 8,1,,,,,
RA-1658,Fase 8,9,Aluno-1658,2002,21,M,2021,Privada,2024,,,,,0.0,,,,,0.0,,,,,,,,10.0,Fase 8,1,,,,,
RA-1659,Fase 8,9,Aluno-1659,2003,21,M,2021,Bolsista,2024,,,,,0.0,,,,,0.0,,,,,,,,10.0,Fase 8,1,,,,,
RA-1252,Fase 8,9,Aluno-1252,2002,22,F,2021,Privada,2024,,,,,0.0,,,,,0.0,,,,,,,,10.0,Fase 8,1,,,,,
RA-1660,Fase 8,9,Aluno-1660,2000,24,F,2021,Bolsista,2024,,,,,0.0,,,,,0.0,,,,,,,,10.0,Fase 8,1,,,,,
RA-1661,Fase 8,9,Aluno-1661,2003,21,F,2021,Bolsista,2024,,,,,0.0,,,,,0.0,,,,,,,,10.0,Fase 8,1,,,,,
